stage,team_a,team_b,matchup_count,matchup_probability,team_a_wins,team_b_wins,team_a_win_probability,team_b_win_probability,n_sims
round_of_32,Morocco,Netherlands,42171,0.42171,18113,24058,0.42951317255934174,0.5704868274406583,100000
round_of_32,Austria,Spain,39710,0.3971,8227,31483,0.20717703349282296,0.792822966507177,100000
round_of_32,Brazil,Netherlands,39354,0.39354,21518,17836,0.5467805051583067,0.4532194948416933,100000
round_of_32,South Korea,Switzerland,37372,0.37372,17568,19804,0.4700845552820293,0.5299154447179707,100000
round_of_32,Australia,Belgium,35605,0.35605,16154,19451,0.45370032298834434,0.5462996770116557,100000
round_of_32,Argentina,Cape Verde,32671,0.32671,30374,2297,0.9296929999081754,0.07030700009182456,100000
round_of_32,Japan,Morocco,32546,0.32546,16631,15915,0.5109998156455479,0.48900018435445214,100000
round_of_32,Mexico,Sweden,31352,0.31352,22218,9134,0.708662924215361,0.29133707578463897,100000
round_of_32,Brazil,Japan,29414,0.29414,17734,11680,0.6029101788264092,0.3970898211735908,100000
round_of_32,Argentina,Spain,29355,0.29355,15210,14145,0.5181400102197241,0.48185998978027594,100000
round_of_32,Bosnia and Herzegovina,Germany,27552,0.27552,3808,23744,0.13821138211382114,0.8617886178861789,100000
round_of_32,France,Ivory Coast,26881,0.26881,21995,4886,0.8182359287228897,0.18176407127711022,100000
round_of_32,Ivory Coast,Norway,25553,0.25553,11158,14395,0.4366610574100888,0.5633389425899111,100000
round_of_32,Canada,South Korea,22754,0.22754,10631,12123,0.46721455568251735,0.5327854443174826,100000
round_of_32,France,Scotland,20431,0.20431,17276,3155,0.8455777984435416,0.15442220155645833,100000
round_of_32,Norway,Scotland,20349,0.20349,12194,8155,0.5992432060543516,0.40075679394564845,100000
round_of_32,Colombia,Ghana,20173,0.20173,17453,2720,0.8651663114063352,0.1348336885936648,100000
round_of_32,Sweden,United States,18858,0.18858,7133,11725,0.3782479584261321,0.6217520415738679,100000
round_of_32,Germany,South Korea,18630,0.1863,12501,6129,0.6710144927536232,0.3289855072463768,100000
round_of_32,Ghana,Portugal,18428,0.18428,2471,15957,0.1340894291295854,0.8659105708704146,100000
round_of_32,Ecuador,Mexico,18254,0.18254,8651,9603,0.4739235236112633,0.5260764763887367,100000
round_of_32,Bosnia and Herzegovina,United States,18090,0.1809,4167,13923,0.23034825870646766,0.7696517412935323,100000
round_of_32,Germany,Qatar,18039,0.18039,16132,1907,0.8942846055768058,0.10571539442319419,100000
round_of_32,Argentina,Saudi Arabia,17233,0.17233,15798,1435,0.9167295305518482,0.08327046944815181,100000
round_of_32,Czechia,Germany,16679,0.16679,3775,12904,0.22633251393968462,0.7736674860603153,100000
round_of_32,Colombia,Croatia,16076,0.16076,9337,6739,0.5808036825080866,0.4191963174919134,100000
round_of_32,Belgium,Paraguay,15676,0.15676,10039,5637,0.6404057157438122,0.3595942842561878,100000
round_of_32,Austria,Cape Verde,15639,0.15639,11810,3829,0.755163373617239,0.24483662638276105,100000
round_of_32,Australia,New Zealand,15637,0.15637,11185,4452,0.7152906567755963,0.28470934322440367,100000
round_of_32,Netherlands,Scotland,15532,0.15532,11773,3759,0.757983517898532,0.24201648210146795,100000
round_of_32,England,Portugal,15346,0.15346,8845,6501,0.5763716929493028,0.42362830705069726,100000
round_of_32,Ivory Coast,Mexico,15223,0.15223,4568,10655,0.30007225908165275,0.6999277409183472,100000
round_of_32,DR Congo,England,14438,0.14438,2116,12322,0.1465576949716027,0.8534423050283972,100000
round_of_32,Senegal,United States,14288,0.14288,6963,7325,0.4873320268756999,0.5126679731243001,100000
round_of_32,DR Congo,Ghana,14063,0.14063,8570,5493,0.6094005546469459,0.39059944535305413,100000
round_of_32,Austria,Uruguay,14010,0.1401,6255,7755,0.4464668094218415,0.5535331905781584,100000
round_of_32,Croatia,Portugal,13969,0.13969,5641,8328,0.4038227503758322,0.5961772496241678,100000
round_of_32,Canada,Iran,13455,0.13455,6310,7145,0.46897064288368634,0.5310293571163136,100000
round_of_32,Egypt,Uruguay,13268,0.13268,4573,8695,0.3446638528791076,0.6553361471208924,100000
round_of_32,South Africa,Switzerland,12813,0.12813,3040,9773,0.23725903379380317,0.7627409662061968,100000
round_of_32,Japan,Mexico,12791,0.12791,6336,6455,0.4953482917676491,0.5046517082323508,100000
round_of_32,Morocco,Sweden,12509,0.12509,8676,3833,0.6935806219521944,0.30641937804780556,100000
round_of_32,Brazil,Sweden,12370,0.1237,9626,2744,0.7781729991915926,0.22182700080840745,100000
round_of_32,Colombia,England,12353,0.12353,5040,7313,0.4079980571521088,0.5920019428478912,100000
round_of_32,Algeria,Spain,12249,0.12249,2101,10148,0.17152420605763735,0.8284757939423626,100000
round_of_32,Colombia,Panama,11880,0.1188,8669,3211,0.7297138047138048,0.2702861952861953,100000
round_of_32,Qatar,United States,11870,0.1187,2195,9675,0.18491996630160068,0.8150800336983993,100000
round_of_32,Argentina,Uruguay,11486,0.11486,8986,2500,0.7823437227929654,0.21765627720703465,100000
round_of_32,England,Uzbekistan,11486,0.11486,9385,2101,0.817081664635208,0.18291833536479193,100000
round_of_32,Japan,Scotland,11446,0.11446,8130,3316,0.710291804997379,0.289708195002621,100000
round_of_32,Australia,Egypt,11188,0.11188,6772,4416,0.6052913836253129,0.3947086163746872,100000
round_of_32,Colombia,Paraguay,11029,0.11029,7847,3182,0.7114878955481004,0.28851210445189956,100000
round_of_32,Croatia,DR Congo,9701,0.09701,7279,2422,0.7503350170085559,0.24966498299144418,100000
round_of_32,Ivory Coast,Senegal,9266,0.09266,3733,5533,0.40287071012303044,0.5971292898769696,100000
round_of_32,Jordan,Spain,9207,0.09207,1066,8141,0.1157814706201803,0.8842185293798197,100000
round_of_32,Ghana,Uzbekistan,9112,0.09112,2964,6148,0.32528533801580334,0.6747146619841967,100000
round_of_32,Canada,Egypt,8775,0.08775,4867,3908,0.5546438746438747,0.44535612535612534,100000
round_of_32,Iraq,United States,8674,0.08674,2322,6352,0.26769656444546924,0.7323034355545308,100000
round_of_32,Curaçao,Mexico,8671,0.08671,973,7698,0.1122131242071272,0.8877868757928727,100000
round_of_32,Panama,Portugal,8455,0.08455,2172,6283,0.25688941454760494,0.7431105854523951,100000
round_of_32,Cape Verde,Egypt,8429,0.08429,2834,5595,0.33622019219361726,0.6637798078063827,100000
round_of_32,Curaçao,France,8143,0.08143,494,7649,0.06066560235785337,0.9393343976421467,100000
round_of_32,Iran,Switzerland,8122,0.08122,3762,4360,0.46318640728884514,0.5368135927111549,100000
round_of_32,Brazil,France,7996,0.07996,3398,4598,0.4249624812406203,0.5750375187593797,100000
round_of_32,Canada,South Africa,7922,0.07922,5586,2336,0.7051249684423125,0.29487503155768746,100000
round_of_32,Brazil,Norway,7914,0.07914,5701,2213,0.7203689663886783,0.2796310336113217,100000
round_of_32,Japan,United States,7847,0.07847,4653,3194,0.5929654645087294,0.40703453549127055,100000
round_of_32,England,Jordan,7687,0.07687,6470,1217,0.8416807597242097,0.1583192402757903,100000
round_of_32,Curaçao,Norway,7658,0.07658,1428,6230,0.18647166361974407,0.8135283363802559,100000
round_of_32,Algeria,England,7607,0.07607,1842,5765,0.24214539240173524,0.7578546075982647,100000
round_of_32,Germany,Scotland,7556,0.07556,5772,1784,0.7638962413975648,0.23610375860243515,100000
round_of_32,Austria,Saudi Arabia,7449,0.07449,5421,2028,0.7277486910994765,0.27225130890052357,100000
round_of_32,Czechia,Switzerland,7135,0.07135,2445,4690,0.34267694463910303,0.657323055360897,100000
round_of_32,New Zealand,Paraguay,7067,0.07067,2537,4530,0.3589925003537569,0.6410074996462432,100000
round_of_32,Australia,Iran,6867,0.06867,3764,3103,0.5481287316149701,0.45187126838502983,100000
round_of_32,Egypt,Senegal,6744,0.06744,2724,4020,0.40391459074733094,0.5960854092526691,100000
round_of_32,Belgium,Canada,6584,0.06584,3980,2604,0.6044957472660997,0.3955042527339004,100000
round_of_32,Austria,England,6546,0.06546,1843,4703,0.2815459822792545,0.7184540177207455,100000
round_of_32,Germany,South Africa,6269,0.06269,5322,947,0.8489392247567396,0.15106077524326048,100000
round_of_32,Australia,Colombia,6139,0.06139,2231,3908,0.3634142368463919,0.636585763153608,100000
round_of_32,Norway,United States,5831,0.05831,2614,3217,0.44829360315554795,0.5517063968444521,100000
round_of_32,Croatia,Uzbekistan,5827,0.05827,3977,1850,0.6825124420799725,0.3174875579200275,100000
round_of_32,DR Congo,Panama,5804,0.05804,2300,3504,0.39627842866988283,0.6037215713301172,100000
round_of_32,Egypt,Saudi Arabia,5758,0.05758,3607,2151,0.6264327891629038,0.3735672108370962,100000
round_of_32,Egypt,Spain,5699,0.05699,794,4905,0.13932268819091068,0.8606773118090894,100000
round_of_32,France,Morocco,5441,0.05441,3803,1638,0.6989523984561662,0.30104760154383386,100000
round_of_32,Egypt,Switzerland,5409,0.05409,2110,3299,0.3900905897578111,0.6099094102421889,100000
round_of_32,Morocco,Norway,5331,0.05331,3249,2082,0.6094541361845808,0.3905458638154192,100000
round_of_32,France,Paraguay,5313,0.05313,4350,963,0.818746470920384,0.18125352907961603,100000
round_of_32,Ecuador,France,5261,0.05261,1569,3692,0.29823227523284546,0.7017677247671545,100000
round_of_32,Norway,Paraguay,5219,0.05219,2819,2400,0.5401417896148687,0.45985821038513125,100000
round_of_32,Iraq,Ivory Coast,5107,0.05107,1865,3242,0.36518504014098296,0.634814959859017,100000
round_of_32,Egypt,Paraguay,5102,0.05102,2425,2677,0.4753038024304194,0.5246961975695805,100000
round_of_32,Ecuador,Norway,4905,0.04905,2948,1957,0.6010193679918451,0.3989806320081549,100000
round_of_32,Iran,Uruguay,4734,0.04734,1949,2785,0.4117025771018166,0.5882974228981833,100000
round_of_32,Mexico,Switzerland,4682,0.04682,2768,1914,0.5912003417343016,0.4087996582656984,100000
round_of_32,Scotland,Sweden,4658,0.04658,2269,2389,0.487118935165307,0.512881064834693,100000
round_of_32,France,United States,4490,0.0449,3399,1091,0.7570155902004454,0.24298440979955457,100000
round_of_32,Canada,Czechia,4470,0.0447,2682,1788,0.6,0.4,100000
round_of_32,Egypt,Jordan,4422,0.04422,2580,1842,0.5834464043419267,0.41655359565807326,100000
round_of_32,Canada,Ghana,4262,0.04262,3142,1120,0.7372125762552793,0.2627874237447208,100000
round_of_32,Algeria,Uruguay,4215,0.04215,1689,2526,0.400711743772242,0.599288256227758,100000
round_of_32,Algeria,Egypt,4192,0.04192,2339,1853,0.5579675572519084,0.4420324427480916,100000
round_of_32,Canada,New Zealand,4187,0.04187,2802,1385,0.6692142345354669,0.3307857654645331,100000
round_of_32,Colombia,Turkey,4116,0.04116,2626,1490,0.6379980563654033,0.3620019436345967,100000
round_of_32,Egypt,Iraq,4098,0.04098,2601,1497,0.6346998535871157,0.36530014641288433,100000
round_of_32,Belgium,Switzerland,4080,0.0408,2221,1859,0.5443627450980392,0.4556372549019608,100000
round_of_32,Canada,Croatia,3999,0.03999,1527,2472,0.3818454613653413,0.6181545386346586,100000
round_of_32,Paraguay,Portugal,3876,0.03876,1074,2802,0.2770897832817337,0.7229102167182663,100000
round_of_32,Colombia,Portugal,3731,0.03731,1790,1941,0.4797641383007237,0.5202358616992764,100000
round_of_32,England,Senegal,3705,0.03705,2671,1034,0.7209176788124156,0.27908232118758436,100000
round_of_32,Colombia,DR Congo,3602,0.03602,2328,1274,0.6463076068850638,0.35369239311493617,100000
round_of_32,Austria,Egypt,3567,0.03567,2146,1421,0.6016260162601627,0.3983739837398374,100000
round_of_32,Cape Verde,Iran,3276,0.03276,894,2382,0.27289377289377287,0.7271062271062271,100000
round_of_32,Panama,Uzbekistan,3201,0.03201,1692,1509,0.528584817244611,0.47141518275538896,100000
round_of_32,Iran,Paraguay,3148,0.03148,1793,1355,0.5695679796696315,0.4304320203303685,100000
round_of_32,Jordan,Uruguay,3083,0.03083,857,2226,0.27797599740512485,0.7220240025948751,100000
round_of_32,Argentina,England,2866,0.02866,1762,1104,0.6147941381716678,0.38520586182833216,100000
round_of_32,Canada,Mexico,2852,0.02852,1002,1850,0.35133239831697055,0.6486676016830295,100000
round_of_32,Canada,Sweden,2843,0.02843,1556,1287,0.5473091804431938,0.4526908195568062,100000
round_of_32,Curaçao,Senegal,2830,0.0283,498,2332,0.17597173144876324,0.8240282685512368,100000
round_of_32,Colombia,Uzbekistan,2829,0.02829,1826,1003,0.6454577589254153,0.35454224107458465,100000
round_of_32,Australia,Norway,2819,0.02819,1581,1238,0.5608371763036538,0.43916282369634624,100000
round_of_32,Canada,Panama,2810,0.0281,1541,1269,0.5483985765124555,0.4516014234875445,100000
round_of_32,Egypt,Norway,2796,0.02796,1197,1599,0.4281115879828326,0.5718884120171673,100000
round_of_32,Australia,France,2764,0.02764,635,2129,0.229739507959479,0.7702604920405209,100000
round_of_32,Ghana,Switzerland,2723,0.02723,555,2168,0.20381931692985678,0.7961806830701432,100000
round_of_32,France,Sweden,2704,0.02704,2271,433,0.8398668639053254,0.16013313609467456,100000
round_of_32,Canada,Paraguay,2675,0.02675,1423,1252,0.53196261682243,0.4680373831775701,100000
round_of_32,Norway,Sweden,2619,0.02619,1556,1063,0.5941198930889653,0.40588010691103477,100000
round_of_32,Jordan,United States,2555,0.02555,816,1739,0.3193737769080235,0.6806262230919765,100000
round_of_32,Algeria,United States,2536,0.02536,1125,1411,0.4436119873817035,0.5563880126182965,100000
round_of_32,Iran,Senegal,2530,0.0253,1210,1320,0.4782608695652174,0.5217391304347826,100000
round_of_32,New Zealand,Switzerland,2512,0.02512,714,1798,0.28423566878980894,0.7157643312101911,100000
round_of_32,South Korea,Sweden,2499,0.02499,1492,1007,0.5970388155262105,0.40296118447378954,100000
round_of_32,Brazil,Germany,2471,0.02471,1325,1146,0.5362201537838932,0.46377984621610685,100000
round_of_32,Iran,Jordan,2457,0.02457,1604,853,0.6528286528286529,0.3471713471713472,100000
round_of_32,Algeria,Iran,2443,0.02443,1194,1249,0.48874334834220223,0.5112566516577978,100000
round_of_32,Iran,Saudi Arabia,2406,0.02406,1726,680,0.7173732335827099,0.2826267664172901,100000
round_of_32,Ghana,Jordan,2394,0.02394,861,1533,0.35964912280701755,0.6403508771929824,100000
round_of_32,Croatia,Switzerland,2315,0.02315,1265,1050,0.5464362850971922,0.4535637149028078,100000
round_of_32,Iran,Spain,2289,0.02289,426,1863,0.18610747051114024,0.8138925294888598,100000
round_of_32,Algeria,Ghana,2273,0.02273,1702,571,0.7487901451825781,0.2512098548174219,100000
round_of_32,Australia,Portugal,2208,0.02208,780,1428,0.3532608695652174,0.6467391304347826,100000
round_of_32,Austria,United States,2206,0.02206,1096,1110,0.4968268359020852,0.5031731640979148,100000
round_of_32,DR Congo,Portugal,2204,0.02204,879,1325,0.3988203266787659,0.6011796733212341,100000
round_of_32,Egypt,France,2159,0.02159,394,1765,0.1824918943955535,0.8175081056044465,100000
round_of_32,England,Iraq,2136,0.02136,1867,269,0.8740636704119851,0.12593632958801498,100000
round_of_32,Austria,Iran,2035,0.02035,1058,977,0.5199017199017198,0.4800982800982801,100000
round_of_32,Austria,Ghana,1963,0.01963,1571,392,0.8003056546102904,0.19969434538970962,100000
round_of_32,DR Congo,Paraguay,1895,0.01895,751,1144,0.39630606860158313,0.6036939313984169,100000
round_of_32,Ecuador,Senegal,1796,0.01796,1035,761,0.5762806236080178,0.4237193763919822,100000
round_of_32,Canada,DR Congo,1794,0.01794,1162,632,0.6477146042363434,0.35228539576365664,100000
round_of_32,Sweden,Switzerland,1779,0.01779,671,1108,0.37717818999437885,0.6228218100056211,100000
round_of_32,Norway,Turkey,1737,0.01737,803,934,0.46229130685089237,0.5377086931491076,100000
round_of_32,Paraguay,Switzerland,1716,0.01716,707,1009,0.412004662004662,0.587995337995338,100000
round_of_32,Panama,Switzerland,1709,0.01709,687,1022,0.40198946752486836,0.5980105324751317,100000
round_of_32,France,Turkey,1701,0.01701,1282,419,0.7536743092298648,0.24632569077013522,100000
round_of_32,Germany,Morocco,1666,0.01666,946,720,0.5678271308523409,0.43217286914765907,100000
round_of_32,England,Norway,1660,0.0166,1254,406,0.755421686746988,0.24457831325301205,100000
round_of_32,Egypt,England,1640,0.0164,328,1312,0.2,0.8,100000
round_of_32,Canada,Portugal,1585,0.01585,498,1087,0.3141955835962145,0.6858044164037855,100000
round_of_32,Curaçao,Iraq,1572,0.01572,548,1024,0.3486005089058524,0.6513994910941476,100000
round_of_32,Argentina,Egypt,1521,0.01521,1319,202,0.8671926364234056,0.13280736357659434,100000
round_of_32,England,Ghana,1489,0.01489,1012,477,0.6796507723304231,0.3203492276695769,100000
round_of_32,Portugal,Uzbekistan,1481,0.01481,950,531,0.6414584740040513,0.3585415259959487,100000
round_of_32,Portugal,Turkey,1449,0.01449,934,515,0.6445824706694272,0.3554175293305728,100000
round_of_32,Mexico,Netherlands,1425,0.01425,636,789,0.4463157894736842,0.5536842105263158,100000
round_of_32,Ecuador,South Korea,1422,0.01422,856,566,0.6019690576652602,0.3980309423347398,100000
round_of_32,Mexico,Uruguay,1395,0.01395,764,631,0.5476702508960574,0.45232974910394264,100000
round_of_32,Australia,Canada,1358,0.01358,760,598,0.5596465390279823,0.44035346097201766,100000
round_of_32,Cape Verde,Jordan,1356,0.01356,564,792,0.415929203539823,0.584070796460177,100000
round_of_32,Iran,Iraq,1337,0.01337,947,390,0.7083021690351533,0.2916978309648467,100000
round_of_32,Algeria,Cape Verde,1331,0.01331,981,350,0.7370398196844478,0.26296018031555224,100000
round_of_32,Iran,Norway,1242,0.01242,603,639,0.4855072463768116,0.5144927536231884,100000
round_of_32,Japan,Norway,1213,0.01213,770,443,0.6347897774113768,0.36521022258862323,100000
round_of_32,Canada,England,1204,0.01204,309,895,0.25664451827242524,0.7433554817275747,100000
round_of_32,England,France,1165,0.01165,507,658,0.4351931330472103,0.5648068669527897,100000
round_of_32,France,Japan,1162,0.01162,802,360,0.6901893287435457,0.3098106712564544,100000
round_of_32,DR Congo,Switzerland,1157,0.01157,327,830,0.28262748487467587,0.7173725151253241,100000
round_of_32,Egypt,Iran,1146,0.01146,618,528,0.5392670157068062,0.4607329842931937,100000
round_of_32,Japan,South Korea,1128,0.01128,697,431,0.6179078014184397,0.3820921985815603,100000
round_of_32,Canada,Uzbekistan,1104,0.01104,656,448,0.5942028985507246,0.4057971014492754,100000
round_of_32,Cape Verde,Mexico,1086,0.01086,198,888,0.18232044198895028,0.8176795580110497,100000
round_of_32,England,Iran,1050,0.0105,752,298,0.7161904761904762,0.2838095238095238,100000
round_of_32,Australia,DR Congo,1049,0.01049,750,299,0.7149666348903718,0.28503336510962823,100000
round_of_32,Ecuador,Iraq,1028,0.01028,784,244,0.7626459143968871,0.23735408560311283,100000
round_of_32,Ghana,Senegal,1023,0.01023,219,804,0.21407624633431085,0.7859237536656891,100000
round_of_32,Canada,Colombia,989,0.00989,321,668,0.32457027300303337,0.6754297269969667,100000
round_of_32,Ivory Coast,South Korea,983,0.00983,406,577,0.41302136317395727,0.5869786368260427,100000
round_of_32,Portugal,Switzerland,976,0.00976,605,371,0.6198770491803278,0.3801229508196721,100000
round_of_32,Argentina,United States,971,0.00971,770,201,0.7929969104016478,0.2070030895983522,100000
round_of_32,Canada,Turkey,959,0.00959,444,515,0.4629822732012513,0.5370177267987487,100000
round_of_32,Canada,Japan,937,0.00937,327,610,0.3489861259338314,0.6510138740661686,100000
round_of_32,England,Paraguay,921,0.00921,706,215,0.7665580890336591,0.23344191096634093,100000
round_of_32,France,Iran,916,0.00916,706,210,0.7707423580786026,0.2292576419213974,100000
round_of_32,Argentina,Iran,911,0.00911,764,147,0.8386388583973655,0.16136114160263446,100000
round_of_32,Belgium,Uruguay,911,0.00911,470,441,0.5159165751920965,0.4840834248079034,100000
round_of_32,Australia,Switzerland,887,0.00887,442,445,0.4983089064261556,0.5016910935738444,100000
round_of_32,Netherlands,United States,870,0.0087,575,295,0.6609195402298851,0.3390804597701149,100000
round_of_32,Croatia,England,839,0.00839,371,468,0.44219308700834326,0.5578069129916567,100000
round_of_32,Argentina,Ghana,816,0.00816,775,41,0.9497549019607843,0.05024509803921569,100000
round_of_32,France,Haiti,815,0.00815,757,58,0.9288343558282208,0.07116564417177915,100000
round_of_32,Egypt,Ghana,811,0.00811,567,244,0.6991368680641183,0.3008631319358816,100000
round_of_32,England,Switzerland,786,0.00786,545,241,0.693384223918575,0.30661577608142493,100000
round_of_32,Algeria,Canada,785,0.00785,403,382,0.513375796178344,0.48662420382165605,100000
round_of_32,Mexico,Spain,781,0.00781,227,554,0.2906530089628681,0.7093469910371318,100000
round_of_32,Haiti,Norway,775,0.00775,158,617,0.20387096774193547,0.7961290322580645,100000
round_of_32,Mexico,Saudi Arabia,751,0.00751,619,132,0.8242343541944075,0.17576564580559254,100000
round_of_32,Canada,Jordan,725,0.00725,466,259,0.6427586206896552,0.35724137931034483,100000
round_of_32,DR Congo,Uzbekistan,701,0.00701,329,372,0.4693295292439372,0.5306704707560628,100000
round_of_32,England,New Zealand,694,0.00694,584,110,0.8414985590778098,0.1585014409221902,100000
round_of_32,Curaçao,South Korea,691,0.00691,142,549,0.20549927641099855,0.7945007235890015,100000
round_of_32,Croatia,Ghana,686,0.00686,453,233,0.6603498542274052,0.3396501457725947,100000
round_of_32,DR Congo,Turkey,662,0.00662,205,457,0.30966767371601206,0.6903323262839879,100000
round_of_32,Scotland,Senegal,660,0.0066,264,396,0.4,0.6,100000
round_of_32,Switzerland,Uzbekistan,654,0.00654,418,236,0.6391437308868502,0.36085626911314983,100000
round_of_32,Austria,Canada,649,0.00649,351,298,0.5408320493066255,0.4591679506933744,100000
round_of_32,Paraguay,Uzbekistan,639,0.00639,371,268,0.5805946791862285,0.4194053208137715,100000
round_of_32,Belgium,Cape Verde,633,0.00633,497,136,0.7851500789889415,0.21484992101105846,100000
round_of_32,Ghana,Iraq,623,0.00623,283,340,0.45425361155698235,0.5457463884430177,100000
round_of_32,England,Panama,618,0.00618,418,200,0.6763754045307443,0.32362459546925565,100000
round_of_32,Japan,Switzerland,606,0.00606,367,239,0.6056105610561056,0.3943894389438944,100000
round_of_32,Colombia,Switzerland,577,0.00577,354,223,0.6135181975736569,0.38648180242634317,100000
round_of_32,Colombia,Iran,562,0.00562,368,194,0.6548042704626335,0.34519572953736655,100000
round_of_32,Belgium,England,557,0.00557,187,370,0.3357271095152603,0.6642728904847397,100000
round_of_32,Switzerland,Turkey,535,0.00535,292,243,0.5457943925233645,0.4542056074766355,100000
round_of_32,Jordan,Saudi Arabia,533,0.00533,303,230,0.5684803001876173,0.43151969981238275,100000
round_of_32,DR Congo,Egypt,527,0.00527,226,301,0.428842504743833,0.571157495256167,100000
round_of_32,Egypt,Portugal,513,0.00513,140,373,0.2729044834307992,0.7270955165692008,100000
round_of_32,Colombia,Egypt,493,0.00493,370,123,0.7505070993914807,0.24949290060851928,100000
round_of_32,Belgium,Jordan,479,0.00479,341,138,0.7118997912317327,0.2881002087682672,100000
round_of_32,Algeria,Saudi Arabia,473,0.00473,319,154,0.6744186046511628,0.32558139534883723,100000
round_of_32,Belgium,Senegal,470,0.0047,268,202,0.5702127659574469,0.4297872340425532,100000
round_of_32,Belgium,Spain,465,0.00465,125,340,0.26881720430107525,0.7311827956989247,100000
round_of_32,Ghana,Norway,460,0.0046,100,360,0.21739130434782608,0.782608695652174,100000
round_of_32,Jordan,Switzerland,457,0.00457,138,319,0.30196936542669583,0.6980306345733042,100000
round_of_32,Ghana,Iran,445,0.00445,102,343,0.2292134831460674,0.7707865168539326,100000
round_of_32,Belgium,Egypt,439,0.00439,238,201,0.5421412300683371,0.45785876993166286,100000
round_of_32,Algeria,Croatia,437,0.00437,179,258,0.4096109839816934,0.5903890160183066,100000
round_of_32,Ghana,Panama,429,0.00429,176,253,0.41025641025641024,0.5897435897435898,100000
round_of_32,Iraq,Scotland,425,0.00425,175,250,0.4117647058823529,0.5882352941176471,100000
round_of_32,Iran,New Zealand,418,0.00418,201,217,0.48086124401913877,0.5191387559808612,100000
round_of_32,Belgium,Saudi Arabia,415,0.00415,321,94,0.7734939759036145,0.22650602409638554,100000
round_of_32,Austria,Belgium,412,0.00412,179,233,0.4344660194174757,0.5655339805825242,100000
round_of_32,Croatia,Egypt,411,0.00411,266,145,0.6472019464720195,0.35279805352798055,100000
round_of_32,Algeria,Switzerland,407,0.00407,191,216,0.4692874692874693,0.5307125307125307,100000
round_of_32,Algeria,Belgium,403,0.00403,167,236,0.4143920595533499,0.5856079404466501,100000
round_of_32,Germany,Haiti,396,0.00396,351,45,0.8863636363636364,0.11363636363636363,100000
round_of_32,England,Japan,388,0.00388,253,135,0.6520618556701031,0.3479381443298969,100000
round_of_32,Austria,Croatia,375,0.00375,170,205,0.4533333333333333,0.5466666666666666,100000
round_of_32,Austria,Switzerland,374,0.00374,159,215,0.42513368983957217,0.5748663101604278,100000
round_of_32,Croatia,Jordan,365,0.00365,263,102,0.7205479452054795,0.27945205479452057,100000
round_of_32,Australia,Uzbekistan,351,0.00351,214,137,0.6096866096866097,0.3903133903133903,100000
round_of_32,Algeria,Panama,350,0.0035,182,168,0.52,0.48,100000
round_of_32,Iran,Portugal,350,0.0035,125,225,0.35714285714285715,0.6428571428571429,100000
round_of_32,Jordan,Panama,350,0.0035,145,205,0.4142857142857143,0.5857142857142857,100000
round_of_32,England,Sweden,338,0.00338,280,58,0.8284023668639053,0.17159763313609466,100000
round_of_32,France,Ghana,328,0.00328,304,24,0.926829268292683,0.07317073170731707,100000
round_of_32,Colombia,Jordan,320,0.0032,249,71,0.778125,0.221875,100000
round_of_32,Ghana,Paraguay,317,0.00317,94,223,0.29652996845425866,0.7034700315457413,100000
round_of_32,DR Congo,Iran,311,0.00311,107,204,0.3440514469453376,0.6559485530546624,100000
round_of_32,Germany,Paraguay,306,0.00306,210,96,0.6862745098039216,0.3137254901960784,100000
round_of_32,Algeria,Colombia,303,0.00303,106,197,0.34983498349834985,0.6501650165016502,100000
round_of_32,Austria,Panama,300,0.003,193,107,0.6433333333333333,0.3566666666666667,100000
round_of_32,Austria,Colombia,292,0.00292,85,207,0.2910958904109589,0.708904109589041,100000
round_of_32,Brazil,Senegal,290,0.0029,212,78,0.7310344827586207,0.2689655172413793,100000
round_of_32,Mexico,Senegal,285,0.00285,163,122,0.5719298245614035,0.4280701754385965,100000
round_of_32,Egypt,Panama,253,0.00253,127,126,0.5019762845849802,0.4980237154150198,100000
round_of_32,Turkey,Uzbekistan,252,0.00252,158,94,0.626984126984127,0.373015873015873,100000
round_of_32,Belgium,Iraq,248,0.00248,178,70,0.717741935483871,0.28225806451612906,100000
round_of_32,Belgium,Norway,242,0.00242,154,88,0.6363636363636364,0.36363636363636365,100000
round_of_32,Belgium,Colombia,241,0.00241,114,127,0.4730290456431535,0.5269709543568465,100000
round_of_32,Argentina,Canada,226,0.00226,196,30,0.8672566371681416,0.13274336283185842,100000
round_of_32,Paraguay,Senegal,215,0.00215,86,129,0.4,0.6,100000
round_of_32,Egypt,Uzbekistan,208,0.00208,106,102,0.5096153846153846,0.49038461538461536,100000
round_of_32,South Korea,Uruguay,200,0.002,83,117,0.415,0.585,100000
round_of_32,Belgium,France,195,0.00195,49,146,0.2512820512820513,0.7487179487179487,100000
round_of_32,Morocco,Senegal,193,0.00193,115,78,0.5958549222797928,0.40414507772020725,100000
round_of_32,Australia,Germany,192,0.00192,71,121,0.3697916666666667,0.6302083333333334,100000
round_of_32,Brazil,Iraq,191,0.00191,155,36,0.8115183246073299,0.18848167539267016,100000
round_of_32,Ghana,New Zealand,190,0.0019,81,109,0.4263157894736842,0.5736842105263158,100000
round_of_32,Croatia,Iran,189,0.00189,112,77,0.5925925925925926,0.4074074074074074,100000
round_of_32,Belgium,Ghana,164,0.00164,142,22,0.8658536585365854,0.13414634146341464,100000
round_of_32,Argentina,Croatia,159,0.00159,116,43,0.7295597484276729,0.27044025157232704,100000
round_of_32,Croatia,Senegal,159,0.00159,92,67,0.5786163522012578,0.42138364779874216,100000
round_of_32,Argentina,Colombia,158,0.00158,105,53,0.6645569620253164,0.33544303797468356,100000
round_of_32,Egypt,United States,157,0.00157,63,94,0.4012738853503185,0.5987261146496815,100000
round_of_32,Mexico,Norway,157,0.00157,101,56,0.643312101910828,0.35668789808917195,100000
round_of_32,Argentina,Belgium,156,0.00156,127,29,0.8141025641025641,0.1858974358974359,100000
round_of_32,Argentina,Switzerland,155,0.00155,118,37,0.7612903225806451,0.23870967741935484,100000
round_of_32,Panama,Senegal,155,0.00155,63,92,0.4064516129032258,0.5935483870967742,100000
round_of_32,France,Netherlands,140,0.0014,90,50,0.6428571428571429,0.35714285714285715,100000
round_of_32,Cape Verde,South Korea,139,0.00139,31,108,0.22302158273381295,0.7769784172661871,100000
round_of_32,Iraq,Morocco,139,0.00139,21,118,0.1510791366906475,0.8489208633093526,100000
round_of_32,Spain,United States,139,0.00139,114,25,0.8201438848920863,0.17985611510791366,100000
round_of_32,Iraq,Mexico,136,0.00136,22,114,0.16176470588235295,0.8382352941176471,100000
round_of_32,Iran,Panama,134,0.00134,84,50,0.6268656716417911,0.373134328358209,100000
round_of_32,Iraq,Paraguay,131,0.00131,50,81,0.3816793893129771,0.6183206106870229,100000
round_of_32,Netherlands,Norway,130,0.0013,91,39,0.7,0.3,100000
round_of_32,Ghana,Japan,124,0.00124,12,112,0.0967741935483871,0.9032258064516129,100000
round_of_32,Argentina,Panama,122,0.00122,109,13,0.8934426229508197,0.10655737704918032,100000
round_of_32,Ghana,Sweden,122,0.00122,36,86,0.29508196721311475,0.7049180327868853,100000
round_of_32,Colombia,New Zealand,120,0.0012,96,24,0.8,0.2,100000
round_of_32,Egypt,Sweden,119,0.00119,57,62,0.4789915966386555,0.5210084033613446,100000
round_of_32,Egypt,Japan,118,0.00118,32,86,0.2711864406779661,0.7288135593220338,100000
round_of_32,Netherlands,South Korea,116,0.00116,82,34,0.7068965517241379,0.29310344827586204,100000
round_of_32,Belgium,Portugal,114,0.00114,49,65,0.4298245614035088,0.5701754385964912,100000
round_of_32,France,Mexico,107,0.00107,78,29,0.7289719626168224,0.27102803738317754,100000
round_of_32,Germany,Turkey,107,0.00107,73,34,0.6822429906542056,0.3177570093457944,100000
round_of_32,Senegal,Sweden,104,0.00104,66,38,0.6346153846153846,0.36538461538461536,100000
round_of_32,South Korea,Spain,100,0.001,18,82,0.18,0.82,100000
round_of_32,Algeria,Portugal,99,0.00099,27,72,0.2727272727272727,0.7272727272727273,100000
round_of_32,Canada,Netherlands,97,0.00097,28,69,0.28865979381443296,0.711340206185567,100000
round_of_32,Australia,Senegal,96,0.00096,42,54,0.4375,0.5625,100000
round_of_32,Germany,Sweden,93,0.00093,76,17,0.8172043010752689,0.1827956989247312,100000
round_of_32,Iran,Uzbekistan,90,0.0009,54,36,0.6,0.4,100000
round_of_32,Iran,Japan,87,0.00087,34,53,0.39080459770114945,0.6091954022988506,100000
round_of_32,Croatia,Iraq,84,0.00084,61,23,0.7261904761904762,0.27380952380952384,100000
round_of_32,Iraq,Sweden,83,0.00083,35,48,0.42168674698795183,0.5783132530120482,100000
round_of_32,Saudi Arabia,South Korea,82,0.00082,25,57,0.3048780487804878,0.6951219512195121,100000
round_of_32,Australia,Iraq,75,0.00075,52,23,0.6933333333333334,0.30666666666666664,100000
round_of_32,Ghana,United States,75,0.00075,19,56,0.25333333333333335,0.7466666666666667,100000
round_of_32,Iraq,Panama,75,0.00075,28,47,0.37333333333333335,0.6266666666666667,100000
round_of_32,Senegal,Turkey,75,0.00075,38,37,0.5066666666666667,0.49333333333333335,100000
round_of_32,Australia,England,74,0.00074,19,55,0.25675675675675674,0.7432432432432432,100000
round_of_32,Portugal,United States,74,0.00074,47,27,0.6351351351351351,0.36486486486486486,100000
round_of_32,DR Congo,United States,73,0.00073,19,54,0.2602739726027397,0.7397260273972602,100000
round_of_32,Norway,Panama,73,0.00073,44,29,0.6027397260273972,0.3972602739726027,100000
round_of_32,Jordan,Portugal,72,0.00072,19,53,0.2638888888888889,0.7361111111111112,100000
round_of_32,Croatia,Norway,68,0.00068,43,25,0.6323529411764706,0.36764705882352944,100000
round_of_32,Austria,Portugal,66,0.00066,29,37,0.4393939393939394,0.5606060606060606,100000
round_of_32,Senegal,South Korea,64,0.00064,37,27,0.578125,0.421875,100000
round_of_32,Belgium,DR Congo,62,0.00062,44,18,0.7096774193548387,0.2903225806451613,100000
round_of_32,Iran,Sweden,62,0.00062,37,25,0.5967741935483871,0.4032258064516129,100000
round_of_32,Netherlands,Switzerland,62,0.00062,40,22,0.6451612903225806,0.3548387096774194,100000
round_of_32,Colombia,United States,59,0.00059,40,19,0.6779661016949152,0.3220338983050847,100000
round_of_32,Belgium,Iran,58,0.00058,29,29,0.5,0.5,100000
round_of_32,Croatia,United States,58,0.00058,35,23,0.603448275862069,0.39655172413793105,100000
round_of_32,England,Turkey,58,0.00058,42,16,0.7241379310344828,0.27586206896551724,100000
round_of_32,New Zealand,Portugal,57,0.00057,10,47,0.17543859649122806,0.8245614035087719,100000
round_of_32,Japan,Senegal,56,0.00056,32,24,0.5714285714285714,0.42857142857142855,100000
round_of_32,Croatia,France,52,0.00052,15,37,0.28846153846153844,0.7115384615384616,100000
round_of_32,Paraguay,United States,52,0.00052,27,25,0.5192307692307693,0.4807692307692308,100000
round_of_32,New Zealand,United States,50,0.0005,19,31,0.38,0.62,100000
round_of_32,Panama,United States,49,0.00049,20,29,0.40816326530612246,0.5918367346938775,100000
round_of_32,Croatia,Paraguay,48,0.00048,30,18,0.625,0.375,100000
round_of_32,England,Netherlands,47,0.00047,28,19,0.5957446808510638,0.40425531914893614,100000
round_of_32,France,Panama,44,0.00044,38,6,0.8636363636363636,0.13636363636363635,100000
round_of_32,Iraq,Japan,42,0.00042,10,32,0.23809523809523808,0.7619047619047619,100000
round_of_32,Iraq,South Korea,42,0.00042,9,33,0.21428571428571427,0.7857142857142857,100000
round_of_32,Iraq,Turkey,40,0.0004,10,30,0.25,0.75,100000
round_of_32,Germany,Japan,38,0.00038,23,15,0.6052631578947368,0.39473684210526316,100000
round_of_32,England,United States,37,0.00037,25,12,0.6756756756756757,0.32432432432432434,100000
round_of_32,Panama,Paraguay,36,0.00036,18,18,0.5,0.5,100000
round_of_32,Belgium,Croatia,35,0.00035,15,20,0.42857142857142855,0.5714285714285714,100000
round_of_32,New Zealand,Norway,35,0.00035,18,17,0.5142857142857142,0.4857142857142857,100000
round_of_32,United States,Uzbekistan,35,0.00035,20,15,0.5714285714285714,0.42857142857142855,100000
round_of_32,Croatia,New Zealand,34,0.00034,25,9,0.7352941176470589,0.2647058823529412,100000
round_of_32,New Zealand,Panama,34,0.00034,12,22,0.35294117647058826,0.6470588235294118,100000
round_of_32,Norway,South Korea,34,0.00034,12,22,0.35294117647058826,0.6470588235294118,100000
round_of_32,Argentina,Portugal,33,0.00033,26,7,0.7878787878787878,0.21212121212121213,100000
round_of_32,France,New Zealand,29,0.00029,28,1,0.9655172413793104,0.034482758620689655,100000
round_of_32,Belgium,Panama,28,0.00028,14,14,0.5,0.5,100000
round_of_32,DR Congo,Jordan,28,0.00028,15,13,0.5357142857142857,0.4642857142857143,100000
round_of_32,Croatia,Japan,27,0.00027,17,10,0.6296296296296297,0.37037037037037035,100000
round_of_32,Algeria,DR Congo,25,0.00025,15,10,0.6,0.4,100000
round_of_32,Haiti,Senegal,24,0.00024,9,15,0.375,0.625,100000
round_of_32,Austria,DR Congo,23,0.00023,17,6,0.7391304347826086,0.2608695652173913,100000
round_of_32,DR Congo,New Zealand,21,0.00021,14,7,0.6666666666666666,0.3333333333333333,100000
round_of_32,France,South Korea,21,0.00021,14,7,0.6666666666666666,0.3333333333333333,100000
round_of_32,United States,Uruguay,21,0.00021,15,6,0.7142857142857143,0.2857142857142857,100000
round_of_32,Croatia,Sweden,18,0.00018,13,5,0.7222222222222222,0.2777777777777778,100000
round_of_32,Belgium,Japan,16,0.00016,7,9,0.4375,0.5625,100000
round_of_32,Ghana,Netherlands,16,0.00016,3,13,0.1875,0.8125,100000
round_of_32,Haiti,Iraq,16,0.00016,7,9,0.4375,0.5625,100000
round_of_32,Croatia,Panama,15,0.00015,11,4,0.7333333333333333,0.26666666666666666,100000
round_of_32,Ghana,Turkey,15,0.00015,5,10,0.3333333333333333,0.6666666666666666,100000
round_of_32,Iran,Netherlands,15,0.00015,5,10,0.3333333333333333,0.6666666666666666,100000
round_of_32,Iran,United States,15,0.00015,7,8,0.4666666666666667,0.5333333333333333,100000
round_of_32,Panama,Sweden,15,0.00015,10,5,0.6666666666666666,0.3333333333333333,100000
round_of_32,Japan,Panama,14,0.00014,12,2,0.8571428571428571,0.14285714285714285,100000
round_of_32,Egypt,Turkey,13,0.00013,5,8,0.38461538461538464,0.6153846153846154,100000
round_of_32,Algeria,Uzbekistan,11,0.00011,4,7,0.36363636363636365,0.6363636363636364,100000
round_of_32,Argentina,DR Congo,11,0.00011,11,0,1.0,0.0,100000
round_of_32,Belgium,Uzbekistan,11,0.00011,7,4,0.6363636363636364,0.36363636363636365,100000
round_of_32,Egypt,Mexico,10,0.0001,3,7,0.3,0.7,100000
round_of_32,Egypt,Netherlands,10,0.0001,5,5,0.5,0.5,100000
round_of_32,Australia,Ghana,8,8e-05,6,2,0.75,0.25,100000
round_of_32,Algeria,Mexico,7,7e-05,1,6,0.14285714285714285,0.8571428571428571,100000
round_of_32,Austria,Mexico,7,7e-05,2,5,0.2857142857142857,0.7142857142857143,100000
round_of_32,Cape Verde,United States,7,7e-05,3,4,0.42857142857142855,0.5714285714285714,100000
round_of_32,Belgium,United States,6,6e-05,4,2,0.6666666666666666,0.3333333333333333,100000
round_of_32,Germany,Netherlands,6,6e-05,2,4,0.3333333333333333,0.6666666666666666,100000
round_of_32,Jordan,Uzbekistan,6,6e-05,4,2,0.6666666666666666,0.3333333333333333,100000
round_of_32,Norway,Saudi Arabia,6,6e-05,5,1,0.8333333333333334,0.16666666666666666,100000
round_of_32,Saudi Arabia,United States,6,6e-05,3,3,0.5,0.5,100000
round_of_32,Cape Verde,Norway,5,5e-05,0,5,0.0,1.0,100000
round_of_32,Colombia,Mexico,5,5e-05,1,4,0.2,0.8,100000
round_of_32,Egypt,South Korea,5,5e-05,4,1,0.8,0.2,100000
round_of_32,Mexico,Panama,5,5e-05,3,2,0.6,0.4,100000
round_of_32,Norway,Uruguay,5,5e-05,1,4,0.2,0.8,100000
round_of_32,Mexico,Portugal,4,4e-05,1,3,0.25,0.75,100000
round_of_32,Netherlands,Senegal,4,4e-05,2,2,0.5,0.5,100000
round_of_32,New Zealand,Uzbekistan,4,4e-05,1,3,0.25,0.75,100000
round_of_32,Norway,Spain,4,4e-05,0,4,0.0,1.0,100000
round_of_32,Austria,Uzbekistan,3,3e-05,2,1,0.6666666666666666,0.3333333333333333,100000
round_of_32,Cape Verde,France,3,3e-05,0,3,0.0,1.0,100000
round_of_32,Iraq,Netherlands,3,3e-05,0,3,0.0,1.0,100000
round_of_32,New Zealand,Senegal,3,3e-05,1,2,0.3333333333333333,0.6666666666666666,100000
round_of_32,Argentina,Mexico,2,2e-05,2,0,1.0,0.0,100000
round_of_32,Australia,Panama,2,2e-05,2,0,1.0,0.0,100000
round_of_32,Belgium,Sweden,2,2e-05,2,0,1.0,0.0,100000
round_of_32,Bosnia and Herzegovina,Mexico,2,2e-05,1,1,0.5,0.5,100000
round_of_32,Bosnia and Herzegovina,South Korea,2,2e-05,0,2,0.0,1.0,100000
round_of_32,Colombia,South Korea,2,2e-05,1,1,0.5,0.5,100000
round_of_32,Croatia,Mexico,2,2e-05,1,1,0.5,0.5,100000
round_of_32,Croatia,Turkey,2,2e-05,0,2,0.0,1.0,100000
round_of_32,DR Congo,Mexico,2,2e-05,1,1,0.5,0.5,100000
round_of_32,England,Mexico,2,2e-05,2,0,1.0,0.0,100000
round_of_32,France,Saudi Arabia,2,2e-05,2,0,1.0,0.0,100000
round_of_32,France,Spain,2,2e-05,2,0,1.0,0.0,100000
round_of_32,France,Uruguay,2,2e-05,1,1,0.5,0.5,100000
round_of_32,Ghana,Mexico,2,2e-05,0,2,0.0,1.0,100000
round_of_32,Panama,Turkey,2,2e-05,1,1,0.5,0.5,100000
round_of_32,Algeria,South Korea,1,1e-05,1,0,1.0,0.0,100000
round_of_32,Austria,South Korea,1,1e-05,1,0,1.0,0.0,100000
round_of_32,Belgium,Netherlands,1,1e-05,1,0,1.0,0.0,100000
round_of_32,Jordan,Mexico,1,1e-05,0,1,0.0,1.0,100000
round_of_32,Mexico,Uzbekistan,1,1e-05,1,0,1.0,0.0,100000
round_of_32,Netherlands,Panama,1,1e-05,0,1,0.0,1.0,100000
round_of_32,Panama,South Korea,1,1e-05,1,0,1.0,0.0,100000
round_of_32,Portugal,South Korea,1,1e-05,0,1,0.0,1.0,100000
round_of_32,Turkey,United States,1,1e-05,1,0,1.0,0.0,100000
round_of_16,Argentina,Spain,38747,0.38747,20209,18538,0.52156295971301,0.47843704028698997,100000
round_of_16,France,Germany,29816,0.29816,18672,11144,0.6262409444593506,0.3737590555406493,100000
round_of_16,France,United States,21096,0.21096,15971,5125,0.757062950322336,0.24293704967766402,100000
round_of_16,Germany,Norway,19130,0.1913,13020,6110,0.6806063774176686,0.3193936225823314,100000
round_of_16,Mexico,Morocco,18507,0.18507,9604,8903,0.5189387799211109,0.4810612200788891,100000
round_of_16,Mexico,Netherlands,18231,0.18231,8198,10033,0.4496736328232132,0.5503263671767868,100000
round_of_16,Argentina,Austria,17834,0.17834,12028,5806,0.6744420769317034,0.3255579230682965,100000
round_of_16,Australia,Colombia,16363,0.16363,6008,10355,0.3671698343824482,0.6328301656175518,100000
round_of_16,Egypt,England,16066,0.16066,3167,12899,0.19712436200672226,0.8028756379932778,100000
round_of_16,Norway,United States,14241,0.14241,6594,7647,0.4630292816515694,0.5369707183484306,100000
round_of_16,Ivory Coast,United States,13952,0.13952,5561,8391,0.39858084862385323,0.6014191513761468,100000
round_of_16,Belgium,Colombia,13629,0.13629,5693,7936,0.4177122312715533,0.5822877687284467,100000
round_of_16,Brazil,Switzerland,13377,0.13377,9121,4256,0.6818419675562533,0.31815803244374674,100000
round_of_16,Japan,Mexico,13208,0.13208,6372,6836,0.482434887946699,0.517565112053301,100000
round_of_16,Brazil,South Korea,11889,0.11889,8350,3539,0.7023298847674321,0.2976701152325679,100000
round_of_16,Austria,Spain,11275,0.11275,2274,9001,0.20168514412416852,0.7983148558758315,100000
round_of_16,Germany,Scotland,9567,0.09567,7276,2291,0.7605309919515,0.23946900804850005,100000
round_of_16,England,Iran,9314,0.09314,7023,2291,0.7540261971226111,0.24597380287738888,100000
round_of_16,Netherlands,Switzerland,9122,0.09122,5831,3291,0.6392238544178909,0.3607761455821092,100000
round_of_16,Brazil,Mexico,8938,0.08938,5307,3631,0.5937569926157977,0.40624300738420227,100000
round_of_16,Netherlands,South Korea,8698,0.08698,5796,2902,0.66636008277765,0.33363991722235,100000
round_of_16,Brazil,Germany,7756,0.07756,4278,3478,0.5515729757607014,0.4484270242392986,100000
round_of_16,Brazil,Canada,7316,0.07316,5441,1875,0.7437124111536358,0.25628758884636416,100000
round_of_16,Canada,Portugal,7256,0.07256,2194,5062,0.3023704520396913,0.6976295479603087,100000
round_of_16,Australia,Portugal,7192,0.07192,2528,4664,0.3515016685205784,0.6484983314794216,100000
round_of_16,Argentina,Uruguay,7073,0.07073,5472,1601,0.7736462604269758,0.22635373957302418,100000
round_of_16,Belgium,Portugal,6981,0.06981,2765,4216,0.39607506087953015,0.6039249391204699,100000
round_of_16,Spain,Uruguay,6214,0.06214,3976,2238,0.6398455101383972,0.3601544898616028,100000
round_of_16,England,Uruguay,6193,0.06193,4177,2016,0.6744711771354756,0.32552882286452445,100000
round_of_16,Colombia,Paraguay,6173,0.06173,4365,1808,0.7071116150980075,0.29288838490199254,100000
round_of_16,Japan,Switzerland,6015,0.06015,3452,2563,0.5738985868661679,0.4261014131338321,100000
round_of_16,Japan,South Korea,5891,0.05891,3610,2281,0.6127991851977593,0.3872008148022407,100000
round_of_16,Morocco,South Korea,5397,0.05397,3222,2175,0.5969983324068927,0.4030016675931073,100000
round_of_16,Canada,Croatia,5200,0.052,2008,3192,0.3861538461538462,0.6138461538461538,100000
round_of_16,Senegal,United States,5141,0.05141,2532,2609,0.4925111845944369,0.5074888154055631,100000
round_of_16,Portugal,Switzerland,5075,0.05075,3294,1781,0.649064039408867,0.350935960591133,100000
round_of_16,Canada,Netherlands,5012,0.05012,1554,3458,0.3100558659217877,0.6899441340782123,100000
round_of_16,Colombia,Egypt,5001,0.05001,3665,1336,0.7328534293141372,0.26714657068586284,100000
round_of_16,Canada,Colombia,4989,0.04989,1607,3382,0.32210863900581277,0.6778913609941872,100000
round_of_16,Australia,Paraguay,4949,0.04949,2928,2021,0.5916346736714487,0.4083653263285512,100000
round_of_16,Morocco,Switzerland,4621,0.04621,2678,1943,0.579528240640554,0.42047175935944603,100000
round_of_16,Colombia,Iran,4586,0.04586,3090,1496,0.6737897950283471,0.3262102049716529,100000
round_of_16,Iran,Portugal,4477,0.04477,1367,3110,0.30533839624748715,0.6946616037525128,100000
round_of_16,Canada,England,4466,0.04466,1075,3391,0.24070756829377518,0.7592924317062248,100000
round_of_16,Egypt,Portugal,4194,0.04194,1077,3117,0.25679542203147354,0.7432045779685265,100000
round_of_16,Germany,Morocco,4173,0.04173,2399,1774,0.5748861730170142,0.4251138269829859,100000
round_of_16,Ecuador,United States,3874,0.03874,2229,1645,0.5753742901393908,0.4246257098606092,100000
round_of_16,England,Spain,3752,0.03752,1476,2276,0.39339019189765456,0.6066098081023454,100000
round_of_16,Japan,Sweden,3669,0.03669,2244,1425,0.6116107931316435,0.3883892068683565,100000
round_of_16,Cape Verde,Spain,3627,0.03627,278,3349,0.07664736696994762,0.9233526330300524,100000
round_of_16,France,Senegal,3563,0.03563,2302,1261,0.6460847600336794,0.3539152399663205,100000
round_of_16,Croatia,Switzerland,3542,0.03542,1918,1624,0.541501976284585,0.45849802371541504,100000
round_of_16,Mexico,Scotland,3421,0.03421,2504,917,0.73194972230342,0.26805027769657996,100000
round_of_16,Colombia,Switzerland,3387,0.03387,2099,1288,0.619722468260998,0.3802775317390021,100000
round_of_16,Canada,Japan,3350,0.0335,1229,2121,0.36686567164179107,0.6331343283582089,100000
round_of_16,Colombia,New Zealand,3292,0.03292,2665,627,0.8095382746051033,0.19046172539489672,100000
round_of_16,Belgium,England,3279,0.03279,1078,2201,0.3287587679170479,0.6712412320829522,100000
round_of_16,Algeria,Argentina,3156,0.03156,1190,1966,0.3770595690747782,0.6229404309252218,100000
round_of_16,Netherlands,Sweden,3147,0.03147,1898,1249,0.6031140768986336,0.3968859231013664,100000
round_of_16,Norway,Senegal,3119,0.03119,2091,1028,0.6704071817890349,0.32959281821096503,100000
round_of_16,England,Switzerland,3039,0.03039,2188,851,0.7199736755511682,0.28002632444883185,100000
round_of_16,Belgium,Croatia,2995,0.02995,1453,1542,0.48514190317195327,0.5148580968280467,100000
round_of_16,Canada,DR Congo,2977,0.02977,1923,1054,0.645952300974135,0.35404769902586497,100000
round_of_16,Paraguay,Portugal,2960,0.0296,829,2131,0.28006756756756757,0.7199324324324324,100000
round_of_16,England,Senegal,2886,0.02886,2095,791,0.725918225918226,0.2740817740817741,100000
round_of_16,Australia,Croatia,2874,0.02874,1303,1571,0.45337508698677803,0.546624913013222,100000
round_of_16,Bosnia and Herzegovina,France,2840,0.0284,230,2610,0.08098591549295775,0.9190140845070423,100000
round_of_16,Morocco,Sweden,2840,0.0284,1958,882,0.6894366197183098,0.3105633802816901,100000
round_of_16,Ecuador,Morocco,2752,0.02752,1396,1356,0.5072674418604651,0.49273255813953487,100000
round_of_16,Ecuador,Netherlands,2749,0.02749,1141,1608,0.41506002182611856,0.5849399781738814,100000
round_of_16,Belgium,DR Congo,2661,0.02661,1978,683,0.7433295753476137,0.2566704246523863,100000
round_of_16,Germany,Paraguay,2580,0.0258,1852,728,0.7178294573643411,0.28217054263565894,100000
round_of_16,Ecuador,Japan,2577,0.02577,1236,1341,0.479627473806752,0.5203725261932479,100000
round_of_16,Egypt,Ghana,2560,0.0256,1786,774,0.69765625,0.30234375,100000
round_of_16,Saudi Arabia,Spain,2539,0.02539,731,1808,0.2879086254430878,0.7120913745569122,100000
round_of_16,Mexico,Sweden,2516,0.02516,1765,751,0.701510333863275,0.29848966613672495,100000
round_of_16,Canada,Morocco,2511,0.02511,848,1663,0.33771405814416566,0.6622859418558343,100000
round_of_16,Canada,Ghana,2503,0.02503,1871,632,0.7475029964043148,0.25249700359568517,100000
round_of_16,France,Sweden,2498,0.02498,2081,417,0.83306645316253,0.16693354683746997,100000
round_of_16,Japan,Netherlands,2465,0.02465,1200,1265,0.486815415821501,0.513184584178499,100000
round_of_16,Australia,DR Congo,2463,0.02463,1701,762,0.6906211936662606,0.3093788063337393,100000
round_of_16,Croatia,Iran,2454,0.02454,1482,972,0.6039119804400978,0.3960880195599022,100000
round_of_16,Croatia,Egypt,2369,0.02369,1576,793,0.6652596032081047,0.3347403967918953,100000
round_of_16,France,South Korea,2284,0.02284,1754,530,0.7679509632224168,0.23204903677758318,100000
round_of_16,Argentina,Cape Verde,2248,0.02248,2070,178,0.9208185053380783,0.0791814946619217,100000
round_of_16,Japan,Morocco,2235,0.02235,1157,1078,0.5176733780760626,0.4823266219239374,100000
round_of_16,Canada,Uzbekistan,2225,0.02225,1289,936,0.5793258426966292,0.42067415730337077,100000
round_of_16,Scotland,South Korea,2199,0.02199,856,1343,0.38926784902228284,0.6107321509777172,100000
round_of_16,Brazil,South Africa,2089,0.02089,1822,267,0.8721876495931068,0.12781235040689326,100000
round_of_16,Ghana,Iran,2065,0.02065,514,1551,0.24891041162227603,0.751089588377724,100000
round_of_16,DR Congo,Switzerland,1998,0.01998,586,1412,0.2932932932932933,0.7067067067067067,100000
round_of_16,Algeria,England,1995,0.01995,498,1497,0.24962406015037594,0.750375939849624,100000
round_of_16,DR Congo,Iran,1974,0.01974,654,1320,0.331306990881459,0.668693009118541,100000
round_of_16,Cape Verde,England,1943,0.01943,241,1702,0.1240349974266598,0.8759650025733402,100000
round_of_16,Brazil,Czechia,1929,0.01929,1569,360,0.8133748055987559,0.18662519440124417,100000
round_of_16,DR Congo,Egypt,1889,0.01889,759,1130,0.40179989412387507,0.5982001058761249,100000
round_of_16,Bosnia and Herzegovina,Norway,1851,0.01851,496,1355,0.26796326310102647,0.7320367368989735,100000
round_of_16,Austria,England,1845,0.01845,544,1301,0.2948509485094851,0.7051490514905149,100000
round_of_16,Australia,Panama,1841,0.01841,1103,738,0.5991309071156979,0.400869092884302,100000
round_of_16,Ivory Coast,Senegal,1841,0.01841,749,1092,0.4068441064638783,0.5931558935361216,100000
round_of_16,Austria,Uruguay,1787,0.01787,810,977,0.4532736429770565,0.5467263570229435,100000
round_of_16,Ghana,Switzerland,1779,0.01779,394,1385,0.22147273749297358,0.7785272625070264,100000
round_of_16,Curaçao,United States,1767,0.01767,284,1483,0.16072439162422184,0.8392756083757782,100000
round_of_16,New Zealand,Portugal,1753,0.01753,319,1434,0.18197375926982315,0.8180262407301768,100000
round_of_16,Belgium,Paraguay,1740,0.0174,1109,631,0.6373563218390804,0.3626436781609195,100000
round_of_16,France,Iraq,1706,0.01706,1155,551,0.6770222743259086,0.32297772567409144,100000
round_of_16,Australia,Germany,1705,0.01705,578,1127,0.33900293255131964,0.6609970674486804,100000
round_of_16,Ivory Coast,Japan,1700,0.017,554,1146,0.32588235294117646,0.6741176470588235,100000
round_of_16,Canada,Panama,1675,0.01675,941,734,0.5617910447761194,0.4382089552238806,100000
round_of_16,Sweden,Switzerland,1673,0.01673,642,1031,0.38374178123132097,0.616258218768679,100000
round_of_16,Belgium,Panama,1646,0.01646,1044,602,0.6342648845686513,0.36573511543134873,100000
round_of_16,Iraq,United States,1634,0.01634,422,1212,0.2582619339045288,0.7417380660954712,100000
round_of_16,Egypt,Uzbekistan,1626,0.01626,862,764,0.5301353013530136,0.4698646986469865,100000
round_of_16,Norway,Sweden,1621,0.01621,925,696,0.5706354102405923,0.4293645897594078,100000
round_of_16,France,Japan,1590,0.0159,1087,503,0.6836477987421383,0.3163522012578616,100000
round_of_16,Belgium,Uzbekistan,1589,0.01589,1102,487,0.6935179358086847,0.3064820641913153,100000
round_of_16,Iran,Uzbekistan,1564,0.01564,936,628,0.59846547314578,0.40153452685422,100000
round_of_16,Switzerland,Uzbekistan,1559,0.01559,995,564,0.6382296343810134,0.3617703656189865,100000
round_of_16,South Korea,Sweden,1554,0.01554,921,633,0.5926640926640927,0.40733590733590735,100000
round_of_16,England,Saudi Arabia,1540,0.0154,1365,175,0.8863636363636364,0.11363636363636363,100000
round_of_16,Norway,South Korea,1532,0.01532,740,792,0.4830287206266319,0.5169712793733682,100000
round_of_16,Ivory Coast,Morocco,1521,0.01521,498,1023,0.32741617357001973,0.6725838264299803,100000
round_of_16,England,Jordan,1515,0.01515,1280,235,0.8448844884488449,0.1551155115511551,100000
round_of_16,France,Qatar,1489,0.01489,1376,113,0.9241101410342512,0.07588985896574882,100000
round_of_16,Algeria,Spain,1450,0.0145,266,1184,0.18344827586206897,0.8165517241379311,100000
round_of_16,Ivory Coast,Netherlands,1448,0.01448,383,1065,0.26450276243093923,0.7354972375690608,100000
round_of_16,Belgium,Ghana,1440,0.0144,1195,245,0.8298611111111112,0.1701388888888889,100000
round_of_16,Czechia,France,1425,0.01425,234,1191,0.16421052631578947,0.8357894736842105,100000
round_of_16,Australia,Belgium,1410,0.0141,637,773,0.45177304964539006,0.5482269503546099,100000
round_of_16,France,Ivory Coast,1403,0.01403,1129,274,0.804704205274412,0.19529579472558803,100000
round_of_16,Australia,Uzbekistan,1379,0.01379,879,500,0.6374184191443075,0.36258158085569253,100000
round_of_16,Scotland,Switzerland,1373,0.01373,469,904,0.3415877640203933,0.6584122359796067,100000
round_of_16,Algeria,Egypt,1343,0.01343,772,571,0.5748324646314222,0.4251675353685778,100000
round_of_16,Netherlands,South Africa,1332,0.01332,1117,215,0.8385885885885885,0.1614114114114114,100000
round_of_16,Ecuador,Sweden,1311,0.01311,887,424,0.6765827612509535,0.32341723874904654,100000
round_of_16,Croatia,Portugal,1297,0.01297,531,766,0.40940632228218965,0.5905936777178104,100000
round_of_16,Austria,Egypt,1295,0.01295,798,497,0.6162162162162163,0.3837837837837838,100000
round_of_16,Ivory Coast,Sweden,1262,0.01262,677,585,0.5364500792393027,0.4635499207606973,100000
round_of_16,England,France,1257,0.01257,562,695,0.44709626093874305,0.552903739061257,100000
round_of_16,Brazil,Sweden,1249,0.01249,982,267,0.7862289831865492,0.21377101681345076,100000
round_of_16,Australia,England,1222,0.01222,357,865,0.29214402618657936,0.7078559738134206,100000
round_of_16,Germany,Sweden,1212,0.01212,892,320,0.735973597359736,0.264026402640264,100000
round_of_16,Brazil,Ecuador,1196,0.01196,745,451,0.6229096989966555,0.3770903010033445,100000
round_of_16,Jordan,Spain,1191,0.01191,116,1075,0.09739714525608732,0.9026028547439127,100000
round_of_16,Argentina,Jordan,1184,0.01184,731,453,0.6173986486486487,0.38260135135135137,100000
round_of_16,Panama,Switzerland,1162,0.01162,468,694,0.4027538726333907,0.5972461273666093,100000
round_of_16,Egypt,Panama,1157,0.01157,598,559,0.5168539325842697,0.48314606741573035,100000
round_of_16,Croatia,Paraguay,1151,0.01151,745,406,0.6472632493483927,0.3527367506516073,100000
round_of_16,England,Norway,1149,0.01149,868,281,0.7554395126196692,0.24456048738033073,100000
round_of_16,Argentina,England,1146,0.01146,734,412,0.6404886561954625,0.35951134380453753,100000
round_of_16,Croatia,England,1124,0.01124,495,629,0.4403914590747331,0.5596085409252669,100000
round_of_16,Japan,Norway,1123,0.01123,707,416,0.6295636687444346,0.37043633125556547,100000
round_of_16,Australia,Ghana,1108,0.01108,883,225,0.7969314079422383,0.20306859205776173,100000
round_of_16,Iran,Panama,1105,0.01105,615,490,0.5565610859728507,0.4434389140271493,100000
round_of_16,Czechia,Netherlands,1094,0.01094,242,852,0.22120658135283364,0.7787934186471663,100000
round_of_16,Croatia,Ghana,1089,0.01089,716,373,0.657483930211203,0.34251606978879706,100000
round_of_16,Australia,Turkey,1078,0.01078,568,510,0.5269016697588126,0.47309833024118736,100000
round_of_16,DR Congo,Paraguay,1074,0.01074,419,655,0.39013035381750466,0.6098696461824954,100000
round_of_16,Germany,Turkey,1058,0.01058,691,367,0.6531190926275993,0.34688090737240074,100000
round_of_16,Egypt,Jordan,1055,0.01055,599,456,0.5677725118483412,0.4322274881516588,100000
round_of_16,England,Iraq,1023,0.01023,892,131,0.8719452590420332,0.12805474095796676,100000
round_of_16,Argentina,Saudi Arabia,1016,0.01016,933,83,0.9183070866141733,0.08169291338582677,100000
round_of_16,Bosnia and Herzegovina,Ivory Coast,998,0.00998,323,675,0.32364729458917835,0.6763527054108216,100000
round_of_16,Brazil,Japan,989,0.00989,595,394,0.6016177957532861,0.39838220424671383,100000
round_of_16,Czechia,Norway,921,0.00921,368,553,0.3995656894679696,0.6004343105320304,100000
round_of_16,Norway,Qatar,916,0.00916,737,179,0.8045851528384279,0.19541484716157206,100000
round_of_16,Japan,South Africa,914,0.00914,737,177,0.8063457330415755,0.1936542669584245,100000
round_of_16,Canada,Sweden,905,0.00905,489,416,0.5403314917127072,0.45966850828729283,100000
round_of_16,Argentina,Egypt,890,0.0089,778,112,0.8741573033707866,0.1258426966292135,100000
round_of_16,Ivory Coast,Norway,885,0.00885,377,508,0.42598870056497173,0.5740112994350283,100000
round_of_16,Germany,Japan,879,0.00879,497,382,0.565415244596132,0.43458475540386804,100000
round_of_16,England,Portugal,862,0.00862,508,354,0.5893271461716937,0.41067285382830626,100000
round_of_16,Colombia,Croatia,813,0.00813,447,366,0.5498154981549815,0.45018450184501846,100000
round_of_16,Canada,Scotland,807,0.00807,470,337,0.5824039653035935,0.41759603469640644,100000
round_of_16,Morocco,South Africa,805,0.00805,649,156,0.8062111801242235,0.1937888198757764,100000
round_of_16,Croatia,New Zealand,794,0.00794,589,205,0.7418136020151134,0.25818639798488663,100000
round_of_16,Belgium,Turkey,787,0.00787,441,346,0.5603557814485387,0.43964421855146124,100000
round_of_16,Czechia,Morocco,767,0.00767,208,559,0.2711864406779661,0.7288135593220338,100000
round_of_16,Czechia,Japan,739,0.00739,198,541,0.2679296346414073,0.7320703653585927,100000
round_of_16,Egypt,Senegal,736,0.00736,305,431,0.41440217391304346,0.5855978260869565,100000
round_of_16,Iraq,Norway,735,0.00735,261,474,0.3551020408163265,0.6448979591836734,100000
round_of_16,DR Congo,Portugal,716,0.00716,299,417,0.4175977653631285,0.5824022346368715,100000
round_of_16,Algeria,Uruguay,709,0.00709,293,416,0.4132581100141044,0.5867418899858956,100000
round_of_16,England,Panama,705,0.00705,482,223,0.6836879432624113,0.31631205673758866,100000
round_of_16,Ghana,Uruguay,694,0.00694,114,580,0.1642651296829971,0.8357348703170029,100000
round_of_16,Germany,Senegal,692,0.00692,447,245,0.6459537572254336,0.3540462427745665,100000
round_of_16,France,Scotland,675,0.00675,565,110,0.837037037037037,0.16296296296296298,100000
round_of_16,England,Paraguay,671,0.00671,520,151,0.7749627421758569,0.22503725782414308,100000
round_of_16,DR Congo,New Zealand,662,0.00662,334,328,0.5045317220543807,0.4954682779456193,100000
round_of_16,Panama,Paraguay,662,0.00662,325,337,0.4909365558912387,0.5090634441087614,100000
round_of_16,Czechia,Scotland,649,0.00649,278,371,0.4283513097072419,0.5716486902927581,100000
round_of_16,Algeria,France,648,0.00648,133,515,0.2052469135802469,0.7947530864197531,100000
round_of_16,Paraguay,Uzbekistan,643,0.00643,364,279,0.5660964230171073,0.43390357698289267,100000
round_of_16,Austria,Cape Verde,618,0.00618,471,147,0.7621359223300971,0.23786407766990292,100000
round_of_16,Croatia,DR Congo,614,0.00614,465,149,0.757328990228013,0.24267100977198697,100000
round_of_16,Ghana,Portugal,608,0.00608,81,527,0.13322368421052633,0.8667763157894737,100000
round_of_16,England,New Zealand,606,0.00606,518,88,0.8547854785478548,0.14521452145214522,100000
round_of_16,Austria,France,593,0.00593,147,446,0.2478920741989882,0.7521079258010118,100000
round_of_16,Scotland,Sweden,593,0.00593,290,303,0.48903878583473864,0.5109612141652614,100000
round_of_16,Panama,Portugal,592,0.00592,143,449,0.24155405405405406,0.7584459459459459,100000
round_of_16,Colombia,Portugal,591,0.00591,285,306,0.48223350253807107,0.5177664974619289,100000
round_of_16,Ghana,Paraguay,590,0.0059,165,425,0.2796610169491525,0.7203389830508474,100000
round_of_16,Senegal,Sweden,583,0.00583,364,219,0.6243567753001715,0.37564322469982847,100000
round_of_16,Brazil,Ivory Coast,573,0.00573,442,131,0.7713787085514834,0.2286212914485166,100000
round_of_16,France,Norway,573,0.00573,328,245,0.5724258289703316,0.42757417102966844,100000
round_of_16,Cape Verde,Uruguay,568,0.00568,172,396,0.3028169014084507,0.6971830985915493,100000
round_of_16,Austria,Jordan,566,0.00566,329,237,0.5812720848056537,0.41872791519434627,100000
round_of_16,Jordan,Uruguay,564,0.00564,168,396,0.2978723404255319,0.7021276595744681,100000
round_of_16,Iraq,Ivory Coast,563,0.00563,206,357,0.36589698046181174,0.6341030195381883,100000
round_of_16,Bosnia and Herzegovina,Scotland,560,0.0056,194,366,0.3464285714285714,0.6535714285714286,100000
round_of_16,Colombia,England,555,0.00555,217,338,0.390990990990991,0.609009009009009,100000
round_of_16,Ecuador,Scotland,540,0.0054,366,174,0.6777777777777778,0.32222222222222224,100000
round_of_16,Brazil,France,517,0.00517,210,307,0.40618955512572535,0.5938104448742747,100000
round_of_16,Ivory Coast,Qatar,516,0.00516,390,126,0.7558139534883721,0.2441860465116279,100000
round_of_16,Japan,Scotland,513,0.00513,371,142,0.723196881091618,0.27680311890838205,100000
round_of_16,Egypt,Paraguay,512,0.00512,259,253,0.505859375,0.494140625,100000
round_of_16,Austria,Norway,511,0.00511,262,249,0.512720156555773,0.487279843444227,100000
round_of_16,Algeria,Portugal,506,0.00506,175,331,0.3458498023715415,0.6541501976284585,100000
round_of_16,Austria,Portugal,489,0.00489,168,321,0.34355828220858897,0.656441717791411,100000
round_of_16,Egypt,Iran,484,0.00484,244,240,0.5041322314049587,0.49586776859504134,100000
round_of_16,Portugal,Sweden,482,0.00482,378,104,0.7842323651452282,0.2157676348547718,100000
round_of_16,Senegal,Uruguay,473,0.00473,210,263,0.4439746300211416,0.5560253699788583,100000
round_of_16,Portugal,Uruguay,469,0.00469,272,197,0.579957356076759,0.4200426439232409,100000
round_of_16,Austria,Iran,467,0.00467,256,211,0.5481798715203426,0.4518201284796574,100000
round_of_16,Algeria,Norway,462,0.00462,225,237,0.487012987012987,0.512987012987013,100000
round_of_16,Argentina,France,462,0.00462,266,196,0.5757575757575758,0.42424242424242425,100000
round_of_16,France,Jordan,457,0.00457,411,46,0.899343544857768,0.10065645514223195,100000
round_of_16,Algeria,Iran,456,0.00456,210,246,0.4605263157894737,0.5394736842105263,100000
round_of_16,DR Congo,England,447,0.00447,52,395,0.116331096196868,0.883668903803132,100000
round_of_16,England,Ghana,446,0.00446,293,153,0.6569506726457399,0.3430493273542601,100000
round_of_16,Algeria,Senegal,443,0.00443,187,256,0.4221218961625282,0.5778781038374717,100000
round_of_16,Croatia,Uzbekistan,437,0.00437,298,139,0.6819221967963387,0.3180778032036613,100000
round_of_16,Croatia,Panama,428,0.00428,252,176,0.5887850467289719,0.411214953271028,100000
round_of_16,New Zealand,Panama,428,0.00428,152,276,0.35514018691588783,0.6448598130841121,100000
round_of_16,Colombia,Panama,422,0.00422,314,108,0.7440758293838863,0.2559241706161137,100000
round_of_16,Ghana,Spain,421,0.00421,30,391,0.07125890736342043,0.9287410926365796,100000
round_of_16,Colombia,DR Congo,420,0.0042,272,148,0.6476190476190476,0.3523809523809524,100000
round_of_16,Japan,Senegal,420,0.0042,259,161,0.6166666666666667,0.38333333333333336,100000
round_of_16,Ghana,Panama,417,0.00417,172,245,0.41247002398081534,0.5875299760191847,100000
round_of_16,Austria,Senegal,411,0.00411,224,187,0.5450121654501217,0.45498783454987834,100000
round_of_16,Norway,Scotland,407,0.00407,232,175,0.5700245700245701,0.42997542997543,100000
round_of_16,Curaçao,Japan,405,0.00405,44,361,0.10864197530864197,0.891358024691358,100000
round_of_16,Bosnia and Herzegovina,Brazil,403,0.00403,47,356,0.11662531017369727,0.8833746898263027,100000
round_of_16,Egypt,France,401,0.00401,84,317,0.20947630922693267,0.7905236907730673,100000
round_of_16,Algeria,Austria,397,0.00397,186,211,0.46851385390428213,0.5314861460957179,100000
round_of_16,Portugal,Uzbekistan,397,0.00397,256,141,0.6448362720403022,0.35516372795969775,100000
round_of_16,Ghana,New Zealand,392,0.00392,154,238,0.39285714285714285,0.6071428571428571,100000
round_of_16,Australia,New Zealand,391,0.00391,289,102,0.7391304347826086,0.2608695652173913,100000
round_of_16,New Zealand,Uzbekistan,388,0.00388,164,224,0.422680412371134,0.5773195876288659,100000
round_of_16,Colombia,Ghana,385,0.00385,337,48,0.8753246753246753,0.12467532467532468,100000
round_of_16,Austria,Saudi Arabia,383,0.00383,265,118,0.6919060052219321,0.30809399477806787,100000
round_of_16,New Zealand,Paraguay,383,0.00383,128,255,0.3342036553524804,0.6657963446475196,100000
round_of_16,Croatia,Uruguay,378,0.00378,204,174,0.5396825396825397,0.4603174603174603,100000
round_of_16,Jordan,Portugal,378,0.00378,65,313,0.17195767195767195,0.828042328042328,100000
round_of_16,Bosnia and Herzegovina,Senegal,371,0.00371,105,266,0.2830188679245283,0.7169811320754716,100000
round_of_16,Curaçao,Sweden,366,0.00366,81,285,0.22131147540983606,0.7786885245901639,100000
round_of_16,Algeria,Cape Verde,361,0.00361,261,100,0.7229916897506925,0.2770083102493075,100000
round_of_16,Algeria,Colombia,359,0.00359,109,250,0.30362116991643456,0.6963788300835655,100000
round_of_16,Jordan,Norway,356,0.00356,123,233,0.3455056179775281,0.6544943820224719,100000
round_of_16,Iran,Jordan,349,0.00349,220,129,0.6303724928366762,0.36962750716332377,100000
round_of_16,Morocco,Netherlands,348,0.00348,176,172,0.5057471264367817,0.4942528735632184,100000
round_of_16,Curaçao,Netherlands,347,0.00347,38,309,0.10951008645533142,0.8904899135446686,100000
round_of_16,France,South Africa,347,0.00347,313,34,0.9020172910662824,0.09798270893371758,100000
round_of_16,Argentina,Iran,342,0.00342,293,49,0.8567251461988304,0.14327485380116958,100000
round_of_16,Curaçao,Morocco,340,0.0034,39,301,0.11470588235294117,0.8852941176470588,100000
round_of_16,Jordan,Senegal,340,0.0034,116,224,0.3411764705882353,0.6588235294117647,100000
round_of_16,Algeria,Uzbekistan,335,0.00335,208,127,0.6208955223880597,0.37910447761194027,100000
round_of_16,Brazil,Norway,331,0.00331,244,87,0.7371601208459214,0.2628398791540785,100000
round_of_16,Ghana,Senegal,331,0.00331,78,253,0.23564954682779457,0.7643504531722054,100000
round_of_16,Egypt,Norway,328,0.00328,146,182,0.4451219512195122,0.5548780487804879,100000
round_of_16,Colombia,Sweden,325,0.00325,241,84,0.7415384615384616,0.25846153846153846,100000
round_of_16,Paraguay,Turkey,325,0.00325,147,178,0.4523076923076923,0.5476923076923077,100000
round_of_16,Argentina,Norway,317,0.00317,260,57,0.8201892744479495,0.17981072555205047,100000
round_of_16,Argentina,Portugal,317,0.00317,210,107,0.6624605678233438,0.33753943217665616,100000
round_of_16,England,Sweden,317,0.00317,246,71,0.7760252365930599,0.22397476340694006,100000
round_of_16,Australia,Iran,316,0.00316,179,137,0.5664556962025317,0.43354430379746833,100000
round_of_16,Scotland,South Africa,313,0.00313,188,125,0.6006389776357828,0.3993610223642173,100000
round_of_16,Austria,Colombia,311,0.00311,109,202,0.3504823151125402,0.6495176848874598,100000
round_of_16,Germany,Iraq,305,0.00305,256,49,0.839344262295082,0.16065573770491803,100000
round_of_16,Iran,Paraguay,304,0.00304,176,128,0.5789473684210527,0.42105263157894735,100000
round_of_16,Belgium,Egypt,300,0.003,166,134,0.5533333333333333,0.44666666666666666,100000
round_of_16,Croatia,Sweden,300,0.003,210,90,0.7,0.3,100000
round_of_16,Australia,Egypt,299,0.00299,194,105,0.6488294314381271,0.3511705685618729,100000
round_of_16,Paraguay,Scotland,298,0.00298,172,126,0.5771812080536913,0.4228187919463087,100000
round_of_16,Austria,Ghana,297,0.00297,224,73,0.7542087542087542,0.24579124579124578,100000
round_of_16,Senegal,Spain,297,0.00297,49,248,0.16498316498316498,0.835016835016835,100000
round_of_16,France,Morocco,293,0.00293,209,84,0.7133105802047781,0.28668941979522183,100000
round_of_16,Algeria,Ivory Coast,292,0.00292,151,141,0.5171232876712328,0.4828767123287671,100000
round_of_16,Algeria,DR Congo,291,0.00291,196,95,0.6735395189003437,0.32646048109965636,100000
round_of_16,Colombia,Jordan,290,0.0029,231,59,0.7965517241379311,0.20344827586206896,100000
round_of_16,Argentina,Senegal,289,0.00289,227,62,0.7854671280276817,0.21453287197231835,100000
round_of_16,Algeria,Ghana,287,0.00287,218,69,0.759581881533101,0.24041811846689895,100000
round_of_16,Uruguay,Uzbekistan,287,0.00287,187,100,0.6515679442508711,0.34843205574912894,100000
round_of_16,England,Uzbekistan,286,0.00286,241,45,0.8426573426573427,0.15734265734265734,100000
round_of_16,Austria,Uzbekistan,280,0.0028,171,109,0.6107142857142858,0.3892857142857143,100000
round_of_16,Colombia,Uruguay,270,0.0027,143,127,0.5296296296296297,0.4703703703703704,100000
round_of_16,Qatar,Scotland,262,0.00262,82,180,0.31297709923664124,0.6870229007633588,100000
round_of_16,Portugal,Spain,260,0.0026,89,171,0.3423076923076923,0.6576923076923077,100000
round_of_16,Czechia,Sweden,258,0.00258,124,134,0.4806201550387597,0.5193798449612403,100000
round_of_16,Austria,Ivory Coast,254,0.00254,158,96,0.6220472440944882,0.3779527559055118,100000
round_of_16,DR Congo,Panama,252,0.00252,99,153,0.39285714285714285,0.6071428571428571,100000
round_of_16,Cape Verde,Jordan,247,0.00247,98,149,0.3967611336032389,0.6032388663967612,100000
round_of_16,Iraq,Sweden,246,0.00246,105,141,0.4268292682926829,0.573170731707317,100000
round_of_16,Belgium,Iran,245,0.00245,148,97,0.6040816326530613,0.39591836734693875,100000
round_of_16,Bosnia and Herzegovina,Morocco,245,0.00245,43,202,0.17551020408163265,0.8244897959183674,100000
round_of_16,DR Congo,Uruguay,244,0.00244,69,175,0.2827868852459016,0.7172131147540983,100000
round_of_16,Ivory Coast,Scotland,240,0.0024,130,110,0.5416666666666666,0.4583333333333333,100000
round_of_16,Japan,Portugal,239,0.00239,108,131,0.45188284518828453,0.5481171548117155,100000
round_of_16,Cape Verde,Ghana,238,0.00238,136,102,0.5714285714285714,0.42857142857142855,100000
round_of_16,Jordan,Uzbekistan,237,0.00237,104,133,0.4388185654008439,0.5611814345991561,100000
round_of_16,South Africa,Sweden,237,0.00237,82,155,0.3459915611814346,0.6540084388185654,100000
round_of_16,Argentina,Colombia,236,0.00236,154,82,0.652542372881356,0.3474576271186441,100000
round_of_16,Austria,DR Congo,234,0.00234,166,68,0.7094017094017094,0.2905982905982906,100000
round_of_16,Norway,South Africa,232,0.00232,162,70,0.6982758620689655,0.3017241379310345,100000
round_of_16,Bosnia and Herzegovina,Ecuador,231,0.00231,42,189,0.18181818181818182,0.8181818181818182,100000
round_of_16,France,Netherlands,231,0.00231,152,79,0.658008658008658,0.341991341991342,100000
round_of_16,Algeria,Croatia,227,0.00227,79,148,0.34801762114537443,0.6519823788546255,100000
round_of_16,Morocco,Uruguay,227,0.00227,124,103,0.5462555066079295,0.45374449339207046,100000
round_of_16,France,Uruguay,225,0.00225,154,71,0.6844444444444444,0.31555555555555553,100000
round_of_16,Ivory Coast,Jordan,224,0.00224,123,101,0.5491071428571429,0.45089285714285715,100000
round_of_16,Egypt,Iraq,223,0.00223,133,90,0.5964125560538116,0.40358744394618834,100000
round_of_16,Japan,Uruguay,223,0.00223,127,96,0.5695067264573991,0.4304932735426009,100000
round_of_16,Algeria,Saudi Arabia,214,0.00214,138,76,0.6448598130841121,0.35514018691588783,100000
round_of_16,Morocco,Spain,211,0.00211,52,159,0.24644549763033174,0.7535545023696683,100000
round_of_16,Iran,Senegal,208,0.00208,98,110,0.47115384615384615,0.5288461538461539,100000
round_of_16,Morocco,Norway,208,0.00208,126,82,0.6057692307692307,0.3942307692307692,100000
round_of_16,Croatia,Spain,207,0.00207,44,163,0.21256038647342995,0.7874396135265701,100000
round_of_16,Ghana,Jordan,207,0.00207,79,128,0.38164251207729466,0.6183574879227053,100000
round_of_16,DR Congo,Ghana,206,0.00206,125,81,0.6067961165048543,0.3932038834951456,100000
round_of_16,Brazil,Qatar,200,0.002,185,15,0.925,0.075,100000
round_of_16,Colombia,Japan,199,0.00199,103,96,0.5175879396984925,0.4824120603015075,100000
round_of_16,DR Congo,Jordan,199,0.00199,94,105,0.4723618090452261,0.5276381909547738,100000
round_of_16,Panama,Uruguay,197,0.00197,70,127,0.3553299492385787,0.6446700507614214,100000
round_of_16,Germany,Haiti,196,0.00196,170,26,0.8673469387755102,0.1326530612244898,100000
round_of_16,Norway,Uruguay,196,0.00196,85,111,0.4336734693877551,0.5663265306122449,100000
round_of_16,Qatar,Senegal,194,0.00194,38,156,0.1958762886597938,0.8041237113402062,100000
round_of_16,England,Japan,192,0.00192,113,79,0.5885416666666666,0.4114583333333333,100000
round_of_16,Panama,Uzbekistan,192,0.00192,98,94,0.5104166666666666,0.4895833333333333,100000
round_of_16,Croatia,Jordan,190,0.0019,144,46,0.7578947368421053,0.24210526315789474,100000
round_of_16,Argentina,Ivory Coast,189,0.00189,161,28,0.8518518518518519,0.14814814814814814,100000
round_of_16,DR Congo,Sweden,188,0.00188,76,112,0.40425531914893614,0.5957446808510638,100000
round_of_16,France,Spain,188,0.00188,74,114,0.39361702127659576,0.6063829787234043,100000
round_of_16,Austria,Croatia,187,0.00187,84,103,0.44919786096256686,0.5508021390374331,100000
round_of_16,Iraq,Uruguay,187,0.00187,41,146,0.2192513368983957,0.7807486631016043,100000
round_of_16,Australia,Scotland,186,0.00186,116,70,0.6236559139784946,0.3763440860215054,100000
round_of_16,Portugal,Turkey,186,0.00186,120,66,0.6451612903225806,0.3548387096774194,100000
round_of_16,Argentina,Ghana,185,0.00185,172,13,0.9297297297297298,0.07027027027027027,100000
round_of_16,Portugal,Senegal,185,0.00185,123,62,0.6648648648648648,0.33513513513513515,100000
round_of_16,Netherlands,Uruguay,184,0.00184,101,83,0.5489130434782609,0.45108695652173914,100000
round_of_16,New Zealand,Turkey,179,0.00179,55,124,0.30726256983240224,0.6927374301675978,100000
round_of_16,Argentina,Uzbekistan,175,0.00175,156,19,0.8914285714285715,0.10857142857142857,100000
round_of_16,Brazil,Paraguay,175,0.00175,136,39,0.7771428571428571,0.22285714285714286,100000
round_of_16,Ghana,Sweden,174,0.00174,53,121,0.3045977011494253,0.6954022988505747,100000
round_of_16,Argentina,DR Congo,171,0.00171,157,14,0.9181286549707602,0.08187134502923976,100000
round_of_16,Algeria,Iraq,167,0.00167,107,60,0.6407185628742516,0.3592814371257485,100000
round_of_16,Croatia,Japan,167,0.00167,71,96,0.4251497005988024,0.5748502994011976,100000
round_of_16,Cape Verde,Portugal,165,0.00165,23,142,0.1393939393939394,0.8606060606060606,100000
round_of_16,Colombia,Spain,164,0.00164,49,115,0.29878048780487804,0.7012195121951219,100000
round_of_16,Jordan,Saudi Arabia,164,0.00164,83,81,0.5060975609756098,0.49390243902439024,100000
round_of_16,Netherlands,Spain,161,0.00161,57,104,0.35403726708074534,0.6459627329192547,100000
round_of_16,Austria,Belgium,160,0.0016,69,91,0.43125,0.56875,100000
round_of_16,Brazil,Netherlands,160,0.0016,89,71,0.55625,0.44375,100000
round_of_16,Ghana,Saudi Arabia,160,0.0016,70,90,0.4375,0.5625,100000
round_of_16,Ghana,Uzbekistan,160,0.0016,54,106,0.3375,0.6625,100000
round_of_16,Japan,Spain,160,0.0016,44,116,0.275,0.725,100000
round_of_16,Croatia,Turkey,159,0.00159,80,79,0.5031446540880503,0.4968553459119497,100000
round_of_16,Netherlands,Norway,159,0.00159,108,51,0.6792452830188679,0.32075471698113206,100000
round_of_16,France,Ghana,158,0.00158,143,15,0.9050632911392406,0.0949367088607595,100000
round_of_16,Norway,Spain,158,0.00158,34,124,0.21518987341772153,0.7848101265822784,100000
round_of_16,Curaçao,France,156,0.00156,7,149,0.04487179487179487,0.9551282051282052,100000
round_of_16,Sweden,Uzbekistan,156,0.00156,83,73,0.532051282051282,0.46794871794871795,100000
round_of_16,Algeria,Belgium,152,0.00152,64,88,0.42105263157894735,0.5789473684210527,100000
round_of_16,Egypt,Turkey,152,0.00152,55,97,0.3618421052631579,0.6381578947368421,100000
round_of_16,Cape Verde,Senegal,149,0.00149,43,106,0.28859060402684567,0.7114093959731543,100000
round_of_16,DR Congo,Spain,148,0.00148,16,132,0.10810810810810811,0.8918918918918919,100000
round_of_16,Iran,New Zealand,148,0.00148,63,85,0.42567567567567566,0.5743243243243243,100000
round_of_16,Colombia,Senegal,145,0.00145,102,43,0.7034482758620689,0.296551724137931,100000
round_of_16,Ecuador,Senegal,145,0.00145,77,68,0.5310344827586206,0.4689655172413793,100000
round_of_16,Spain,Uzbekistan,145,0.00145,125,20,0.8620689655172413,0.13793103448275862,100000
round_of_16,Brazil,Curaçao,143,0.00143,127,16,0.8881118881118881,0.11188811188811189,100000
round_of_16,Croatia,Senegal,142,0.00142,80,62,0.5633802816901409,0.43661971830985913,100000
round_of_16,Saudi Arabia,Senegal,139,0.00139,32,107,0.2302158273381295,0.7697841726618705,100000
round_of_16,Colombia,Uzbekistan,138,0.00138,101,37,0.7318840579710145,0.26811594202898553,100000
round_of_16,Iraq,Japan,135,0.00135,23,112,0.17037037037037037,0.8296296296296296,100000
round_of_16,Argentina,Croatia,134,0.00134,108,26,0.8059701492537313,0.19402985074626866,100000
round_of_16,Ghana,Norway,134,0.00134,32,102,0.23880597014925373,0.7611940298507462,100000
round_of_16,Paraguay,South Korea,132,0.00132,49,83,0.3712121212121212,0.6287878787878788,100000
round_of_16,Austria,Iraq,131,0.00131,89,42,0.6793893129770993,0.32061068702290074,100000
round_of_16,Bosnia and Herzegovina,Iraq,130,0.0013,56,74,0.4307692307692308,0.5692307692307692,100000
round_of_16,Colombia,Turkey,129,0.00129,91,38,0.7054263565891473,0.29457364341085274,100000
round_of_16,Ecuador,Qatar,129,0.00129,115,14,0.8914728682170543,0.10852713178294573,100000
round_of_16,Curaçao,Senegal,128,0.00128,31,97,0.2421875,0.7578125,100000
round_of_16,Australia,Brazil,125,0.00125,37,88,0.296,0.704,100000
round_of_16,Bosnia and Herzegovina,Curaçao,124,0.00124,81,43,0.6532258064516129,0.3467741935483871,100000
round_of_16,Ecuador,France,124,0.00124,39,85,0.31451612903225806,0.6854838709677419,100000
round_of_16,Argentina,Belgium,123,0.00123,92,31,0.7479674796747967,0.25203252032520324,100000
round_of_16,Iraq,Jordan,123,0.00123,68,55,0.5528455284552846,0.44715447154471544,100000
round_of_16,Iraq,Senegal,123,0.00123,46,77,0.37398373983739835,0.6260162601626016,100000
round_of_16,Morocco,Qatar,121,0.00121,108,13,0.8925619834710744,0.10743801652892562,100000
round_of_16,Norway,Portugal,118,0.00118,36,82,0.3050847457627119,0.6949152542372882,100000
round_of_16,DR Congo,Uzbekistan,117,0.00117,53,64,0.452991452991453,0.5470085470085471,100000
round_of_16,Iraq,Spain,116,0.00116,13,103,0.11206896551724138,0.8879310344827587,100000
round_of_16,Panama,Spain,116,0.00116,17,99,0.14655172413793102,0.853448275862069,100000
round_of_16,Cape Verde,Croatia,114,0.00114,17,97,0.14912280701754385,0.8508771929824561,100000
round_of_16,DR Congo,Senegal,114,0.00114,22,92,0.19298245614035087,0.8070175438596491,100000
round_of_16,France,Iran,114,0.00114,92,22,0.8070175438596491,0.19298245614035087,100000
round_of_16,Morocco,Paraguay,113,0.00113,80,33,0.7079646017699115,0.2920353982300885,100000
round_of_16,Argentina,Iraq,112,0.00112,102,10,0.9107142857142857,0.08928571428571429,100000
round_of_16,Ghana,Iraq,112,0.00112,48,64,0.42857142857142855,0.5714285714285714,100000
round_of_16,Algeria,Panama,111,0.00111,64,47,0.5765765765765766,0.42342342342342343,100000
round_of_16,Senegal,Uzbekistan,110,0.0011,71,39,0.6454545454545455,0.35454545454545455,100000
round_of_16,Iran,Turkey,109,0.00109,56,53,0.5137614678899083,0.48623853211009177,100000
round_of_16,Ghana,Japan,108,0.00108,17,91,0.1574074074074074,0.8425925925925926,100000
round_of_16,Germany,Netherlands,107,0.00107,54,53,0.5046728971962616,0.4953271028037383,100000
round_of_16,Portugal,Saudi Arabia,107,0.00107,90,17,0.8411214953271028,0.1588785046728972,100000
round_of_16,Cape Verde,France,106,0.00106,8,98,0.07547169811320754,0.9245283018867925,100000
round_of_16,Scotland,Turkey,106,0.00106,43,63,0.4056603773584906,0.5943396226415094,100000
round_of_16,Panama,Sweden,104,0.00104,55,49,0.5288461538461539,0.47115384615384615,100000
round_of_16,DR Congo,Japan,103,0.00103,25,78,0.24271844660194175,0.7572815533980582,100000
round_of_16,Austria,Panama,102,0.00102,71,31,0.696078431372549,0.30392156862745096,100000
round_of_16,France,Portugal,102,0.00102,59,43,0.5784313725490197,0.4215686274509804,100000
round_of_16,Belgium,Jordan,98,0.00098,73,25,0.7448979591836735,0.25510204081632654,100000
round_of_16,Iraq,Qatar,97,0.00097,61,36,0.6288659793814433,0.3711340206185567,100000
round_of_16,Cape Verde,Colombia,95,0.00095,17,78,0.17894736842105263,0.8210526315789474,100000
round_of_16,Netherlands,Senegal,89,0.00089,49,40,0.550561797752809,0.449438202247191,100000
round_of_16,Cape Verde,Uzbekistan,88,0.00088,31,57,0.3522727272727273,0.6477272727272727,100000
round_of_16,Czechia,Paraguay,87,0.00087,36,51,0.41379310344827586,0.5862068965517241,100000
round_of_16,Bosnia and Herzegovina,Paraguay,86,0.00086,21,65,0.2441860465116279,0.7558139534883721,100000
round_of_16,Croatia,France,86,0.00086,28,58,0.32558139534883723,0.6744186046511628,100000
round_of_16,Iran,Norway,86,0.00086,46,40,0.5348837209302325,0.46511627906976744,100000
round_of_16,Panama,Senegal,86,0.00086,32,54,0.37209302325581395,0.627906976744186,100000
round_of_16,Ecuador,Norway,85,0.00085,50,35,0.5882352941176471,0.4117647058823529,100000
round_of_16,Jordan,Panama,85,0.00085,34,51,0.4,0.6,100000
round_of_16,Cape Verde,Norway,84,0.00084,28,56,0.3333333333333333,0.6666666666666666,100000
round_of_16,Egypt,Japan,83,0.00083,30,53,0.3614457831325301,0.6385542168674698,100000
round_of_16,Colombia,France,81,0.00081,21,60,0.25925925925925924,0.7407407407407407,100000
round_of_16,Australia,South Korea,80,0.0008,44,36,0.55,0.45,100000
round_of_16,Brazil,Turkey,80,0.0008,57,23,0.7125,0.2875,100000
round_of_16,Brazil,Uruguay,80,0.0008,54,26,0.675,0.325,100000
round_of_16,Cape Verde,DR Congo,79,0.00079,33,46,0.4177215189873418,0.5822784810126582,100000
round_of_16,Cape Verde,Japan,79,0.00079,12,67,0.1518987341772152,0.8481012658227848,100000
round_of_16,Netherlands,Scotland,79,0.00079,58,21,0.7341772151898734,0.26582278481012656,100000
round_of_16,Cape Verde,Morocco,78,0.00078,19,59,0.24358974358974358,0.7564102564102564,100000
round_of_16,Croatia,Saudi Arabia,78,0.00078,67,11,0.8589743589743589,0.14102564102564102,100000
round_of_16,England,Turkey,76,0.00076,48,28,0.631578947368421,0.3684210526315789,100000
round_of_16,Cape Verde,Panama,74,0.00074,21,53,0.28378378378378377,0.7162162162162162,100000
round_of_16,Colombia,Norway,73,0.00073,45,28,0.6164383561643836,0.3835616438356164,100000
round_of_16,Colombia,Saudi Arabia,73,0.00073,58,15,0.7945205479452054,0.2054794520547945,100000
round_of_16,Iraq,Portugal,72,0.00072,11,61,0.1527777777777778,0.8472222222222222,100000
round_of_16,Japan,Uzbekistan,72,0.00072,55,17,0.7638888888888888,0.2361111111111111,100000
round_of_16,Croatia,Norway,71,0.00071,41,30,0.5774647887323944,0.4225352112676056,100000
round_of_16,Curaçao,Norway,70,0.0007,15,55,0.21428571428571427,0.7857142857142857,100000
round_of_16,Brazil,Spain,69,0.00069,25,44,0.36231884057971014,0.6376811594202898,100000
round_of_16,Australia,Morocco,68,0.00068,25,43,0.36764705882352944,0.6323529411764706,100000
round_of_16,DR Congo,Turkey,68,0.00068,21,47,0.3088235294117647,0.6911764705882353,100000
round_of_16,France,Saudi Arabia,66,0.00066,55,11,0.8333333333333334,0.16666666666666666,100000
round_of_16,Iran,Iraq,66,0.00066,46,20,0.696969696969697,0.30303030303030304,100000
round_of_16,Saudi Arabia,Uzbekistan,66,0.00066,22,44,0.3333333333333333,0.6666666666666666,100000
round_of_16,Curaçao,Qatar,64,0.00064,26,38,0.40625,0.59375,100000
round_of_16,Senegal,South Korea,63,0.00063,32,31,0.5079365079365079,0.49206349206349204,100000
round_of_16,Curaçao,Scotland,61,0.00061,15,46,0.2459016393442623,0.7540983606557377,100000
round_of_16,Egypt,Uruguay,60,0.0006,19,41,0.31666666666666665,0.6833333333333333,100000
round_of_16,France,Uzbekistan,60,0.0006,49,11,0.8166666666666667,0.18333333333333332,100000
round_of_16,Germany,Iran,60,0.0006,36,24,0.6,0.4,100000
round_of_16,Algeria,Australia,59,0.00059,28,31,0.4745762711864407,0.5254237288135594,100000
round_of_16,Argentina,Panama,58,0.00058,50,8,0.8620689655172413,0.13793103448275862,100000
round_of_16,Ghana,Turkey,57,0.00057,14,43,0.24561403508771928,0.7543859649122807,100000
round_of_16,South Korea,Turkey,57,0.00057,32,25,0.5614035087719298,0.43859649122807015,100000
round_of_16,Croatia,Iraq,56,0.00056,37,19,0.6607142857142857,0.3392857142857143,100000
round_of_16,DR Congo,France,55,0.00055,3,52,0.05454545454545454,0.9454545454545454,100000
round_of_16,DR Congo,Saudi Arabia,55,0.00055,31,24,0.5636363636363636,0.43636363636363634,100000
round_of_16,Panama,Saudi Arabia,54,0.00054,33,21,0.6111111111111112,0.3888888888888889,100000
round_of_16,Turkey,Uzbekistan,54,0.00054,34,20,0.6296296296296297,0.37037037037037035,100000
round_of_16,Morocco,Senegal,52,0.00052,36,16,0.6923076923076923,0.3076923076923077,100000
round_of_16,Algeria,Paraguay,51,0.00051,27,24,0.5294117647058824,0.47058823529411764,100000
round_of_16,Japan,Saudi Arabia,51,0.00051,39,12,0.7647058823529411,0.23529411764705882,100000
round_of_16,Argentina,Australia,50,0.0005,42,8,0.84,0.16,100000
round_of_16,France,Paraguay,50,0.0005,35,15,0.7,0.3,100000
round_of_16,Norway,Panama,50,0.0005,26,24,0.52,0.48,100000
round_of_16,Australia,Bosnia and Herzegovina,49,0.00049,38,11,0.7755102040816326,0.22448979591836735,100000
round_of_16,Norway,Saudi Arabia,49,0.00049,35,14,0.7142857142857143,0.2857142857142857,100000
round_of_16,Cape Verde,Netherlands,48,0.00048,2,46,0.041666666666666664,0.9583333333333334,100000
round_of_16,Iran,Japan,47,0.00047,20,27,0.425531914893617,0.574468085106383,100000
round_of_16,Morocco,Saudi Arabia,47,0.00047,37,10,0.7872340425531915,0.2127659574468085,100000
round_of_16,Australia,Czechia,46,0.00046,33,13,0.717391304347826,0.2826086956521739,100000
round_of_16,Belgium,Senegal,46,0.00046,20,26,0.43478260869565216,0.5652173913043478,100000
round_of_16,Egypt,Sweden,46,0.00046,28,18,0.6086956521739131,0.391304347826087,100000
round_of_16,Cape Verde,Iraq,45,0.00045,23,22,0.5111111111111111,0.4888888888888889,100000
round_of_16,DR Congo,Iraq,45,0.00045,20,25,0.4444444444444444,0.5555555555555556,100000
round_of_16,Japan,Panama,45,0.00045,31,14,0.6888888888888889,0.3111111111111111,100000
round_of_16,Norway,Uzbekistan,45,0.00045,22,23,0.4888888888888889,0.5111111111111111,100000
round_of_16,Panama,Turkey,45,0.00045,16,29,0.35555555555555557,0.6444444444444445,100000
round_of_16,Austria,Paraguay,44,0.00044,26,18,0.5909090909090909,0.4090909090909091,100000
round_of_16,Australia,Austria,42,0.00042,22,20,0.5238095238095238,0.47619047619047616,100000
round_of_16,Iran,Uruguay,42,0.00042,17,25,0.40476190476190477,0.5952380952380952,100000
round_of_16,Argentina,Paraguay,41,0.00041,38,3,0.926829268292683,0.07317073170731707,100000
round_of_16,Iraq,Uzbekistan,41,0.00041,19,22,0.4634146341463415,0.5365853658536586,100000
round_of_16,Curaçao,Iraq,40,0.0004,15,25,0.375,0.625,100000
round_of_16,Ecuador,Iraq,39,0.00039,32,7,0.8205128205128205,0.1794871794871795,100000
round_of_16,Morocco,Turkey,39,0.00039,25,14,0.6410256410256411,0.358974358974359,100000
round_of_16,France,Panama,38,0.00038,32,6,0.8421052631578947,0.15789473684210525,100000
round_of_16,Australia,Jordan,37,0.00037,23,14,0.6216216216216216,0.3783783783783784,100000
round_of_16,Netherlands,Saudi Arabia,36,0.00036,33,3,0.9166666666666666,0.08333333333333333,100000
round_of_16,Colombia,Iraq,35,0.00035,30,5,0.8571428571428571,0.14285714285714285,100000
round_of_16,Jordan,Paraguay,35,0.00035,10,25,0.2857142857142857,0.7142857142857143,100000
round_of_16,Brazil,Senegal,34,0.00034,24,10,0.7058823529411765,0.29411764705882354,100000
round_of_16,DR Congo,Norway,34,0.00034,11,23,0.3235294117647059,0.6764705882352942,100000
round_of_16,Iraq,Panama,34,0.00034,9,25,0.2647058823529412,0.7352941176470589,100000
round_of_16,Belgium,Germany,33,0.00033,13,20,0.3939393939393939,0.6060606060606061,100000
round_of_16,Czechia,Turkey,33,0.00033,14,19,0.42424242424242425,0.5757575757575758,100000
round_of_16,Egypt,Spain,33,0.00033,6,27,0.18181818181818182,0.8181818181818182,100000
round_of_16,Paraguay,Uruguay,33,0.00033,14,19,0.42424242424242425,0.5757575757575758,100000
round_of_16,Austria,Ecuador,32,0.00032,16,16,0.5,0.5,100000
round_of_16,Norway,Paraguay,32,0.00032,22,10,0.6875,0.3125,100000
round_of_16,Australia,Qatar,31,0.00031,25,6,0.8064516129032258,0.1935483870967742,100000
round_of_16,Egypt,Germany,31,0.00031,8,23,0.25806451612903225,0.7419354838709677,100000
round_of_16,Netherlands,Portugal,31,0.00031,20,11,0.6451612903225806,0.3548387096774194,100000
round_of_16,Belgium,France,30,0.0003,6,24,0.2,0.8,100000
round_of_16,Paraguay,Qatar,30,0.0003,26,4,0.8666666666666667,0.13333333333333333,100000
round_of_16,Scotland,Spain,30,0.0003,2,28,0.06666666666666667,0.9333333333333333,100000
round_of_16,Czechia,Senegal,29,0.00029,10,19,0.3448275862068966,0.6551724137931034,100000
round_of_16,Iraq,Saudi Arabia,28,0.00028,12,16,0.42857142857142855,0.5714285714285714,100000
round_of_16,Jordan,New Zealand,28,0.00028,13,15,0.4642857142857143,0.5357142857142857,100000
round_of_16,Australia,France,27,0.00027,5,22,0.18518518518518517,0.8148148148148148,100000
round_of_16,Bosnia and Herzegovina,Turkey,27,0.00027,5,22,0.18518518518518517,0.8148148148148148,100000
round_of_16,England,Netherlands,27,0.00027,20,7,0.7407407407407407,0.25925925925925924,100000
round_of_16,Ivory Coast,Spain,27,0.00027,4,23,0.14814814814814814,0.8518518518518519,100000
round_of_16,Bosnia and Herzegovina,Sweden,26,0.00026,9,17,0.34615384615384615,0.6538461538461539,100000
round_of_16,Egypt,New Zealand,26,0.00026,15,11,0.5769230769230769,0.4230769230769231,100000
round_of_16,Scotland,Uruguay,26,0.00026,12,14,0.46153846153846156,0.5384615384615384,100000
round_of_16,Sweden,Uruguay,26,0.00026,13,13,0.5,0.5,100000
round_of_16,Belgium,Uruguay,25,0.00025,14,11,0.56,0.44,100000
round_of_16,Scotland,Senegal,25,0.00025,7,18,0.28,0.72,100000
round_of_16,Bosnia and Herzegovina,Japan,24,0.00024,5,19,0.20833333333333334,0.7916666666666666,100000
round_of_16,Algeria,New Zealand,23,0.00023,17,6,0.7391304347826086,0.2608695652173913,100000
round_of_16,Paraguay,South Africa,22,0.00022,10,12,0.45454545454545453,0.5454545454545454,100000
round_of_16,Algeria,Ecuador,21,0.00021,8,13,0.38095238095238093,0.6190476190476191,100000
round_of_16,Austria,New Zealand,21,0.00021,12,9,0.5714285714285714,0.42857142857142855,100000
round_of_16,Belgium,Norway,21,0.00021,15,6,0.7142857142857143,0.2857142857142857,100000
round_of_16,Austria,Curaçao,20,0.0002,16,4,0.8,0.2,100000
round_of_16,Croatia,Netherlands,20,0.0002,3,17,0.15,0.85,100000
round_of_16,Algeria,Japan,19,0.00019,7,12,0.3684210526315789,0.631578947368421,100000
round_of_16,Argentina,Curaçao,19,0.00019,19,0,1.0,0.0,100000
round_of_16,France,Haiti,19,0.00019,19,0,1.0,0.0,100000
round_of_16,Iran,Sweden,19,0.00019,13,6,0.6842105263157895,0.3157894736842105,100000
round_of_16,Japan,Qatar,19,0.00019,16,3,0.8421052631578947,0.15789473684210525,100000
round_of_16,Spain,Sweden,19,0.00019,16,3,0.8421052631578947,0.15789473684210525,100000
round_of_16,Algeria,Sweden,18,0.00018,11,7,0.6111111111111112,0.3888888888888889,100000
round_of_16,Argentina,Ecuador,18,0.00018,15,3,0.8333333333333334,0.16666666666666666,100000
round_of_16,Argentina,New Zealand,18,0.00018,17,1,0.9444444444444444,0.05555555555555555,100000
round_of_16,Brazil,Cape Verde,18,0.00018,16,2,0.8888888888888888,0.1111111111111111,100000
round_of_16,Cape Verde,Egypt,18,0.00018,8,10,0.4444444444444444,0.5555555555555556,100000
round_of_16,Germany,New Zealand,18,0.00018,14,4,0.7777777777777778,0.2222222222222222,100000
round_of_16,Iraq,Morocco,18,0.00018,2,16,0.1111111111111111,0.8888888888888888,100000
round_of_16,Iraq,South Korea,18,0.00018,7,11,0.3888888888888889,0.6111111111111112,100000
round_of_16,Paraguay,Sweden,18,0.00018,11,7,0.6111111111111112,0.3888888888888889,100000
round_of_16,Belgium,Iraq,17,0.00017,15,2,0.8823529411764706,0.11764705882352941,100000
round_of_16,Paraguay,Spain,17,0.00017,3,14,0.17647058823529413,0.8235294117647058,100000
round_of_16,Australia,Norway,16,0.00016,6,10,0.375,0.625,100000
round_of_16,Australia,South Africa,16,0.00016,12,4,0.75,0.25,100000
round_of_16,Ecuador,Jordan,16,0.00016,13,3,0.8125,0.1875,100000
round_of_16,New Zealand,Uruguay,16,0.00016,5,11,0.3125,0.6875,100000
round_of_16,Austria,Japan,15,0.00015,7,8,0.4666666666666667,0.5333333333333333,100000
round_of_16,Brazil,Saudi Arabia,15,0.00015,14,1,0.9333333333333333,0.06666666666666667,100000
round_of_16,Egypt,Ivory Coast,15,0.00015,6,9,0.4,0.6,100000
round_of_16,Haiti,South Korea,15,0.00015,2,13,0.13333333333333333,0.8666666666666667,100000
round_of_16,Japan,Jordan,15,0.00015,12,3,0.8,0.2,100000
round_of_16,Colombia,Netherlands,14,0.00014,9,5,0.6428571428571429,0.35714285714285715,100000
round_of_16,France,Turkey,14,0.00014,11,3,0.7857142857142857,0.21428571428571427,100000
round_of_16,Iraq,Netherlands,14,0.00014,4,10,0.2857142857142857,0.7142857142857143,100000
round_of_16,Japan,Paraguay,14,0.00014,13,1,0.9285714285714286,0.07142857142857142,100000
round_of_16,Paraguay,Senegal,14,0.00014,5,9,0.35714285714285715,0.6428571428571429,100000
round_of_16,Qatar,Sweden,14,0.00014,6,8,0.42857142857142855,0.5714285714285714,100000
round_of_16,Australia,Sweden,13,0.00013,4,9,0.3076923076923077,0.6923076923076923,100000
round_of_16,Belgium,Japan,13,0.00013,7,6,0.5384615384615384,0.46153846153846156,100000
round_of_16,DR Congo,Netherlands,13,0.00013,3,10,0.23076923076923078,0.7692307692307693,100000
round_of_16,Algeria,Curaçao,12,0.00012,11,1,0.9166666666666666,0.08333333333333333,100000
round_of_16,Australia,Japan,12,0.00012,2,10,0.16666666666666666,0.8333333333333334,100000
round_of_16,Colombia,Ivory Coast,12,0.00012,9,3,0.75,0.25,100000
round_of_16,Czechia,Iraq,12,0.00012,8,4,0.6666666666666666,0.3333333333333333,100000
round_of_16,France,New Zealand,12,0.00012,12,0,1.0,0.0,100000
round_of_16,Ivory Coast,Paraguay,12,0.00012,4,8,0.3333333333333333,0.6666666666666666,100000
round_of_16,Austria,Sweden,11,0.00011,8,3,0.7272727272727273,0.2727272727272727,100000
round_of_16,Haiti,Norway,11,0.00011,3,8,0.2727272727272727,0.7272727272727273,100000
round_of_16,Iran,Saudi Arabia,11,0.00011,9,2,0.8181818181818182,0.18181818181818182,100000
round_of_16,Ivory Coast,Portugal,11,0.00011,5,6,0.45454545454545453,0.5454545454545454,100000
round_of_16,Netherlands,Uzbekistan,11,0.00011,9,2,0.8181818181818182,0.18181818181818182,100000
round_of_16,Qatar,Turkey,11,0.00011,3,8,0.2727272727272727,0.7272727272727273,100000
round_of_16,Brazil,Iraq,10,0.0001,6,4,0.6,0.4,100000
round_of_16,Cape Verde,Paraguay,10,0.0001,2,8,0.2,0.8,100000
round_of_16,Cape Verde,Scotland,10,0.0001,6,4,0.6,0.4,100000
round_of_16,Egypt,Netherlands,10,0.0001,4,6,0.4,0.6,100000
round_of_16,Iran,Spain,10,0.0001,1,9,0.1,0.9,100000
round_of_16,New Zealand,Norway,10,0.0001,4,6,0.4,0.6,100000
round_of_16,Argentina,Japan,9,9e-05,6,3,0.6666666666666666,0.3333333333333333,100000
round_of_16,Bosnia and Herzegovina,Haiti,9,9e-05,4,5,0.4444444444444444,0.5555555555555556,100000
round_of_16,Cape Verde,Iran,9,9e-05,2,7,0.2222222222222222,0.7777777777777778,100000
round_of_16,Curaçao,Jordan,9,9e-05,3,6,0.3333333333333333,0.6666666666666666,100000
round_of_16,New Zealand,Spain,9,9e-05,0,9,0.0,1.0,100000
round_of_16,Paraguay,Saudi Arabia,9,9e-05,6,3,0.6666666666666666,0.3333333333333333,100000
round_of_16,Saudi Arabia,Sweden,9,9e-05,6,3,0.6666666666666666,0.3333333333333333,100000
round_of_16,Croatia,Ivory Coast,8,8e-05,6,2,0.75,0.25,100000
round_of_16,Ivory Coast,New Zealand,8,8e-05,5,3,0.625,0.375,100000
round_of_16,Jordan,Sweden,8,8e-05,4,4,0.5,0.5,100000
round_of_16,Sweden,Turkey,8,8e-05,2,6,0.25,0.75,100000
round_of_16,Egypt,Saudi Arabia,7,7e-05,5,2,0.7142857142857143,0.2857142857142857,100000
round_of_16,England,Ivory Coast,7,7e-05,6,1,0.8571428571428571,0.14285714285714285,100000
round_of_16,Haiti,Paraguay,7,7e-05,4,3,0.5714285714285714,0.42857142857142855,100000
round_of_16,Iran,Netherlands,7,7e-05,1,6,0.14285714285714285,0.8571428571428571,100000
round_of_16,Norway,Turkey,7,7e-05,3,4,0.42857142857142855,0.5714285714285714,100000
round_of_16,Saudi Arabia,Scotland,7,7e-05,2,5,0.2857142857142857,0.7142857142857143,100000
round_of_16,South Africa,Turkey,7,7e-05,1,6,0.14285714285714285,0.8571428571428571,100000
round_of_16,Cape Verde,Sweden,6,6e-05,1,5,0.16666666666666666,0.8333333333333334,100000
round_of_16,Curaçao,Spain,6,6e-05,0,6,0.0,1.0,100000
round_of_16,Czechia,Haiti,6,6e-05,3,3,0.5,0.5,100000
round_of_16,DR Congo,Ivory Coast,6,6e-05,2,4,0.3333333333333333,0.6666666666666666,100000
round_of_16,Egypt,South Korea,6,6e-05,2,4,0.3333333333333333,0.6666666666666666,100000
round_of_16,Haiti,Qatar,6,6e-05,4,2,0.6666666666666666,0.3333333333333333,100000
round_of_16,Iran,South Korea,6,6e-05,5,1,0.8333333333333334,0.16666666666666666,100000
round_of_16,Ivory Coast,Panama,6,6e-05,3,3,0.5,0.5,100000
round_of_16,New Zealand,Saudi Arabia,6,6e-05,3,3,0.5,0.5,100000
round_of_16,Turkey,Uruguay,6,6e-05,2,4,0.3333333333333333,0.6666666666666666,100000
round_of_16,Belgium,South Korea,5,5e-05,3,2,0.6,0.4,100000
round_of_16,Belgium,Sweden,5,5e-05,3,2,0.6,0.4,100000
round_of_16,Cape Verde,New Zealand,5,5e-05,2,3,0.4,0.6,100000
round_of_16,Iraq,Paraguay,5,5e-05,1,4,0.2,0.8,100000
round_of_16,Netherlands,Panama,5,5e-05,4,1,0.8,0.2,100000
round_of_16,New Zealand,Senegal,5,5e-05,1,4,0.2,0.8,100000
round_of_16,Senegal,South Africa,5,5e-05,2,3,0.4,0.6,100000
round_of_16,Argentina,Sweden,4,4e-05,4,0,1.0,0.0,100000
round_of_16,Australia,Haiti,4,4e-05,4,0,1.0,0.0,100000
round_of_16,Australia,Uruguay,4,4e-05,4,0,1.0,0.0,100000
round_of_16,Belgium,Czechia,4,4e-05,1,3,0.25,0.75,100000
round_of_16,Belgium,Spain,4,4e-05,1,3,0.25,0.75,100000
round_of_16,Czechia,Egypt,4,4e-05,1,3,0.25,0.75,100000
round_of_16,Ghana,Ivory Coast,4,4e-05,0,4,0.0,1.0,100000
round_of_16,Ghana,Netherlands,4,4e-05,0,4,0.0,1.0,100000
round_of_16,Iraq,Scotland,4,4e-05,0,4,0.0,1.0,100000
round_of_16,Iraq,South Africa,4,4e-05,3,1,0.75,0.25,100000
round_of_16,Ivory Coast,Uzbekistan,4,4e-05,4,0,1.0,0.0,100000
round_of_16,Japan,Turkey,4,4e-05,1,3,0.25,0.75,100000
round_of_16,Netherlands,Paraguay,4,4e-05,2,2,0.5,0.5,100000
round_of_16,Argentina,Netherlands,3,3e-05,1,2,0.3333333333333333,0.6666666666666666,100000
round_of_16,Brazil,Iran,3,3e-05,1,2,0.3333333333333333,0.6666666666666666,100000
round_of_16,Cape Verde,Ivory Coast,3,3e-05,2,1,0.6666666666666666,0.3333333333333333,100000
round_of_16,Czechia,Uruguay,3,3e-05,1,2,0.3333333333333333,0.6666666666666666,100000
round_of_16,Egypt,Morocco,3,3e-05,1,2,0.3333333333333333,0.6666666666666666,100000
round_of_16,Germany,Spain,3,3e-05,1,2,0.3333333333333333,0.6666666666666666,100000
round_of_16,Iran,Ivory Coast,3,3e-05,2,1,0.6666666666666666,0.3333333333333333,100000
round_of_16,Algeria,Netherlands,2,2e-05,0,2,0.0,1.0,100000
round_of_16,Argentina,Turkey,2,2e-05,1,1,0.5,0.5,100000
round_of_16,Australia,Netherlands,2,2e-05,1,1,0.5,0.5,100000
round_of_16,Australia,Spain,2,2e-05,0,2,0.0,1.0,100000
round_of_16,Belgium,Cape Verde,2,2e-05,1,1,0.5,0.5,100000
round_of_16,Belgium,Ivory Coast,2,2e-05,1,1,0.5,0.5,100000
round_of_16,Belgium,Saudi Arabia,2,2e-05,2,0,1.0,0.0,100000
round_of_16,Curaçao,Egypt,2,2e-05,0,2,0.0,1.0,100000
round_of_16,Germany,Uruguay,2,2e-05,1,1,0.5,0.5,100000
round_of_16,Haiti,Turkey,2,2e-05,0,2,0.0,1.0,100000
round_of_16,Iran,Qatar,2,2e-05,2,0,1.0,0.0,100000
round_of_16,Ivory Coast,Uruguay,2,2e-05,2,0,1.0,0.0,100000
round_of_16,Morocco,Panama,2,2e-05,2,0,1.0,0.0,100000
round_of_16,New Zealand,South Korea,2,2e-05,0,2,0.0,1.0,100000
round_of_16,Algeria,Brazil,1,1e-05,0,1,0.0,1.0,100000
round_of_16,Algeria,Turkey,1,1e-05,0,1,0.0,1.0,100000
round_of_16,Australia,Senegal,1,1e-05,1,0,1.0,0.0,100000
round_of_16,Austria,Brazil,1,1e-05,0,1,0.0,1.0,100000
round_of_16,Austria,Netherlands,1,1e-05,1,0,1.0,0.0,100000
round_of_16,Austria,Scotland,1,1e-05,0,1,0.0,1.0,100000
round_of_16,Belgium,Netherlands,1,1e-05,1,0,1.0,0.0,100000
round_of_16,Bosnia and Herzegovina,Egypt,1,1e-05,1,0,1.0,0.0,100000
round_of_16,Bosnia and Herzegovina,Netherlands,1,1e-05,0,1,0.0,1.0,100000
round_of_16,Brazil,DR Congo,1,1e-05,1,0,1.0,0.0,100000
round_of_16,Brazil,England,1,1e-05,0,1,0.0,1.0,100000
round_of_16,Brazil,Panama,1,1e-05,1,0,1.0,0.0,100000
round_of_16,Cape Verde,Turkey,1,1e-05,0,1,0.0,1.0,100000
round_of_16,Croatia,Curaçao,1,1e-05,1,0,1.0,0.0,100000
round_of_16,Croatia,Ecuador,1,1e-05,1,0,1.0,0.0,100000
round_of_16,Curaçao,DR Congo,1,1e-05,0,1,0.0,1.0,100000
round_of_16,Curaçao,Portugal,1,1e-05,0,1,0.0,1.0,100000
round_of_16,Curaçao,Uzbekistan,1,1e-05,0,1,0.0,1.0,100000
round_of_16,Czechia,Iran,1,1e-05,0,1,0.0,1.0,100000
round_of_16,Czechia,Saudi Arabia,1,1e-05,0,1,0.0,1.0,100000
round_of_16,DR Congo,Ecuador,1,1e-05,0,1,0.0,1.0,100000
round_of_16,Ecuador,Ghana,1,1e-05,0,1,0.0,1.0,100000
round_of_16,Ecuador,Spain,1,1e-05,1,0,1.0,0.0,100000
round_of_16,England,Morocco,1,1e-05,0,1,0.0,1.0,100000
round_of_16,Haiti,Senegal,1,1e-05,0,1,0.0,1.0,100000
round_of_16,Haiti,Sweden,1,1e-05,0,1,0.0,1.0,100000
round_of_16,Iraq,New Zealand,1,1e-05,1,0,1.0,0.0,100000
round_of_16,Ivory Coast,Saudi Arabia,1,1e-05,1,0,1.0,0.0,100000
round_of_16,Ivory Coast,Turkey,1,1e-05,0,1,0.0,1.0,100000
round_of_16,Japan,New Zealand,1,1e-05,1,0,1.0,0.0,100000
round_of_16,Jordan,Netherlands,1,1e-05,0,1,0.0,1.0,100000
round_of_16,Morocco,Portugal,1,1e-05,0,1,0.0,1.0,100000
round_of_16,Netherlands,Qatar,1,1e-05,1,0,1.0,0.0,100000
round_of_16,New Zealand,Sweden,1,1e-05,0,1,0.0,1.0,100000
round_of_16,Senegal,Turkey,1,1e-05,1,0,1.0,0.0,100000
round_of_16,South Korea,Spain,1,1e-05,0,1,0.0,1.0,100000
round_of_16,Spain,Turkey,1,1e-05,1,0,1.0,0.0,100000
quarterfinal,Argentina,Colombia,12210,0.1221,8646,3564,0.7081081081081081,0.2918918918918919,100000
quarterfinal,Brazil,Germany,11840,0.1184,6420,5420,0.5422297297297297,0.4577702702702703,100000
quarterfinal,Colombia,Spain,11143,0.11143,3598,7545,0.3228932962397918,0.6771067037602082,100000
quarterfinal,Brazil,France,9117,0.09117,3742,5375,0.4104420313699682,0.5895579686300318,100000
quarterfinal,France,Mexico,8977,0.08977,6059,2918,0.6749470870001114,0.3250529129998886,100000
quarterfinal,France,Netherlands,8872,0.08872,5512,3360,0.6212804328223624,0.3787195671776375,100000
quarterfinal,Mexico,United States,8279,0.08279,5031,3248,0.6076820872086001,0.39231791279139994,100000
quarterfinal,Argentina,Australia,8139,0.08139,6533,1606,0.8026784617274849,0.19732153827251506,100000
quarterfinal,England,Portugal,7818,0.07818,4518,3300,0.577897160399079,0.42210283960092093,100000
quarterfinal,Australia,Spain,7369,0.07369,1568,5801,0.21278328131361107,0.7872167186863889,100000
quarterfinal,Germany,Netherlands,7107,0.07107,3590,3517,0.5051357816237513,0.4948642183762488,100000
quarterfinal,France,Japan,6395,0.06395,4320,2075,0.6755277560594214,0.32447224394057855,100000
quarterfinal,Argentina,Belgium,6388,0.06388,4990,1398,0.7811521603005636,0.21884783969943644,100000
quarterfinal,France,Morocco,6201,0.06201,4290,1911,0.6918238993710691,0.3081761006289308,100000
quarterfinal,Germany,Switzerland,6079,0.06079,3940,2139,0.6481329165981247,0.35186708340187534,100000
quarterfinal,Croatia,England,5823,0.05823,2477,3346,0.42538210544392924,0.5746178945560707,100000
quarterfinal,Argentina,Portugal,5796,0.05796,4004,1792,0.6908212560386473,0.30917874396135264,100000
quarterfinal,Belgium,Spain,5640,0.0564,1377,4263,0.24414893617021277,0.7558510638297873,100000
quarterfinal,Canada,England,5220,0.0522,1188,4032,0.22758620689655173,0.7724137931034483,100000
quarterfinal,Portugal,Spain,5200,0.052,1677,3523,0.3225,0.6775,100000
quarterfinal,Colombia,England,5185,0.05185,2171,3014,0.4187078109932498,0.5812921890067503,100000
quarterfinal,Germany,South Korea,4847,0.04847,3169,1678,0.6538064782339591,0.34619352176604085,100000
quarterfinal,Netherlands,United States,4775,0.04775,3105,1670,0.650261780104712,0.34973821989528797,100000
quarterfinal,Germany,Japan,4386,0.04386,2470,1916,0.563155494756042,0.43684450524395807,100000
quarterfinal,Morocco,United States,4339,0.04339,2552,1787,0.5881539525236229,0.41184604747637704,100000
quarterfinal,Mexico,Norway,4212,0.04212,2662,1550,0.6320037986704653,0.36799620132953464,100000
quarterfinal,Japan,United States,4064,0.04064,2433,1631,0.5986712598425197,0.4013287401574803,100000
quarterfinal,England,Switzerland,4056,0.04056,2885,1171,0.7112919132149902,0.28870808678500987,100000
quarterfinal,France,Switzerland,3761,0.03761,2805,956,0.74581228396703,0.25418771603296997,100000
quarterfinal,Brazil,Norway,3626,0.03626,2649,977,0.7305570876999449,0.2694429123000552,100000
quarterfinal,Netherlands,Norway,3606,0.03606,2498,1108,0.6927343316694399,0.3072656683305602,100000
quarterfinal,Germany,Morocco,3248,0.03248,1876,1372,0.5775862068965517,0.4224137931034483,100000
quarterfinal,Argentina,Paraguay,3212,0.03212,2763,449,0.8602117061021171,0.13978829389788294,100000
quarterfinal,France,South Korea,2974,0.02974,2286,688,0.7686617350369872,0.23133826496301277,100000
quarterfinal,Austria,Colombia,2893,0.02893,1088,1805,0.3760801935706879,0.6239198064293121,100000
quarterfinal,Paraguay,Spain,2893,0.02893,453,2440,0.15658486000691324,0.8434151399930868,100000
quarterfinal,Japan,Norway,2825,0.02825,1765,1060,0.6247787610619469,0.3752212389380531,100000
quarterfinal,England,Iran,2789,0.02789,2094,695,0.7508067407673001,0.2491932592326999,100000
quarterfinal,Canada,Germany,2766,0.02766,881,1885,0.3185104844540853,0.6814895155459146,100000
quarterfinal,Ivory Coast,Mexico,2744,0.02744,888,1856,0.3236151603498542,0.6763848396501457,100000
quarterfinal,Morocco,Norway,2638,0.02638,1675,963,0.634950720242608,0.365049279757392,100000
quarterfinal,Egypt,England,2443,0.02443,504,1939,0.20630372492836677,0.7936962750716332,100000
quarterfinal,Brazil,United States,2147,0.02147,1483,664,0.6907312529110387,0.30926874708896135,100000
quarterfinal,Mexico,Senegal,2122,0.02122,1322,800,0.6229971724787936,0.3770028275212064,100000
quarterfinal,Argentina,Croatia,2078,0.02078,1593,485,0.7666025024061598,0.23339749759384024,100000
quarterfinal,Croatia,Spain,1968,0.01968,475,1493,0.24136178861788618,0.7586382113821138,100000
quarterfinal,Colombia,Uruguay,1952,0.01952,1098,854,0.5625,0.4375,100000
quarterfinal,France,Sweden,1921,0.01921,1595,326,0.8302967204580948,0.16970327954190526,100000
quarterfinal,Canada,France,1890,0.0189,416,1474,0.2201058201058201,0.7798941798941799,100000
quarterfinal,Brazil,Morocco,1855,0.01855,1074,781,0.5789757412398921,0.4210242587601078,100000
quarterfinal,Australia,Austria,1823,0.01823,901,922,0.494240263302249,0.505759736697751,100000
quarterfinal,England,Ghana,1770,0.0177,1161,609,0.6559322033898305,0.3440677966101695,100000
quarterfinal,DR Congo,England,1745,0.01745,219,1526,0.12550143266475644,0.8744985673352436,100000
quarterfinal,Austria,Portugal,1737,0.01737,629,1108,0.362118595279217,0.6378814047207829,100000
quarterfinal,Egypt,Portugal,1704,0.01704,422,1282,0.2476525821596244,0.7523474178403756,100000
quarterfinal,England,Uzbekistan,1641,0.01641,1332,309,0.8117001828153565,0.1882998171846435,100000
quarterfinal,Brazil,South Korea,1574,0.01574,1102,472,0.7001270648030495,0.29987293519695046,100000
quarterfinal,Ivory Coast,Netherlands,1570,0.0157,424,1146,0.2700636942675159,0.729936305732484,100000
quarterfinal,Ivory Coast,Japan,1546,0.01546,518,1028,0.3350582147477361,0.6649417852522639,100000
quarterfinal,Austria,Belgium,1516,0.01516,704,812,0.46437994722955145,0.5356200527704486,100000
quarterfinal,Portugal,Uruguay,1504,0.01504,896,608,0.5957446808510638,0.40425531914893614,100000
quarterfinal,Brazil,Scotland,1498,0.01498,945,553,0.6308411214953271,0.3691588785046729,100000
quarterfinal,Belgium,England,1493,0.01493,467,1026,0.31279303415941057,0.6872069658405894,100000
quarterfinal,England,Panama,1483,0.01483,1002,481,0.6756574511126096,0.32434254888739045,100000
quarterfinal,Ivory Coast,Morocco,1468,0.01468,481,987,0.3276566757493188,0.6723433242506812,100000
quarterfinal,England,Spain,1437,0.01437,575,862,0.4001391788448156,0.5998608211551845,100000
quarterfinal,Argentina,England,1425,0.01425,869,556,0.6098245614035088,0.39017543859649123,100000
quarterfinal,Ecuador,Mexico,1421,0.01421,694,727,0.4883884588318086,0.5116115411681914,100000
quarterfinal,Sweden,United States,1364,0.01364,566,798,0.4149560117302053,0.5850439882697948,100000
quarterfinal,Brazil,Netherlands,1339,0.01339,731,608,0.5459297983569829,0.4540702016430172,100000
quarterfinal,Norway,Switzerland,1329,0.01329,618,711,0.4650112866817156,0.5349887133182845,100000
quarterfinal,Ecuador,United States,1319,0.01319,763,556,0.5784685367702805,0.42153146322971946,100000
quarterfinal,Brazil,Japan,1307,0.01307,802,505,0.613618974751339,0.3863810252486611,100000
quarterfinal,Netherlands,Senegal,1277,0.01277,821,456,0.6429130775254502,0.3570869224745497,100000
quarterfinal,Ecuador,France,1196,0.01196,371,825,0.3102006688963211,0.689799331103679,100000
quarterfinal,Iran,Portugal,1149,0.01149,390,759,0.3394255874673629,0.660574412532637,100000
quarterfinal,Morocco,Senegal,1130,0.0113,689,441,0.6097345132743363,0.3902654867256637,100000
quarterfinal,Japan,Senegal,1106,0.01106,646,460,0.5840867992766727,0.4159132007233273,100000
quarterfinal,Norway,South Korea,1102,0.01102,550,552,0.49909255898366606,0.5009074410163339,100000
quarterfinal,Canada,Egypt,1098,0.01098,642,456,0.5846994535519126,0.41530054644808745,100000
quarterfinal,Argentina,Egypt,1095,0.01095,952,143,0.869406392694064,0.13059360730593608,100000
quarterfinal,Argentina,Iran,1081,0.01081,908,173,0.8399629972247918,0.16003700277520813,100000
quarterfinal,Croatia,Egypt,1078,0.01078,702,376,0.6512059369202227,0.34879406307977734,100000
quarterfinal,Colombia,Egypt,1052,0.01052,740,312,0.7034220532319392,0.2965779467680608,100000
quarterfinal,Iran,Spain,998,0.00998,187,811,0.187374749498998,0.812625250501002,100000
quarterfinal,Argentina,DR Congo,995,0.00995,888,107,0.892462311557789,0.10753768844221105,100000
quarterfinal,Egypt,Spain,973,0.00973,144,829,0.14799588900308325,0.8520041109969168,100000
quarterfinal,Australia,Uruguay,966,0.00966,416,550,0.4306418219461698,0.5693581780538303,100000
quarterfinal,Brazil,Switzerland,963,0.00963,681,282,0.7071651090342679,0.29283489096573206,100000
quarterfinal,DR Congo,Spain,931,0.00931,90,841,0.0966702470461869,0.9033297529538131,100000
quarterfinal,Egypt,Iran,929,0.00929,475,454,0.511302475780409,0.48869752421959095,100000
quarterfinal,Austria,England,927,0.00927,241,686,0.2599784250269687,0.7400215749730313,100000
quarterfinal,England,Uruguay,921,0.00921,619,302,0.6720955483170467,0.3279044516829533,100000
quarterfinal,Argentina,Panama,920,0.0092,782,138,0.85,0.15,100000
quarterfinal,Belgium,Uruguay,890,0.0089,445,445,0.5,0.5,100000
quarterfinal,Colombia,Portugal,890,0.0089,438,452,0.49213483146067416,0.5078651685393258,100000
quarterfinal,Egypt,Switzerland,885,0.00885,362,523,0.4090395480225989,0.5909604519774011,100000
quarterfinal,Algeria,Colombia,882,0.00882,314,568,0.35600907029478457,0.6439909297052154,100000
quarterfinal,Norway,Sweden,877,0.00877,504,373,0.5746864310148233,0.42531356898517675,100000
quarterfinal,Panama,Spain,877,0.00877,137,740,0.15621436716077536,0.8437856328392246,100000
quarterfinal,Germany,Mexico,859,0.00859,489,370,0.5692665890570431,0.4307334109429569,100000
quarterfinal,Japan,Mexico,832,0.00832,410,422,0.49278846153846156,0.5072115384615384,100000
quarterfinal,Germany,Sweden,825,0.00825,625,200,0.7575757575757576,0.24242424242424243,100000
quarterfinal,Argentina,New Zealand,796,0.00796,732,64,0.9195979899497487,0.08040201005025126,100000
quarterfinal,Japan,Morocco,776,0.00776,389,387,0.5012886597938144,0.49871134020618557,100000
quarterfinal,Mexico,Sweden,768,0.00768,567,201,0.73828125,0.26171875,100000
quarterfinal,Algeria,Portugal,751,0.00751,239,512,0.3182423435419441,0.681757656458056,100000
quarterfinal,Austria,Paraguay,751,0.00751,424,327,0.5645805592543276,0.43541944074567246,100000
quarterfinal,Ecuador,Ivory Coast,750,0.0075,489,261,0.652,0.348,100000
quarterfinal,Algeria,England,747,0.00747,186,561,0.24899598393574296,0.751004016064257,100000
quarterfinal,Croatia,Portugal,744,0.00744,307,437,0.41263440860215056,0.5873655913978495,100000
quarterfinal,France,Scotland,733,0.00733,623,110,0.849931787175989,0.15006821282401092,100000
quarterfinal,Canada,Iran,726,0.00726,341,385,0.4696969696969697,0.5303030303030303,100000
quarterfinal,Ecuador,Netherlands,718,0.00718,308,410,0.42896935933147634,0.5710306406685237,100000
quarterfinal,Croatia,Uruguay,715,0.00715,345,370,0.4825174825174825,0.5174825174825175,100000
quarterfinal,New Zealand,Spain,714,0.00714,65,649,0.09103641456582633,0.9089635854341737,100000
quarterfinal,Canada,Norway,709,0.00709,345,364,0.48660084626234135,0.5133991537376587,100000
quarterfinal,Ecuador,Japan,708,0.00708,362,346,0.5112994350282486,0.4887005649717514,100000
quarterfinal,Austria,Croatia,705,0.00705,325,380,0.46099290780141844,0.5390070921985816,100000
quarterfinal,Colombia,Iran,705,0.00705,486,219,0.6893617021276596,0.31063829787234043,100000
quarterfinal,Ivory Coast,Sweden,702,0.00702,405,297,0.5769230769230769,0.4230769230769231,100000
quarterfinal,Brazil,Ivory Coast,687,0.00687,536,151,0.7802037845705968,0.2197962154294032,100000
quarterfinal,Morocco,Netherlands,679,0.00679,315,364,0.4639175257731959,0.5360824742268041,100000
quarterfinal,Netherlands,Scotland,668,0.00668,499,169,0.7470059880239521,0.25299401197604793,100000
quarterfinal,Argentina,Uzbekistan,646,0.00646,554,92,0.8575851393188855,0.14241486068111456,100000
quarterfinal,Canada,Spain,646,0.00646,116,530,0.17956656346749225,0.8204334365325078,100000
quarterfinal,Brazil,Senegal,643,0.00643,444,199,0.6905132192846034,0.3094867807153966,100000
quarterfinal,Croatia,Iran,631,0.00631,391,240,0.6196513470681458,0.3803486529318542,100000
quarterfinal,Spain,Uzbekistan,625,0.00625,532,93,0.8512,0.1488,100000
quarterfinal,Germany,Scotland,622,0.00622,469,153,0.7540192926045016,0.2459807073954984,100000
quarterfinal,Canada,Uruguay,621,0.00621,227,394,0.36553945249597425,0.6344605475040258,100000
quarterfinal,Canada,Portugal,612,0.00612,209,403,0.3415032679738562,0.6584967320261438,100000
quarterfinal,Argentina,Turkey,604,0.00604,489,115,0.8096026490066225,0.19039735099337748,100000
quarterfinal,Japan,Sweden,588,0.00588,378,210,0.6428571428571429,0.35714285714285715,100000
quarterfinal,Japan,Netherlands,578,0.00578,280,298,0.4844290657439446,0.5155709342560554,100000
quarterfinal,Ecuador,Morocco,566,0.00566,286,280,0.5053003533568905,0.49469964664310956,100000
quarterfinal,Portugal,Senegal,559,0.00559,363,196,0.6493738819320215,0.35062611806797855,100000
quarterfinal,Iraq,Mexico,542,0.00542,118,424,0.2177121771217712,0.7822878228782287,100000
quarterfinal,South Korea,United States,535,0.00535,254,281,0.4747663551401869,0.525233644859813,100000
quarterfinal,Morocco,South Korea,534,0.00534,331,203,0.6198501872659176,0.3801498127340824,100000
quarterfinal,Brazil,Sweden,524,0.00524,425,99,0.8110687022900763,0.18893129770992367,100000
quarterfinal,Switzerland,Uruguay,524,0.00524,256,268,0.48854961832061067,0.5114503816793893,100000
quarterfinal,Morocco,Scotland,522,0.00522,338,184,0.6475095785440613,0.3524904214559387,100000
quarterfinal,England,Senegal,518,0.00518,353,165,0.6814671814671814,0.3185328185328185,100000
quarterfinal,Iran,Switzerland,514,0.00514,240,274,0.4669260700389105,0.5330739299610895,100000
quarterfinal,Scotland,United States,505,0.00505,185,320,0.36633663366336633,0.6336633663366337,100000
quarterfinal,Scotland,Switzerland,501,0.00501,183,318,0.3652694610778443,0.6347305389221557,100000
quarterfinal,Spain,Turkey,500,0.005,413,87,0.826,0.174,100000
quarterfinal,Netherlands,Sweden,494,0.00494,300,194,0.6072874493927125,0.39271255060728744,100000
quarterfinal,Colombia,Croatia,492,0.00492,281,211,0.5711382113821138,0.42886178861788615,100000
quarterfinal,Argentina,Canada,491,0.00491,405,86,0.824847250509165,0.17515274949083504,100000
quarterfinal,Brazil,Canada,490,0.0049,370,120,0.7551020408163265,0.24489795918367346,100000
quarterfinal,Morocco,Sweden,486,0.00486,338,148,0.6954732510288066,0.3045267489711934,100000
quarterfinal,France,Ivory Coast,482,0.00482,394,88,0.8174273858921162,0.1825726141078838,100000
quarterfinal,Scotland,South Korea,481,0.00481,191,290,0.3970893970893971,0.6029106029106029,100000
quarterfinal,Senegal,Sweden,480,0.0048,290,190,0.6041666666666666,0.3958333333333333,100000
quarterfinal,DR Congo,Portugal,474,0.00474,189,285,0.3987341772151899,0.6012658227848101,100000
quarterfinal,Ecuador,Norway,473,0.00473,269,204,0.5687103594080338,0.4312896405919662,100000
quarterfinal,Colombia,Jordan,472,0.00472,373,99,0.7902542372881356,0.2097457627118644,100000
quarterfinal,Spain,Switzerland,472,0.00472,359,113,0.760593220338983,0.23940677966101695,100000
quarterfinal,Morocco,Switzerland,452,0.00452,247,205,0.5464601769911505,0.45353982300884954,100000
quarterfinal,Netherlands,South Korea,446,0.00446,303,143,0.679372197309417,0.32062780269058294,100000
quarterfinal,Czechia,Germany,440,0.0044,106,334,0.2409090909090909,0.759090909090909,100000
quarterfinal,Japan,Scotland,437,0.00437,314,123,0.7185354691075515,0.2814645308924485,100000
quarterfinal,Portugal,Switzerland,434,0.00434,290,144,0.6682027649769585,0.3317972350230415,100000
quarterfinal,Portugal,Uzbekistan,434,0.00434,278,156,0.6405529953917051,0.35944700460829493,100000
quarterfinal,England,Jordan,433,0.00433,365,68,0.8429561200923787,0.15704387990762125,100000
quarterfinal,Belgium,Portugal,432,0.00432,161,271,0.3726851851851852,0.6273148148148148,100000
quarterfinal,Jordan,Portugal,430,0.0043,104,326,0.24186046511627907,0.7581395348837209,100000
quarterfinal,Austria,Canada,429,0.00429,239,190,0.5571095571095571,0.4428904428904429,100000
quarterfinal,Ivory Coast,United States,426,0.00426,155,271,0.36384976525821594,0.636150234741784,100000
quarterfinal,Brazil,Paraguay,422,0.00422,326,96,0.7725118483412322,0.22748815165876776,100000
quarterfinal,Canada,Senegal,407,0.00407,191,216,0.4692874692874693,0.5307125307125307,100000
quarterfinal,South Korea,Switzerland,398,0.00398,196,202,0.49246231155778897,0.507537688442211,100000
quarterfinal,Algeria,Canada,388,0.00388,189,199,0.48711340206185566,0.5128865979381443,100000
quarterfinal,Germany,South Africa,379,0.00379,322,57,0.8496042216358839,0.1503957783641161,100000
quarterfinal,Algeria,Croatia,377,0.00377,141,236,0.3740053050397878,0.6259946949602122,100000
quarterfinal,Paraguay,Uruguay,370,0.0037,134,236,0.3621621621621622,0.6378378378378379,100000
quarterfinal,Belgium,Iran,368,0.00368,219,149,0.595108695652174,0.4048913043478261,100000
quarterfinal,France,Portugal,368,0.00368,232,136,0.6304347826086957,0.3695652173913043,100000
quarterfinal,Senegal,Switzerland,368,0.00368,151,217,0.41032608695652173,0.5896739130434783,100000
quarterfinal,England,Paraguay,367,0.00367,270,97,0.7356948228882834,0.26430517711171664,100000
quarterfinal,Ghana,Portugal,356,0.00356,49,307,0.13764044943820225,0.8623595505617978,100000
quarterfinal,Ghana,Spain,355,0.00355,22,333,0.061971830985915494,0.9380281690140845,100000
quarterfinal,Iran,Uruguay,354,0.00354,155,199,0.4378531073446328,0.5621468926553672,100000
quarterfinal,Colombia,Senegal,353,0.00353,213,140,0.603399433427762,0.39660056657223797,100000
quarterfinal,Algeria,Belgium,351,0.00351,145,206,0.4131054131054131,0.5868945868945868,100000
quarterfinal,Argentina,Switzerland,349,0.00349,280,69,0.8022922636103151,0.1977077363896848,100000
quarterfinal,DR Congo,Egypt,348,0.00348,142,206,0.40804597701149425,0.5919540229885057,100000
quarterfinal,Austria,Iran,345,0.00345,189,156,0.5478260869565217,0.45217391304347826,100000
quarterfinal,Argentina,Ghana,343,0.00343,326,17,0.9504373177842566,0.04956268221574344,100000
quarterfinal,Brazil,Czechia,337,0.00337,268,69,0.7952522255192879,0.20474777448071216,100000
quarterfinal,Norway,Scotland,335,0.00335,194,141,0.5791044776119403,0.4208955223880597,100000
quarterfinal,Cape Verde,Colombia,331,0.00331,61,270,0.18429003021148035,0.8157099697885196,100000
quarterfinal,Algeria,Australia,330,0.0033,149,181,0.45151515151515154,0.5484848484848485,100000
quarterfinal,Austria,Switzerland,327,0.00327,158,169,0.4831804281345566,0.5168195718654435,100000
quarterfinal,Egypt,Panama,326,0.00326,161,165,0.4938650306748466,0.5061349693251533,100000
quarterfinal,England,France,323,0.00323,133,190,0.4117647058823529,0.5882352941176471,100000
quarterfinal,Egypt,Uzbekistan,322,0.00322,170,152,0.5279503105590062,0.4720496894409938,100000
quarterfinal,Colombia,Saudi Arabia,321,0.00321,259,62,0.8068535825545171,0.19314641744548286,100000
quarterfinal,Japan,South Korea,321,0.00321,197,124,0.6137071651090342,0.3862928348909657,100000
quarterfinal,Croatia,Senegal,319,0.00319,200,119,0.6269592476489029,0.3730407523510972,100000
quarterfinal,Austria,Egypt,316,0.00316,190,126,0.6012658227848101,0.3987341772151899,100000
quarterfinal,Canada,Colombia,316,0.00316,104,212,0.3291139240506329,0.6708860759493671,100000
quarterfinal,Algeria,Switzerland,312,0.00312,137,175,0.4391025641025641,0.5608974358974359,100000
quarterfinal,Australia,Brazil,311,0.00311,102,209,0.3279742765273312,0.6720257234726688,100000
quarterfinal,Belgium,Egypt,307,0.00307,163,144,0.5309446254071661,0.46905537459283386,100000
quarterfinal,Iraq,Japan,305,0.00305,66,239,0.21639344262295082,0.7836065573770492,100000
quarterfinal,Iraq,Netherlands,305,0.00305,51,254,0.16721311475409836,0.8327868852459016,100000
quarterfinal,Austria,DR Congo,304,0.00304,219,85,0.7203947368421053,0.27960526315789475,100000
quarterfinal,DR Congo,Uruguay,303,0.00303,86,217,0.2838283828382838,0.7161716171617162,100000
quarterfinal,England,Sweden,302,0.00302,252,50,0.8344370860927153,0.16556291390728478,100000
quarterfinal,Austria,Panama,300,0.003,181,119,0.6033333333333334,0.39666666666666667,100000
quarterfinal,England,Japan,298,0.00298,183,115,0.6140939597315436,0.3859060402684564,100000
quarterfinal,Bosnia and Herzegovina,Netherlands,294,0.00294,35,259,0.11904761904761904,0.8809523809523809,100000
quarterfinal,Colombia,Switzerland,292,0.00292,184,108,0.6301369863013698,0.3698630136986301,100000
quarterfinal,Panama,Portugal,290,0.0029,60,230,0.20689655172413793,0.7931034482758621,100000
quarterfinal,Colombia,DR Congo,286,0.00286,179,107,0.6258741258741258,0.3741258741258741,100000
quarterfinal,Brazil,Ecuador,281,0.00281,189,92,0.6725978647686833,0.3274021352313167,100000
quarterfinal,Iraq,Morocco,273,0.00273,55,218,0.20146520146520147,0.7985347985347986,100000
quarterfinal,Bosnia and Herzegovina,Brazil,271,0.00271,35,236,0.12915129151291513,0.8708487084870848,100000
quarterfinal,Australia,England,268,0.00268,65,203,0.24253731343283583,0.7574626865671642,100000
quarterfinal,Ecuador,Sweden,268,0.00268,191,77,0.7126865671641791,0.2873134328358209,100000
quarterfinal,England,New Zealand,265,0.00265,229,36,0.8641509433962264,0.13584905660377358,100000
quarterfinal,Colombia,France,262,0.00262,93,169,0.3549618320610687,0.6450381679389313,100000
quarterfinal,Ivory Coast,Norway,259,0.00259,114,145,0.44015444015444016,0.5598455598455598,100000
quarterfinal,Belgium,Colombia,252,0.00252,112,140,0.4444444444444444,0.5555555555555556,100000
quarterfinal,Bosnia and Herzegovina,Mexico,251,0.00251,47,204,0.18725099601593626,0.8127490039840638,100000
quarterfinal,Canada,Scotland,248,0.00248,137,111,0.5524193548387096,0.4475806451612903,100000
quarterfinal,Egypt,Ghana,245,0.00245,171,74,0.6979591836734694,0.3020408163265306,100000
quarterfinal,Canada,Croatia,242,0.00242,107,135,0.44214876033057854,0.5578512396694215,100000
quarterfinal,Belgium,Croatia,239,0.00239,117,122,0.4895397489539749,0.5104602510460251,100000
quarterfinal,Czechia,France,239,0.00239,46,193,0.19246861924686193,0.8075313807531381,100000
quarterfinal,Iran,Uzbekistan,238,0.00238,133,105,0.5588235294117647,0.4411764705882353,100000
quarterfinal,Croatia,France,235,0.00235,72,163,0.30638297872340425,0.6936170212765957,100000
quarterfinal,Uruguay,Uzbekistan,233,0.00233,168,65,0.721030042918455,0.27896995708154504,100000
quarterfinal,Ecuador,Senegal,232,0.00232,133,99,0.5732758620689655,0.4267241379310345,100000
quarterfinal,Austria,Uzbekistan,231,0.00231,152,79,0.658008658008658,0.341991341991342,100000
quarterfinal,Cape Verde,Portugal,229,0.00229,27,202,0.11790393013100436,0.8820960698689956,100000
quarterfinal,France,South Africa,228,0.00228,209,19,0.9166666666666666,0.08333333333333333,100000
quarterfinal,Panama,Uruguay,225,0.00225,74,151,0.3288888888888889,0.6711111111111111,100000
quarterfinal,Colombia,Panama,218,0.00218,159,59,0.7293577981651376,0.2706422018348624,100000
quarterfinal,Bosnia and Herzegovina,Japan,217,0.00217,34,183,0.15668202764976957,0.8433179723502304,100000
quarterfinal,Canada,South Korea,215,0.00215,79,136,0.3674418604651163,0.6325581395348837,100000
quarterfinal,DR Congo,Iran,214,0.00214,74,140,0.34579439252336447,0.6542056074766355,100000
quarterfinal,Egypt,Uruguay,213,0.00213,83,130,0.38967136150234744,0.6103286384976526,100000
quarterfinal,England,Norway,212,0.00212,165,47,0.7783018867924528,0.22169811320754718,100000
quarterfinal,Canada,Jordan,210,0.0021,129,81,0.6142857142857143,0.38571428571428573,100000
quarterfinal,Belgium,Canada,206,0.00206,140,66,0.6796116504854369,0.32038834951456313,100000
quarterfinal,Canada,Morocco,202,0.00202,75,127,0.3712871287128713,0.6287128712871287,100000
quarterfinal,Croatia,Jordan,202,0.00202,132,70,0.6534653465346535,0.3465346534653465,100000
quarterfinal,Portugal,Saudi Arabia,202,0.00202,167,35,0.8267326732673267,0.17326732673267325,100000
quarterfinal,Colombia,Ghana,199,0.00199,184,15,0.9246231155778895,0.07537688442211055,100000
quarterfinal,Czechia,Netherlands,199,0.00199,46,153,0.23115577889447236,0.7688442211055276,100000
quarterfinal,Brazil,Turkey,196,0.00196,140,56,0.7142857142857143,0.2857142857142857,100000
quarterfinal,Norway,Portugal,196,0.00196,55,141,0.28061224489795916,0.7193877551020408,100000
quarterfinal,Bosnia and Herzegovina,Morocco,195,0.00195,36,159,0.18461538461538463,0.8153846153846154,100000
quarterfinal,Ghana,Iran,192,0.00192,40,152,0.20833333333333334,0.7916666666666666,100000
quarterfinal,Croatia,Switzerland,190,0.0019,107,83,0.5631578947368421,0.4368421052631579,100000
quarterfinal,Iran,Panama,188,0.00188,106,82,0.5638297872340425,0.43617021276595747,100000
quarterfinal,Croatia,Ghana,187,0.00187,136,51,0.7272727272727273,0.2727272727272727,100000
quarterfinal,Paraguay,Switzerland,186,0.00186,76,110,0.40860215053763443,0.5913978494623656,100000
quarterfinal,Austria,New Zealand,182,0.00182,131,51,0.7197802197802198,0.2802197802197802,100000
quarterfinal,Netherlands,Paraguay,182,0.00182,138,44,0.7582417582417582,0.24175824175824176,100000
quarterfinal,Australia,Saudi Arabia,181,0.00181,139,42,0.7679558011049724,0.23204419889502761,100000
quarterfinal,Belgium,Switzerland,181,0.00181,98,83,0.5414364640883977,0.4585635359116022,100000
quarterfinal,Brazil,Mexico,181,0.00181,111,70,0.6132596685082873,0.3867403314917127,100000
quarterfinal,Canada,Uzbekistan,179,0.00179,102,77,0.5698324022346368,0.4301675977653631,100000
quarterfinal,Australia,Cape Verde,177,0.00177,135,42,0.7627118644067796,0.23728813559322035,100000
quarterfinal,Belgium,Jordan,176,0.00176,130,46,0.7386363636363636,0.26136363636363635,100000
quarterfinal,Colombia,Uzbekistan,175,0.00175,116,59,0.6628571428571428,0.33714285714285713,100000
quarterfinal,Croatia,Uzbekistan,175,0.00175,124,51,0.7085714285714285,0.2914285714285714,100000
quarterfinal,Brazil,Iraq,172,0.00172,147,25,0.8546511627906976,0.14534883720930233,100000
quarterfinal,Croatia,DR Congo,172,0.00172,132,40,0.7674418604651163,0.23255813953488372,100000
quarterfinal,Algeria,Iran,170,0.0017,88,82,0.5176470588235295,0.4823529411764706,100000
quarterfinal,Argentina,Mexico,168,0.00168,123,45,0.7321428571428571,0.26785714285714285,100000
quarterfinal,Australia,Jordan,167,0.00167,117,50,0.7005988023952096,0.2994011976047904,100000
quarterfinal,Ivory Coast,Scotland,167,0.00167,81,86,0.48502994011976047,0.5149700598802395,100000
quarterfinal,England,Turkey,161,0.00161,103,58,0.639751552795031,0.36024844720496896,100000
quarterfinal,Algeria,Paraguay,158,0.00158,84,74,0.5316455696202531,0.46835443037974683,100000
quarterfinal,Austria,Mexico,158,0.00158,62,96,0.3924050632911392,0.6075949367088608,100000
quarterfinal,Czechia,South Korea,158,0.00158,70,88,0.4430379746835443,0.5569620253164557,100000
quarterfinal,Ghana,Uruguay,157,0.00157,29,128,0.18471337579617833,0.8152866242038217,100000
quarterfinal,Cape Verde,England,156,0.00156,20,136,0.1282051282051282,0.8717948717948718,100000
quarterfinal,Australia,Netherlands,155,0.00155,52,103,0.33548387096774196,0.6645161290322581,100000
quarterfinal,Paraguay,South Korea,154,0.00154,78,76,0.5064935064935064,0.4935064935064935,100000
quarterfinal,Curaçao,Mexico,152,0.00152,17,135,0.1118421052631579,0.8881578947368421,100000
quarterfinal,Algeria,Egypt,150,0.0015,78,72,0.52,0.48,100000
quarterfinal,Austria,Turkey,150,0.0015,87,63,0.58,0.42,100000
quarterfinal,Canada,Ghana,149,0.00149,113,36,0.7583892617449665,0.24161073825503357,100000
quarterfinal,Ivory Coast,South Korea,149,0.00149,68,81,0.4563758389261745,0.5436241610738255,100000
quarterfinal,Algeria,DR Congo,147,0.00147,95,52,0.6462585034013606,0.35374149659863946,100000
quarterfinal,Algeria,Mexico,147,0.00147,51,96,0.3469387755102041,0.6530612244897959,100000
quarterfinal,Austria,Ghana,146,0.00146,107,39,0.7328767123287672,0.2671232876712329,100000
quarterfinal,Spain,United States,146,0.00146,120,26,0.821917808219178,0.1780821917808219,100000
quarterfinal,England,Saudi Arabia,145,0.00145,132,13,0.9103448275862069,0.0896551724137931,100000
quarterfinal,Czechia,Mexico,144,0.00144,49,95,0.3402777777777778,0.6597222222222222,100000
quarterfinal,Belgium,Saudi Arabia,143,0.00143,113,30,0.7902097902097902,0.2097902097902098,100000
quarterfinal,Jordan,Switzerland,143,0.00143,43,100,0.3006993006993007,0.6993006993006993,100000
quarterfinal,Switzerland,Uzbekistan,138,0.00138,91,47,0.6594202898550725,0.34057971014492755,100000
quarterfinal,Belgium,Cape Verde,137,0.00137,106,31,0.7737226277372263,0.22627737226277372,100000
quarterfinal,Bosnia and Herzegovina,South Korea,135,0.00135,32,103,0.23703703703703705,0.762962962962963,100000
quarterfinal,England,Iraq,134,0.00134,121,13,0.9029850746268657,0.09701492537313433,100000
quarterfinal,New Zealand,Uruguay,133,0.00133,36,97,0.2706766917293233,0.7293233082706767,100000
quarterfinal,Colombia,Norway,130,0.0013,87,43,0.6692307692307692,0.33076923076923076,100000
quarterfinal,Brazil,South Africa,127,0.00127,109,18,0.8582677165354331,0.14173228346456693,100000
quarterfinal,Mexico,Netherlands,127,0.00127,61,66,0.48031496062992124,0.5196850393700787,100000
quarterfinal,Algeria,Panama,126,0.00126,71,55,0.5634920634920635,0.4365079365079365,100000
quarterfinal,Australia,Switzerland,123,0.00123,69,54,0.5609756097560976,0.43902439024390244,100000
quarterfinal,Scotland,Senegal,121,0.00121,51,70,0.4214876033057851,0.5785123966942148,100000
quarterfinal,Algeria,Uzbekistan,118,0.00118,71,47,0.6016949152542372,0.3983050847457627,100000
quarterfinal,Japan,Paraguay,118,0.00118,81,37,0.6864406779661016,0.3135593220338983,100000
quarterfinal,Senegal,South Korea,118,0.00118,51,67,0.4322033898305085,0.5677966101694916,100000
quarterfinal,Iraq,Sweden,117,0.00117,40,77,0.3418803418803419,0.6581196581196581,100000
quarterfinal,Croatia,Norway,116,0.00116,73,43,0.6293103448275862,0.3706896551724138,100000
quarterfinal,Bosnia and Herzegovina,Switzerland,114,0.00114,43,71,0.37719298245614036,0.6228070175438597,100000
quarterfinal,Netherlands,Qatar,114,0.00114,102,12,0.8947368421052632,0.10526315789473684,100000
quarterfinal,Australia,South Korea,113,0.00113,59,54,0.5221238938053098,0.4778761061946903,100000
quarterfinal,Canada,DR Congo,112,0.00112,63,49,0.5625,0.4375,100000
quarterfinal,Argentina,Japan,111,0.00111,87,24,0.7837837837837838,0.21621621621621623,100000
quarterfinal,Czechia,Switzerland,111,0.00111,42,69,0.3783783783783784,0.6216216216216216,100000
quarterfinal,France,Spain,110,0.0011,52,58,0.4727272727272727,0.5272727272727272,100000
quarterfinal,Ghana,Switzerland,109,0.00109,26,83,0.23853211009174313,0.7614678899082569,100000
quarterfinal,Algeria,Ghana,107,0.00107,82,25,0.7663551401869159,0.2336448598130841,100000
quarterfinal,Scotland,Sweden,107,0.00107,55,52,0.514018691588785,0.48598130841121495,100000
quarterfinal,Brazil,Qatar,106,0.00106,98,8,0.9245283018867925,0.07547169811320754,100000
quarterfinal,Mexico,Qatar,105,0.00105,92,13,0.8761904761904762,0.12380952380952381,100000
quarterfinal,Canada,Paraguay,104,0.00104,60,44,0.5769230769230769,0.4230769230769231,100000
quarterfinal,Cape Verde,Croatia,104,0.00104,15,89,0.14423076923076922,0.8557692307692307,100000
quarterfinal,DR Congo,Senegal,103,0.00103,32,71,0.3106796116504854,0.6893203883495146,100000
quarterfinal,Czechia,Japan,102,0.00102,25,77,0.24509803921568626,0.7549019607843137,100000
quarterfinal,Czechia,Morocco,102,0.00102,32,70,0.3137254901960784,0.6862745098039216,100000
quarterfinal,South Korea,Sweden,101,0.00101,70,31,0.693069306930693,0.3069306930693069,100000
quarterfinal,Iraq,Portugal,100,0.001,14,86,0.14,0.86,100000
quarterfinal,Japan,Switzerland,100,0.001,60,40,0.6,0.4,100000
quarterfinal,Iran,Senegal,99,0.00099,46,53,0.46464646464646464,0.5353535353535354,100000
quarterfinal,Curaçao,Netherlands,98,0.00098,12,86,0.12244897959183673,0.8775510204081632,100000
quarterfinal,DR Congo,Switzerland,98,0.00098,19,79,0.19387755102040816,0.8061224489795918,100000
quarterfinal,Paraguay,Saudi Arabia,98,0.00098,65,33,0.6632653061224489,0.336734693877551,100000
quarterfinal,United States,Uruguay,98,0.00098,51,47,0.5204081632653061,0.47959183673469385,100000
quarterfinal,Iran,Jordan,96,0.00096,59,37,0.6145833333333334,0.3854166666666667,100000
quarterfinal,Iran,New Zealand,96,0.00096,48,48,0.5,0.5,100000
quarterfinal,Belgium,Uzbekistan,94,0.00094,64,30,0.6808510638297872,0.3191489361702128,100000
quarterfinal,Argentina,Spain,93,0.00093,52,41,0.5591397849462365,0.44086021505376344,100000
quarterfinal,Canada,Panama,93,0.00093,52,41,0.5591397849462365,0.44086021505376344,100000
quarterfinal,Morocco,Qatar,91,0.00091,75,16,0.8241758241758241,0.17582417582417584,100000
quarterfinal,Australia,Japan,90,0.0009,32,58,0.35555555555555557,0.6444444444444445,100000
quarterfinal,Senegal,Uzbekistan,90,0.0009,51,39,0.5666666666666667,0.43333333333333335,100000
quarterfinal,France,Iran,89,0.00089,68,21,0.7640449438202247,0.23595505617977527,100000
quarterfinal,France,Uruguay,89,0.00089,57,32,0.6404494382022472,0.3595505617977528,100000
quarterfinal,Netherlands,Turkey,89,0.00089,48,41,0.5393258426966292,0.4606741573033708,100000
quarterfinal,Curaçao,Japan,88,0.00088,18,70,0.20454545454545456,0.7954545454545454,100000
quarterfinal,Japan,Qatar,88,0.00088,72,16,0.8181818181818182,0.18181818181818182,100000
quarterfinal,Belgium,DR Congo,87,0.00087,67,20,0.7701149425287356,0.22988505747126436,100000
quarterfinal,Canada,Cape Verde,87,0.00087,63,24,0.7241379310344828,0.27586206896551724,100000
quarterfinal,Argentina,Netherlands,86,0.00086,62,24,0.7209302325581395,0.27906976744186046,100000
quarterfinal,Belgium,Panama,86,0.00086,58,28,0.6744186046511628,0.32558139534883723,100000
quarterfinal,Egypt,Sweden,85,0.00085,41,44,0.4823529411764706,0.5176470588235295,100000
quarterfinal,South Africa,South Korea,85,0.00085,33,52,0.38823529411764707,0.611764705882353,100000
quarterfinal,Austria,Netherlands,84,0.00084,28,56,0.3333333333333333,0.6666666666666666,100000
quarterfinal,Ghana,Panama,84,0.00084,37,47,0.44047619047619047,0.5595238095238095,100000
quarterfinal,Jordan,Paraguay,84,0.00084,34,50,0.40476190476190477,0.5952380952380952,100000
quarterfinal,Croatia,Saudi Arabia,83,0.00083,70,13,0.8433734939759037,0.1566265060240964,100000
quarterfinal,South Korea,Turkey,82,0.00082,44,38,0.5365853658536586,0.4634146341463415,100000
quarterfinal,Belgium,Ghana,81,0.00081,66,15,0.8148148148148148,0.18518518518518517,100000
quarterfinal,Argentina,Morocco,79,0.00079,55,24,0.6962025316455697,0.3037974683544304,100000
quarterfinal,Austria,Japan,79,0.00079,33,46,0.4177215189873418,0.5822784810126582,100000
quarterfinal,DR Congo,France,78,0.00078,10,68,0.1282051282051282,0.8717948717948718,100000
quarterfinal,Mexico,Scotland,78,0.00078,59,19,0.7564102564102564,0.24358974358974358,100000
quarterfinal,Algeria,Netherlands,77,0.00077,16,61,0.2077922077922078,0.7922077922077922,100000
quarterfinal,Czechia,Norway,77,0.00077,34,43,0.44155844155844154,0.5584415584415584,100000
quarterfinal,Norway,South Africa,77,0.00077,56,21,0.7272727272727273,0.2727272727272727,100000
quarterfinal,Ecuador,South Korea,76,0.00076,47,29,0.618421052631579,0.3815789473684211,100000
quarterfinal,Paraguay,Portugal,76,0.00076,18,58,0.23684210526315788,0.7631578947368421,100000
quarterfinal,Egypt,Paraguay,75,0.00075,41,34,0.5466666666666666,0.4533333333333333,100000
quarterfinal,Iraq,Switzerland,75,0.00075,15,60,0.2,0.8,100000
quarterfinal,Austria,Morocco,74,0.00074,39,35,0.527027027027027,0.47297297297297297,100000
quarterfinal,Iran,Paraguay,74,0.00074,49,25,0.6621621621621622,0.33783783783783783,100000
quarterfinal,Panama,Senegal,74,0.00074,27,47,0.36486486486486486,0.6351351351351351,100000
quarterfinal,Jordan,Panama,73,0.00073,32,41,0.4383561643835616,0.5616438356164384,100000
quarterfinal,Canada,Iraq,72,0.00072,47,25,0.6527777777777778,0.3472222222222222,100000
quarterfinal,Canada,Japan,72,0.00072,31,41,0.4305555555555556,0.5694444444444444,100000
quarterfinal,Canada,Saudi Arabia,72,0.00072,52,20,0.7222222222222222,0.2777777777777778,100000
quarterfinal,Croatia,Iraq,72,0.00072,57,15,0.7916666666666666,0.20833333333333334,100000
quarterfinal,DR Congo,Jordan,72,0.00072,31,41,0.4305555555555556,0.5694444444444444,100000
quarterfinal,Mexico,Morocco,72,0.00072,38,34,0.5277777777777778,0.4722222222222222,100000
quarterfinal,Switzerland,Turkey,72,0.00072,47,25,0.6527777777777778,0.3472222222222222,100000
quarterfinal,Ecuador,Scotland,71,0.00071,54,17,0.7605633802816901,0.23943661971830985,100000
quarterfinal,Algeria,Japan,70,0.0007,20,50,0.2857142857142857,0.7142857142857143,100000
quarterfinal,Argentina,Sweden,70,0.0007,60,10,0.8571428571428571,0.14285714285714285,100000
quarterfinal,Curaçao,Morocco,70,0.0007,11,59,0.15714285714285714,0.8428571428571429,100000
quarterfinal,Ivory Coast,Senegal,70,0.0007,29,41,0.4142857142857143,0.5857142857142857,100000
quarterfinal,Jordan,Mexico,70,0.0007,13,57,0.18571428571428572,0.8142857142857143,100000
quarterfinal,France,Uzbekistan,69,0.00069,54,15,0.782608695652174,0.21739130434782608,100000
quarterfinal,Japan,Portugal,69,0.00069,30,39,0.43478260869565216,0.5652173913043478,100000
quarterfinal,Australia,Egypt,68,0.00068,42,26,0.6176470588235294,0.38235294117647056,100000
quarterfinal,Sweden,Switzerland,68,0.00068,25,43,0.36764705882352944,0.6323529411764706,100000
quarterfinal,Algeria,Morocco,67,0.00067,34,33,0.5074626865671642,0.4925373134328358,100000
quarterfinal,Colombia,Iraq,66,0.00066,53,13,0.803030303030303,0.19696969696969696,100000
quarterfinal,Senegal,Spain,66,0.00066,16,50,0.24242424242424243,0.7575757575757576,100000
quarterfinal,Jordan,Uzbekistan,65,0.00065,24,41,0.36923076923076925,0.6307692307692307,100000
quarterfinal,Norway,Spain,65,0.00065,14,51,0.2153846153846154,0.7846153846153846,100000
quarterfinal,Panama,Switzerland,65,0.00065,26,39,0.4,0.6,100000
quarterfinal,France,Ghana,64,0.00064,61,3,0.953125,0.046875,100000
quarterfinal,France,Panama,64,0.00064,55,9,0.859375,0.140625,100000
quarterfinal,Cape Verde,Switzerland,63,0.00063,13,50,0.20634920634920634,0.7936507936507936,100000
quarterfinal,DR Congo,Uzbekistan,63,0.00063,32,31,0.5079365079365079,0.49206349206349204,100000
quarterfinal,Ghana,Senegal,63,0.00063,18,45,0.2857142857142857,0.7142857142857143,100000
quarterfinal,Cape Verde,Paraguay,62,0.00062,22,40,0.3548387096774194,0.6451612903225806,100000
quarterfinal,Colombia,Paraguay,62,0.00062,42,20,0.6774193548387096,0.3225806451612903,100000
quarterfinal,Austria,Sweden,61,0.00061,40,21,0.6557377049180327,0.3442622950819672,100000
quarterfinal,Belgium,Senegal,60,0.0006,29,31,0.48333333333333334,0.5166666666666667,100000
quarterfinal,Saudi Arabia,Switzerland,60,0.0006,17,43,0.2833333333333333,0.7166666666666667,100000
quarterfinal,Egypt,Jordan,59,0.00059,33,26,0.559322033898305,0.4406779661016949,100000
quarterfinal,Australia,Canada,58,0.00058,33,25,0.5689655172413793,0.43103448275862066,100000
quarterfinal,Egypt,Senegal,58,0.00058,17,41,0.29310344827586204,0.7068965517241379,100000
quarterfinal,Panama,Uzbekistan,58,0.00058,34,24,0.5862068965517241,0.41379310344827586,100000
quarterfinal,Canada,Czechia,57,0.00057,33,24,0.5789473684210527,0.42105263157894735,100000
quarterfinal,Czechia,Scotland,57,0.00057,31,26,0.543859649122807,0.45614035087719296,100000
quarterfinal,Egypt,Japan,56,0.00056,17,39,0.30357142857142855,0.6964285714285714,100000
quarterfinal,DR Congo,Panama,55,0.00055,21,34,0.38181818181818183,0.6181818181818182,100000
quarterfinal,Argentina,Uruguay,53,0.00053,37,16,0.6981132075471698,0.3018867924528302,100000
quarterfinal,Austria,Spain,53,0.00053,9,44,0.16981132075471697,0.8301886792452831,100000
quarterfinal,Bosnia and Herzegovina,Canada,53,0.00053,21,32,0.39622641509433965,0.6037735849056604,100000
quarterfinal,Brazil,Curaçao,53,0.00053,49,4,0.9245283018867925,0.07547169811320754,100000
quarterfinal,Algeria,Sweden,52,0.00052,27,25,0.5192307692307693,0.4807692307692308,100000
quarterfinal,Bosnia and Herzegovina,Sweden,52,0.00052,15,37,0.28846153846153844,0.7115384615384616,100000
quarterfinal,Japan,Turkey,52,0.00052,34,18,0.6538461538461539,0.34615384615384615,100000
quarterfinal,Qatar,South Korea,52,0.00052,10,42,0.19230769230769232,0.8076923076923077,100000
quarterfinal,Algeria,Spain,51,0.00051,8,43,0.1568627450980392,0.8431372549019608,100000
quarterfinal,Australia,Iran,51,0.00051,28,23,0.5490196078431373,0.45098039215686275,100000
quarterfinal,Belgium,France,51,0.00051,9,42,0.17647058823529413,0.8235294117647058,100000
quarterfinal,Cape Verde,Iran,51,0.00051,16,35,0.3137254901960784,0.6862745098039216,100000
quarterfinal,Egypt,Turkey,51,0.00051,22,29,0.43137254901960786,0.5686274509803921,100000
quarterfinal,New Zealand,Portugal,51,0.00051,10,41,0.19607843137254902,0.803921568627451,100000
quarterfinal,Argentina,Austria,49,0.00049,35,14,0.7142857142857143,0.2857142857142857,100000
quarterfinal,Ecuador,Iraq,49,0.00049,39,10,0.7959183673469388,0.20408163265306123,100000
quarterfinal,Egypt,France,49,0.00049,11,38,0.22448979591836735,0.7755102040816326,100000
quarterfinal,Ivory Coast,Uruguay,49,0.00049,12,37,0.24489795918367346,0.7551020408163265,100000
quarterfinal,Japan,Spain,48,0.00048,11,37,0.22916666666666666,0.7708333333333334,100000
quarterfinal,Argentina,Brazil,47,0.00047,32,15,0.6808510638297872,0.3191489361702128,100000
quarterfinal,Morocco,Paraguay,47,0.00047,33,14,0.7021276595744681,0.2978723404255319,100000
quarterfinal,Morocco,South Africa,47,0.00047,37,10,0.7872340425531915,0.2127659574468085,100000
quarterfinal,Algeria,New Zealand,46,0.00046,30,16,0.6521739130434783,0.34782608695652173,100000
quarterfinal,Cape Verde,Panama,46,0.00046,18,28,0.391304347826087,0.6086956521739131,100000
quarterfinal,Ghana,Uzbekistan,46,0.00046,19,27,0.41304347826086957,0.5869565217391305,100000
quarterfinal,Iran,Norway,46,0.00046,24,22,0.5217391304347826,0.4782608695652174,100000
quarterfinal,Ivory Coast,Spain,45,0.00045,9,36,0.2,0.8,100000
quarterfinal,Portugal,Sweden,45,0.00045,36,9,0.8,0.2,100000
quarterfinal,Turkey,Uruguay,44,0.00044,17,27,0.38636363636363635,0.6136363636363636,100000
quarterfinal,Ghana,Jordan,43,0.00043,22,21,0.5116279069767442,0.4883720930232558,100000
quarterfinal,Senegal,Uruguay,41,0.00041,21,20,0.5121951219512195,0.4878048780487805,100000
quarterfinal,Belgium,Norway,40,0.0004,23,17,0.575,0.425,100000
quarterfinal,Curaçao,Ecuador,40,0.0004,7,33,0.175,0.825,100000
quarterfinal,Curaçao,France,40,0.0004,3,37,0.075,0.925,100000
quarterfinal,South Africa,Switzerland,40,0.0004,12,28,0.3,0.7,100000
quarterfinal,Australia,Morocco,39,0.00039,13,26,0.3333333333333333,0.6666666666666666,100000
quarterfinal,Bosnia and Herzegovina,Ecuador,39,0.00039,9,30,0.23076923076923078,0.7692307692307693,100000
quarterfinal,Iran,Saudi Arabia,39,0.00039,27,12,0.6923076923076923,0.3076923076923077,100000
quarterfinal,Algeria,Argentina,38,0.00038,13,25,0.34210526315789475,0.6578947368421053,100000
quarterfinal,Austria,Brazil,38,0.00038,10,28,0.2631578947368421,0.7368421052631579,100000
quarterfinal,Canada,Sweden,38,0.00038,26,12,0.6842105263157895,0.3157894736842105,100000
quarterfinal,Croatia,New Zealand,38,0.00038,24,14,0.631578947368421,0.3684210526315789,100000
quarterfinal,Jordan,Netherlands,38,0.00038,7,31,0.18421052631578946,0.8157894736842105,100000
quarterfinal,Cape Verde,DR Congo,37,0.00037,18,19,0.4864864864864865,0.5135135135135135,100000
quarterfinal,Colombia,Japan,37,0.00037,21,16,0.5675675675675675,0.43243243243243246,100000
quarterfinal,Egypt,Saudi Arabia,37,0.00037,21,16,0.5675675675675675,0.43243243243243246,100000
quarterfinal,Norway,Uruguay,37,0.00037,12,25,0.32432432432432434,0.6756756756756757,100000
quarterfinal,Qatar,Sweden,37,0.00037,11,26,0.2972972972972973,0.7027027027027027,100000
quarterfinal,Belgium,Paraguay,36,0.00036,20,16,0.5555555555555556,0.4444444444444444,100000
quarterfinal,Cape Verde,Uzbekistan,36,0.00036,10,26,0.2777777777777778,0.7222222222222222,100000
quarterfinal,DR Congo,Saudi Arabia,36,0.00036,25,11,0.6944444444444444,0.3055555555555556,100000
quarterfinal,England,Netherlands,36,0.00036,25,11,0.6944444444444444,0.3055555555555556,100000
quarterfinal,Japan,South Africa,36,0.00036,32,4,0.8888888888888888,0.1111111111111111,100000
quarterfinal,Austria,Uruguay,35,0.00035,13,22,0.37142857142857144,0.6285714285714286,100000
quarterfinal,Croatia,Sweden,35,0.00035,26,9,0.7428571428571429,0.2571428571428571,100000
quarterfinal,DR Congo,Norway,35,0.00035,11,24,0.3142857142857143,0.6857142857142857,100000
quarterfinal,Japan,Jordan,35,0.00035,26,9,0.7428571428571429,0.2571428571428571,100000
quarterfinal,Netherlands,South Africa,35,0.00035,27,8,0.7714285714285715,0.22857142857142856,100000
quarterfinal,Panama,Saudi Arabia,35,0.00035,21,14,0.6,0.4,100000
quarterfinal,Algeria,Brazil,34,0.00034,11,23,0.3235294117647059,0.6764705882352942,100000
quarterfinal,Egypt,Norway,34,0.00034,8,26,0.23529411764705882,0.7647058823529411,100000
quarterfinal,Colombia,New Zealand,33,0.00033,26,7,0.7878787878787878,0.21212121212121213,100000
quarterfinal,Iraq,Scotland,33,0.00033,13,20,0.3939393939393939,0.6060606060606061,100000
quarterfinal,Norway,Panama,33,0.00033,18,15,0.5454545454545454,0.45454545454545453,100000
quarterfinal,Algeria,Uruguay,31,0.00031,10,21,0.3225806451612903,0.6774193548387096,100000
quarterfinal,Croatia,Panama,31,0.00031,22,9,0.7096774193548387,0.2903225806451613,100000
quarterfinal,Croatia,Paraguay,31,0.00031,20,11,0.6451612903225806,0.3548387096774194,100000
quarterfinal,Jordan,Morocco,31,0.00031,5,26,0.16129032258064516,0.8387096774193549,100000
quarterfinal,Sweden,Uruguay,31,0.00031,10,21,0.3225806451612903,0.6774193548387096,100000
quarterfinal,Croatia,Japan,30,0.0003,15,15,0.5,0.5,100000
quarterfinal,DR Congo,Ghana,30,0.0003,21,9,0.7,0.3,100000
quarterfinal,France,Senegal,30,0.0003,21,9,0.7,0.3,100000
quarterfinal,Iran,Japan,30,0.0003,8,22,0.26666666666666666,0.7333333333333333,100000
quarterfinal,Norway,Uzbekistan,30,0.0003,18,12,0.6,0.4,100000
quarterfinal,Canada,Turkey,29,0.00029,11,18,0.3793103448275862,0.6206896551724138,100000
quarterfinal,Ghana,Norway,29,0.00029,6,23,0.20689655172413793,0.7931034482758621,100000
quarterfinal,Jordan,Sweden,29,0.00029,10,19,0.3448275862068966,0.6551724137931034,100000
quarterfinal,Mexico,Paraguay,29,0.00029,21,8,0.7241379310344828,0.27586206896551724,100000
quarterfinal,Qatar,Switzerland,29,0.00029,11,18,0.3793103448275862,0.6206896551724138,100000
quarterfinal,Spain,Sweden,29,0.00029,25,4,0.8620689655172413,0.13793103448275862,100000
quarterfinal,Curaçao,United States,28,0.00028,4,24,0.14285714285714285,0.8571428571428571,100000
quarterfinal,Czechia,Sweden,28,0.00028,13,15,0.4642857142857143,0.5357142857142857,100000
quarterfinal,Austria,Senegal,27,0.00027,13,14,0.48148148148148145,0.5185185185185185,100000
quarterfinal,Bosnia and Herzegovina,Scotland,27,0.00027,9,18,0.3333333333333333,0.6666666666666666,100000
quarterfinal,France,United States,27,0.00027,21,6,0.7777777777777778,0.2222222222222222,100000
quarterfinal,Norway,Senegal,27,0.00027,14,13,0.5185185185185185,0.48148148148148145,100000
quarterfinal,Argentina,Jordan,26,0.00026,13,13,0.5,0.5,100000
quarterfinal,Mexico,Spain,26,0.00026,7,19,0.2692307692307692,0.7307692307692307,100000
quarterfinal,Saudi Arabia,Uzbekistan,26,0.00026,3,23,0.11538461538461539,0.8846153846153846,100000
quarterfinal,Cape Verde,Egypt,25,0.00025,9,16,0.36,0.64,100000
quarterfinal,Curaçao,Ivory Coast,25,0.00025,10,15,0.4,0.6,100000
quarterfinal,Morocco,Turkey,25,0.00025,14,11,0.56,0.44,100000
quarterfinal,Portugal,Turkey,25,0.00025,15,10,0.6,0.4,100000
quarterfinal,Algeria,Turkey,24,0.00024,12,12,0.5,0.5,100000
quarterfinal,Australia,Portugal,24,0.00024,14,10,0.5833333333333334,0.4166666666666667,100000
quarterfinal,Czechia,South Africa,24,0.00024,12,12,0.5,0.5,100000
quarterfinal,Iraq,Ivory Coast,24,0.00024,13,11,0.5416666666666666,0.4583333333333333,100000
quarterfinal,Colombia,Sweden,23,0.00023,13,10,0.5652173913043478,0.43478260869565216,100000
quarterfinal,Iran,Sweden,23,0.00023,14,9,0.6086956521739131,0.391304347826087,100000
quarterfinal,Jordan,Spain,23,0.00023,4,19,0.17391304347826086,0.8260869565217391,100000
quarterfinal,Algeria,Senegal,22,0.00022,12,10,0.5454545454545454,0.45454545454545453,100000
quarterfinal,Cape Verde,Ghana,22,0.00022,13,9,0.5909090909090909,0.4090909090909091,100000
quarterfinal,Scotland,South Africa,22,0.00022,12,10,0.5454545454545454,0.45454545454545453,100000
quarterfinal,Senegal,United States,22,0.00022,10,12,0.45454545454545453,0.5454545454545454,100000
quarterfinal,France,Paraguay,21,0.00021,15,6,0.7142857142857143,0.2857142857142857,100000
quarterfinal,Iran,Iraq,21,0.00021,16,5,0.7619047619047619,0.23809523809523808,100000
quarterfinal,Japan,Uruguay,21,0.00021,14,7,0.6666666666666666,0.3333333333333333,100000
quarterfinal,Australia,Sweden,20,0.0002,11,9,0.55,0.45,100000
quarterfinal,Brazil,Haiti,20,0.0002,17,3,0.85,0.15,100000
quarterfinal,Brazil,Jordan,20,0.0002,14,6,0.7,0.3,100000
quarterfinal,Canada,South Africa,20,0.0002,16,4,0.8,0.2,100000
quarterfinal,Iraq,Panama,20,0.0002,8,12,0.4,0.6,100000
quarterfinal,Iraq,South Korea,20,0.0002,9,11,0.45,0.55,100000
quarterfinal,Netherlands,Spain,20,0.0002,3,17,0.15,0.85,100000
quarterfinal,New Zealand,Switzerland,20,0.0002,7,13,0.35,0.65,100000
quarterfinal,Paraguay,Uzbekistan,20,0.0002,10,10,0.5,0.5,100000
quarterfinal,Canada,New Zealand,19,0.00019,10,9,0.5263157894736842,0.47368421052631576,100000
quarterfinal,Curaçao,Sweden,19,0.00019,6,13,0.3157894736842105,0.6842105263157895,100000
quarterfinal,Ghana,Japan,19,0.00019,5,14,0.2631578947368421,0.7368421052631579,100000
quarterfinal,Iraq,Uzbekistan,19,0.00019,9,10,0.47368421052631576,0.5263157894736842,100000
quarterfinal,Jordan,New Zealand,19,0.00019,8,11,0.42105263157894735,0.5789473684210527,100000
quarterfinal,New Zealand,Saudi Arabia,19,0.00019,9,10,0.47368421052631576,0.5263157894736842,100000
quarterfinal,Paraguay,Sweden,19,0.00019,9,10,0.47368421052631576,0.5263157894736842,100000
quarterfinal,DR Congo,Paraguay,18,0.00018,8,10,0.4444444444444444,0.5555555555555556,100000
quarterfinal,Ecuador,Qatar,18,0.00018,16,2,0.8888888888888888,0.1111111111111111,100000
quarterfinal,Iran,Turkey,18,0.00018,6,12,0.3333333333333333,0.6666666666666666,100000
quarterfinal,Algeria,France,17,0.00017,6,11,0.35294117647058826,0.6470588235294118,100000
quarterfinal,Brazil,Iran,17,0.00017,12,5,0.7058823529411765,0.29411764705882354,100000
quarterfinal,Canada,Qatar,17,0.00017,13,4,0.7647058823529411,0.23529411764705882,100000
quarterfinal,Argentina,Scotland,16,0.00016,15,1,0.9375,0.0625,100000
quarterfinal,Argentina,Senegal,16,0.00016,12,4,0.75,0.25,100000
quarterfinal,Cape Verde,France,16,0.00016,1,15,0.0625,0.9375,100000
quarterfinal,Ghana,Iraq,16,0.00016,8,8,0.5,0.5,100000
quarterfinal,Ghana,New Zealand,16,0.00016,9,7,0.5625,0.4375,100000
quarterfinal,Japan,Uzbekistan,16,0.00016,9,7,0.5625,0.4375,100000
quarterfinal,Jordan,Uruguay,16,0.00016,7,9,0.4375,0.5625,100000
quarterfinal,New Zealand,Senegal,16,0.00016,6,10,0.375,0.625,100000
quarterfinal,Saudi Arabia,Turkey,16,0.00016,6,10,0.375,0.625,100000
quarterfinal,Argentina,France,15,0.00015,6,9,0.4,0.6,100000
quarterfinal,Australia,Belgium,15,0.00015,8,7,0.5333333333333333,0.4666666666666667,100000
quarterfinal,Ghana,Saudi Arabia,15,0.00015,8,7,0.5333333333333333,0.4666666666666667,100000
quarterfinal,Curaçao,Norway,14,0.00014,3,11,0.21428571428571427,0.7857142857142857,100000
quarterfinal,Egypt,Netherlands,14,0.00014,2,12,0.14285714285714285,0.8571428571428571,100000
quarterfinal,Panama,Sweden,14,0.00014,8,6,0.5714285714285714,0.42857142857142855,100000
quarterfinal,Saudi Arabia,United States,14,0.00014,4,10,0.2857142857142857,0.7142857142857143,100000
quarterfinal,Algeria,Austria,13,0.00013,4,9,0.3076923076923077,0.6923076923076923,100000
quarterfinal,Cape Verde,New Zealand,13,0.00013,6,7,0.46153846153846156,0.5384615384615384,100000
quarterfinal,Cape Verde,United States,13,0.00013,4,9,0.3076923076923077,0.6923076923076923,100000
quarterfinal,DR Congo,Iraq,13,0.00013,9,4,0.6923076923076923,0.3076923076923077,100000
quarterfinal,Egypt,Mexico,13,0.00013,4,9,0.3076923076923077,0.6923076923076923,100000
quarterfinal,Iran,Netherlands,13,0.00013,5,8,0.38461538461538464,0.6153846153846154,100000
quarterfinal,New Zealand,Uzbekistan,13,0.00013,6,7,0.46153846153846156,0.5384615384615384,100000
quarterfinal,Australia,Mexico,12,0.00012,4,8,0.3333333333333333,0.6666666666666666,100000
quarterfinal,Austria,Ecuador,12,0.00012,4,8,0.3333333333333333,0.6666666666666666,100000
quarterfinal,Austria,France,12,0.00012,3,9,0.25,0.75,100000
quarterfinal,Belgium,Iraq,12,0.00012,8,4,0.6666666666666666,0.3333333333333333,100000
quarterfinal,Belgium,Japan,12,0.00012,6,6,0.5,0.5,100000
quarterfinal,Colombia,Mexico,12,0.00012,4,8,0.3333333333333333,0.6666666666666666,100000
quarterfinal,DR Congo,New Zealand,12,0.00012,5,7,0.4166666666666667,0.5833333333333334,100000
quarterfinal,France,Norway,12,0.00012,7,5,0.5833333333333334,0.4166666666666667,100000
quarterfinal,Ghana,Paraguay,12,0.00012,2,10,0.16666666666666666,0.8333333333333334,100000
quarterfinal,Japan,Panama,12,0.00012,10,2,0.8333333333333334,0.16666666666666666,100000
quarterfinal,Jordan,Senegal,12,0.00012,6,6,0.5,0.5,100000
quarterfinal,Morocco,Spain,12,0.00012,2,10,0.16666666666666666,0.8333333333333334,100000
quarterfinal,Netherlands,Switzerland,12,0.00012,5,7,0.4166666666666667,0.5833333333333334,100000
quarterfinal,Qatar,Scotland,12,0.00012,4,8,0.3333333333333333,0.6666666666666666,100000
quarterfinal,Austria,Scotland,11,0.00011,8,3,0.7272727272727273,0.2727272727272727,100000
quarterfinal,Belgium,Brazil,11,0.00011,7,4,0.6363636363636364,0.36363636363636365,100000
quarterfinal,Belgium,Turkey,11,0.00011,6,5,0.5454545454545454,0.45454545454545453,100000
quarterfinal,Bosnia and Herzegovina,Ivory Coast,11,0.00011,0,11,0.0,1.0,100000
quarterfinal,Curaçao,Scotland,11,0.00011,4,7,0.36363636363636365,0.6363636363636364,100000
quarterfinal,Netherlands,Portugal,11,0.00011,6,5,0.5454545454545454,0.45454545454545453,100000
quarterfinal,Panama,Paraguay,11,0.00011,4,7,0.36363636363636365,0.6363636363636364,100000
quarterfinal,Paraguay,Senegal,11,0.00011,5,6,0.45454545454545453,0.5454545454545454,100000
quarterfinal,Sweden,Turkey,11,0.00011,4,7,0.36363636363636365,0.6363636363636364,100000
quarterfinal,Argentina,Norway,10,0.0001,8,2,0.8,0.2,100000
quarterfinal,Australia,Scotland,10,0.0001,6,4,0.6,0.4,100000
quarterfinal,Belgium,Sweden,10,0.0001,8,2,0.8,0.2,100000
quarterfinal,Brazil,Spain,10,0.0001,4,6,0.4,0.6,100000
quarterfinal,Czechia,Paraguay,10,0.0001,3,7,0.3,0.7,100000
quarterfinal,DR Congo,Japan,10,0.0001,0,10,0.0,1.0,100000
quarterfinal,France,New Zealand,10,0.0001,9,1,0.9,0.1,100000
quarterfinal,Jordan,Turkey,10,0.0001,2,8,0.2,0.8,100000
quarterfinal,Mexico,Turkey,10,0.0001,5,5,0.5,0.5,100000
quarterfinal,Algeria,Scotland,9,9e-05,5,4,0.5555555555555556,0.4444444444444444,100000
quarterfinal,Argentina,Ecuador,9,9e-05,7,2,0.7777777777777778,0.2222222222222222,100000
quarterfinal,Australia,Colombia,9,9e-05,2,7,0.2222222222222222,0.7777777777777778,100000
quarterfinal,Australia,France,9,9e-05,2,7,0.2222222222222222,0.7777777777777778,100000
quarterfinal,Australia,Senegal,9,9e-05,5,4,0.5555555555555556,0.4444444444444444,100000
quarterfinal,Cape Verde,Turkey,9,9e-05,1,8,0.1111111111111111,0.8888888888888888,100000
quarterfinal,Curaçao,South Korea,9,9e-05,1,8,0.1111111111111111,0.8888888888888888,100000
quarterfinal,Ghana,Sweden,9,9e-05,1,8,0.1111111111111111,0.8888888888888888,100000
quarterfinal,Mexico,Portugal,9,9e-05,5,4,0.5555555555555556,0.4444444444444444,100000
quarterfinal,Norway,United States,9,9e-05,2,7,0.2222222222222222,0.7777777777777778,100000
quarterfinal,Senegal,Turkey,9,9e-05,3,6,0.3333333333333333,0.6666666666666666,100000
quarterfinal,Brazil,Egypt,8,8e-05,5,3,0.625,0.375,100000
quarterfinal,Colombia,Netherlands,8,8e-05,4,4,0.5,0.5,100000
quarterfinal,Colombia,Turkey,8,8e-05,5,3,0.625,0.375,100000
quarterfinal,Haiti,Netherlands,8,8e-05,3,5,0.375,0.625,100000
quarterfinal,New Zealand,Panama,8,8e-05,3,5,0.375,0.625,100000
quarterfinal,Saudi Arabia,Sweden,8,8e-05,4,4,0.5,0.5,100000
quarterfinal,South Africa,Sweden,8,8e-05,4,4,0.5,0.5,100000
quarterfinal,Turkey,Uzbekistan,8,8e-05,6,2,0.75,0.25,100000
quarterfinal,Canada,Netherlands,7,7e-05,1,6,0.14285714285714285,0.8571428571428571,100000
quarterfinal,Croatia,Netherlands,7,7e-05,4,3,0.5714285714285714,0.42857142857142855,100000
quarterfinal,Egypt,Iraq,7,7e-05,5,2,0.7142857142857143,0.2857142857142857,100000
quarterfinal,Iraq,Paraguay,7,7e-05,2,5,0.2857142857142857,0.7142857142857143,100000
quarterfinal,Jordan,Scotland,7,7e-05,2,5,0.2857142857142857,0.7142857142857143,100000
quarterfinal,Netherlands,Uruguay,7,7e-05,3,4,0.42857142857142855,0.5714285714285714,100000
quarterfinal,Norway,Paraguay,7,7e-05,3,4,0.42857142857142855,0.5714285714285714,100000
quarterfinal,Algeria,Norway,6,6e-05,6,0,1.0,0.0,100000
quarterfinal,Argentina,Cape Verde,6,6e-05,5,1,0.8333333333333334,0.16666666666666666,100000
quarterfinal,Australia,South Africa,6,6e-05,3,3,0.5,0.5,100000
quarterfinal,Australia,Uzbekistan,6,6e-05,5,1,0.8333333333333334,0.16666666666666666,100000
quarterfinal,Austria,Norway,6,6e-05,5,1,0.8333333333333334,0.16666666666666666,100000
quarterfinal,Bosnia and Herzegovina,Spain,6,6e-05,0,6,0.0,1.0,100000
quarterfinal,Czechia,Turkey,6,6e-05,3,3,0.5,0.5,100000
quarterfinal,France,Jordan,6,6e-05,6,0,1.0,0.0,100000
quarterfinal,Haiti,Japan,6,6e-05,0,6,0.0,1.0,100000
quarterfinal,Iraq,Spain,6,6e-05,0,6,0.0,1.0,100000
quarterfinal,Ivory Coast,Saudi Arabia,6,6e-05,3,3,0.5,0.5,100000
quarterfinal,New Zealand,Norway,6,6e-05,0,6,0.0,1.0,100000
quarterfinal,New Zealand,Sweden,6,6e-05,2,4,0.3333333333333333,0.6666666666666666,100000
quarterfinal,Paraguay,Scotland,6,6e-05,4,2,0.6666666666666666,0.3333333333333333,100000
quarterfinal,Algeria,Cape Verde,5,5e-05,4,1,0.8,0.2,100000
quarterfinal,Argentina,Saudi Arabia,5,5e-05,5,0,1.0,0.0,100000
quarterfinal,Australia,Czechia,5,5e-05,4,1,0.8,0.2,100000
quarterfinal,Australia,Iraq,5,5e-05,2,3,0.4,0.6,100000
quarterfinal,Austria,Cape Verde,5,5e-05,3,2,0.6,0.4,100000
quarterfinal,Austria,Jordan,5,5e-05,4,1,0.8,0.2,100000
quarterfinal,Cape Verde,Ivory Coast,5,5e-05,1,4,0.2,0.8,100000
quarterfinal,Croatia,Mexico,5,5e-05,2,3,0.4,0.6,100000
quarterfinal,Curaçao,Senegal,5,5e-05,1,4,0.2,0.8,100000
quarterfinal,Egypt,Morocco,5,5e-05,1,4,0.2,0.8,100000
quarterfinal,France,Iraq,5,5e-05,4,1,0.8,0.2,100000
quarterfinal,France,Saudi Arabia,5,5e-05,4,1,0.8,0.2,100000
quarterfinal,Ghana,Turkey,5,5e-05,0,5,0.0,1.0,100000
quarterfinal,Haiti,Switzerland,5,5e-05,2,3,0.4,0.6,100000
quarterfinal,New Zealand,Paraguay,5,5e-05,3,2,0.6,0.4,100000
quarterfinal,Norway,Saudi Arabia,5,5e-05,4,1,0.8,0.2,100000
quarterfinal,Paraguay,South Africa,5,5e-05,4,1,0.8,0.2,100000
quarterfinal,Sweden,Uzbekistan,5,5e-05,4,1,0.8,0.2,100000
quarterfinal,Algeria,Ecuador,4,4e-05,1,3,0.25,0.75,100000
quarterfinal,Algeria,Iraq,4,4e-05,3,1,0.75,0.25,100000
quarterfinal,Algeria,Saudi Arabia,4,4e-05,3,1,0.75,0.25,100000
quarterfinal,Australia,New Zealand,4,4e-05,3,1,0.75,0.25,100000
quarterfinal,Australia,Panama,4,4e-05,4,0,1.0,0.0,100000
quarterfinal,Cape Verde,Sweden,4,4e-05,2,2,0.5,0.5,100000
quarterfinal,Curaçao,Uruguay,4,4e-05,0,4,0.0,1.0,100000
quarterfinal,DR Congo,Netherlands,4,4e-05,0,4,0.0,1.0,100000
quarterfinal,DR Congo,Sweden,4,4e-05,1,3,0.25,0.75,100000
quarterfinal,DR Congo,Turkey,4,4e-05,2,2,0.5,0.5,100000
quarterfinal,Ecuador,Jordan,4,4e-05,3,1,0.75,0.25,100000
quarterfinal,England,Mexico,4,4e-05,1,3,0.25,0.75,100000
quarterfinal,England,Morocco,4,4e-05,1,3,0.25,0.75,100000
quarterfinal,Haiti,South Korea,4,4e-05,3,1,0.75,0.25,100000
quarterfinal,Iraq,New Zealand,4,4e-05,2,2,0.5,0.5,100000
quarterfinal,Iraq,Uruguay,4,4e-05,0,4,0.0,1.0,100000
quarterfinal,Ivory Coast,Qatar,4,4e-05,4,0,1.0,0.0,100000
quarterfinal,Netherlands,Uzbekistan,4,4e-05,3,1,0.75,0.25,100000
quarterfinal,Norway,Turkey,4,4e-05,4,0,1.0,0.0,100000
quarterfinal,Australia,Ghana,3,3e-05,3,0,1.0,0.0,100000
quarterfinal,Australia,Norway,3,3e-05,1,2,0.3333333333333333,0.6666666666666666,100000
quarterfinal,Austria,Iraq,3,3e-05,1,2,0.3333333333333333,0.6666666666666666,100000
quarterfinal,Austria,South Korea,3,3e-05,2,1,0.6666666666666666,0.3333333333333333,100000
quarterfinal,Belgium,South Korea,3,3e-05,1,2,0.3333333333333333,0.6666666666666666,100000
quarterfinal,Bosnia and Herzegovina,South Africa,3,3e-05,1,2,0.3333333333333333,0.6666666666666666,100000
quarterfinal,Bosnia and Herzegovina,Uruguay,3,3e-05,2,1,0.6666666666666666,0.3333333333333333,100000
quarterfinal,Brazil,England,3,3e-05,1,2,0.3333333333333333,0.6666666666666666,100000
quarterfinal,Brazil,New Zealand,3,3e-05,3,0,1.0,0.0,100000
quarterfinal,Brazil,Portugal,3,3e-05,2,1,0.6666666666666666,0.3333333333333333,100000
quarterfinal,Canada,Haiti,3,3e-05,3,0,1.0,0.0,100000
quarterfinal,Cape Verde,Iraq,3,3e-05,2,1,0.6666666666666666,0.3333333333333333,100000
quarterfinal,Cape Verde,Norway,3,3e-05,2,1,0.6666666666666666,0.3333333333333333,100000
quarterfinal,Curaçao,Spain,3,3e-05,0,3,0.0,1.0,100000
quarterfinal,Czechia,Senegal,3,3e-05,1,2,0.3333333333333333,0.6666666666666666,100000
quarterfinal,Egypt,New Zealand,3,3e-05,1,2,0.3333333333333333,0.6666666666666666,100000
quarterfinal,Iraq,Turkey,3,3e-05,0,3,0.0,1.0,100000
quarterfinal,Senegal,South Africa,3,3e-05,3,0,1.0,0.0,100000
quarterfinal,Algeria,Ivory Coast,2,2e-05,1,1,0.5,0.5,100000
quarterfinal,Argentina,Iraq,2,2e-05,2,0,1.0,0.0,100000
quarterfinal,Argentina,Ivory Coast,2,2e-05,1,1,0.5,0.5,100000
quarterfinal,Argentina,South Korea,2,2e-05,2,0,1.0,0.0,100000
quarterfinal,Australia,Croatia,2,2e-05,1,1,0.5,0.5,100000
quarterfinal,Australia,DR Congo,2,2e-05,1,1,0.5,0.5,100000
quarterfinal,Belgium,Netherlands,2,2e-05,1,1,0.5,0.5,100000
quarterfinal,Brazil,Colombia,2,2e-05,1,1,0.5,0.5,100000
quarterfinal,Brazil,Uruguay,2,2e-05,0,2,0.0,1.0,100000
quarterfinal,Cape Verde,Japan,2,2e-05,0,2,0.0,1.0,100000
quarterfinal,Cape Verde,Jordan,2,2e-05,2,0,1.0,0.0,100000
quarterfinal,Cape Verde,Senegal,2,2e-05,1,1,0.5,0.5,100000
quarterfinal,Colombia,Morocco,2,2e-05,1,1,0.5,0.5,100000
quarterfinal,France,Turkey,2,2e-05,2,0,1.0,0.0,100000
quarterfinal,Iran,South Korea,2,2e-05,1,1,0.5,0.5,100000
quarterfinal,Iraq,Jordan,2,2e-05,0,2,0.0,1.0,100000
quarterfinal,Ivory Coast,Jordan,2,2e-05,0,2,0.0,1.0,100000
quarterfinal,Japan,New Zealand,2,2e-05,2,0,1.0,0.0,100000
quarterfinal,Japan,Saudi Arabia,2,2e-05,2,0,1.0,0.0,100000
quarterfinal,Jordan,Norway,2,2e-05,1,1,0.5,0.5,100000
quarterfinal,Mexico,Panama,2,2e-05,1,1,0.5,0.5,100000
quarterfinal,Netherlands,Panama,2,2e-05,1,1,0.5,0.5,100000
quarterfinal,New Zealand,Turkey,2,2e-05,0,2,0.0,1.0,100000
quarterfinal,Qatar,Spain,2,2e-05,0,2,0.0,1.0,100000
quarterfinal,Saudi Arabia,Senegal,2,2e-05,1,1,0.5,0.5,100000
quarterfinal,Algeria,Jordan,1,1e-05,1,0,1.0,0.0,100000
quarterfinal,Algeria,South Korea,1,1e-05,0,1,0.0,1.0,100000
quarterfinal,Argentina,United States,1,1e-05,1,0,1.0,0.0,100000
quarterfinal,Austria,Ivory Coast,1,1e-05,0,1,0.0,1.0,100000
quarterfinal,Austria,Qatar,1,1e-05,1,0,1.0,0.0,100000
quarterfinal,Belgium,Mexico,1,1e-05,1,0,1.0,0.0,100000
quarterfinal,Bosnia and Herzegovina,Curaçao,1,1e-05,1,0,1.0,0.0,100000
quarterfinal,Bosnia and Herzegovina,Senegal,1,1e-05,0,1,0.0,1.0,100000
quarterfinal,Brazil,Croatia,1,1e-05,1,0,1.0,0.0,100000
quarterfinal,Brazil,DR Congo,1,1e-05,1,0,1.0,0.0,100000
quarterfinal,Brazil,Saudi Arabia,1,1e-05,1,0,1.0,0.0,100000
quarterfinal,Cape Verde,Mexico,1,1e-05,0,1,0.0,1.0,100000
quarterfinal,Cape Verde,Morocco,1,1e-05,0,1,0.0,1.0,100000
quarterfinal,Colombia,Ivory Coast,1,1e-05,1,0,1.0,0.0,100000
quarterfinal,Croatia,Morocco,1,1e-05,1,0,1.0,0.0,100000
quarterfinal,Croatia,Turkey,1,1e-05,0,1,0.0,1.0,100000
quarterfinal,Curaçao,Iraq,1,1e-05,1,0,1.0,0.0,100000
quarterfinal,Curaçao,Saudi Arabia,1,1e-05,0,1,0.0,1.0,100000
quarterfinal,Czechia,Iran,1,1e-05,1,0,1.0,0.0,100000
quarterfinal,Czechia,Iraq,1,1e-05,1,0,1.0,0.0,100000
quarterfinal,Ecuador,Spain,1,1e-05,0,1,0.0,1.0,100000
quarterfinal,Egypt,South Korea,1,1e-05,0,1,0.0,1.0,100000
quarterfinal,France,Qatar,1,1e-05,1,0,1.0,0.0,100000
quarterfinal,Ghana,Mexico,1,1e-05,0,1,0.0,1.0,100000
quarterfinal,Haiti,South Africa,1,1e-05,0,1,0.0,1.0,100000
quarterfinal,Iran,Mexico,1,1e-05,0,1,0.0,1.0,100000
quarterfinal,Iran,Morocco,1,1e-05,1,0,1.0,0.0,100000
quarterfinal,Iraq,Senegal,1,1e-05,1,0,1.0,0.0,100000
quarterfinal,Iraq,United States,1,1e-05,0,1,0.0,1.0,100000
quarterfinal,Ivory Coast,Portugal,1,1e-05,1,0,1.0,0.0,100000
quarterfinal,Jordan,South Korea,1,1e-05,0,1,0.0,1.0,100000
quarterfinal,Mexico,Saudi Arabia,1,1e-05,0,1,0.0,1.0,100000
quarterfinal,Mexico,Uruguay,1,1e-05,0,1,0.0,1.0,100000
quarterfinal,Mexico,Uzbekistan,1,1e-05,1,0,1.0,0.0,100000
quarterfinal,Morocco,New Zealand,1,1e-05,0,1,0.0,1.0,100000
quarterfinal,Morocco,Panama,1,1e-05,0,1,0.0,1.0,100000
quarterfinal,Morocco,Uzbekistan,1,1e-05,1,0,1.0,0.0,100000
quarterfinal,New Zealand,South Korea,1,1e-05,0,1,0.0,1.0,100000
quarterfinal,Norway,Qatar,1,1e-05,1,0,1.0,0.0,100000
quarterfinal,Portugal,Scotland,1,1e-05,0,1,0.0,1.0,100000
quarterfinal,Portugal,South Korea,1,1e-05,1,0,1.0,0.0,100000
quarterfinal,Scotland,Turkey,1,1e-05,0,1,0.0,1.0,100000
quarterfinal,South Africa,Turkey,1,1e-05,0,1,0.0,1.0,100000
semifinal,England,Germany,7977,0.07977,4622,3355,0.5794158204838912,0.4205841795161088,100000
semifinal,Argentina,France,6634,0.06634,3795,2839,0.5720530599939705,0.42794694000602956,100000
semifinal,Brazil,England,6010,0.0601,2826,3184,0.47021630615640597,0.529783693843594,100000
semifinal,France,Spain,5914,0.05914,2639,3275,0.44622928643895843,0.5537707135610416,100000
semifinal,England,France,5856,0.05856,2636,3220,0.4501366120218579,0.549863387978142,100000
semifinal,Argentina,Mexico,5493,0.05493,4041,1452,0.7356635718186784,0.2643364281813217,100000
semifinal,Mexico,Spain,4661,0.04661,1298,3363,0.27848101265822783,0.7215189873417721,100000
semifinal,Argentina,United States,3791,0.03791,3022,769,0.7971511474544974,0.2028488525455025,100000
semifinal,Argentina,Netherlands,3549,0.03549,2465,1084,0.6945618484080023,0.3054381515919977,100000
semifinal,Spain,United States,3233,0.03233,2597,636,0.8032786885245902,0.19672131147540983,100000
semifinal,Netherlands,Spain,3175,0.03175,999,2176,0.3146456692913386,0.6853543307086614,100000
semifinal,Colombia,France,3090,0.0309,1078,2012,0.3488673139158576,0.6511326860841424,100000
semifinal,Argentina,Japan,3084,0.03084,2302,782,0.7464332036316472,0.2535667963683528,100000
semifinal,England,Netherlands,2999,0.02999,1745,1254,0.5818606202067356,0.41813937979326443,100000
semifinal,Germany,Portugal,2857,0.02857,1425,1432,0.49877493874693735,0.5012250612530627,100000
semifinal,Argentina,Morocco,2836,0.02836,2127,709,0.75,0.25,100000
semifinal,France,Portugal,2795,0.02795,1758,1037,0.6289803220035778,0.37101967799642216,100000
semifinal,Japan,Spain,2687,0.02687,687,2000,0.255675474506885,0.744324525493115,100000
semifinal,Morocco,Spain,2532,0.02532,642,1890,0.25355450236966826,0.7464454976303317,100000
semifinal,Brazil,Portugal,2309,0.02309,1258,1051,0.5448245993936769,0.4551754006063231,100000
semifinal,Argentina,Brazil,2159,0.02159,1442,717,0.667901806391848,0.3320981936081519,100000
semifinal,Brazil,Spain,2099,0.02099,718,1381,0.34206765126250593,0.6579323487374941,100000
semifinal,Brazil,Colombia,1918,0.01918,1074,844,0.5599582898852972,0.44004171011470283,100000
semifinal,Colombia,Mexico,1781,0.01781,949,832,0.5328467153284672,0.46715328467153283,100000
semifinal,Colombia,Germany,1742,0.01742,872,870,0.5005740528128588,0.49942594718714123,100000
semifinal,Argentina,Norway,1702,0.01702,1392,310,0.81786133960047,0.18213866039952997,100000
semifinal,England,Morocco,1691,0.01691,1107,584,0.654642223536369,0.34535777646363097,100000
semifinal,England,Japan,1677,0.01677,1069,608,0.6374478234943352,0.3625521765056649,100000
semifinal,England,Switzerland,1658,0.01658,1174,484,0.7080820265379976,0.29191797346200243,100000
semifinal,Colombia,Netherlands,1646,0.01646,816,830,0.4957472660996355,0.5042527339003645,100000
semifinal,Croatia,Germany,1637,0.01637,663,974,0.40500916310323765,0.5949908368967624,100000
semifinal,England,South Korea,1603,0.01603,1167,436,0.7280099812850904,0.2719900187149095,100000
semifinal,Norway,Spain,1546,0.01546,280,1266,0.18111254851228978,0.8188874514877102,100000
semifinal,Netherlands,Portugal,1410,0.0141,695,715,0.4929078014184397,0.5070921985815603,100000
semifinal,Croatia,France,1362,0.01362,384,978,0.28193832599118945,0.7180616740088106,100000
semifinal,Argentina,Ecuador,1345,0.01345,1010,335,0.7509293680297398,0.24907063197026022,100000
semifinal,Colombia,Japan,1267,0.01267,671,596,0.5295974743488555,0.47040252565114443,100000
semifinal,Argentina,Ivory Coast,1245,0.01245,1079,166,0.8666666666666667,0.13333333333333333,100000
semifinal,Ecuador,Spain,1244,0.01244,343,901,0.2757234726688103,0.7242765273311897,100000
semifinal,Belgium,France,1215,0.01215,343,872,0.2823045267489712,0.7176954732510288,100000
semifinal,Brazil,Croatia,1211,0.01211,772,439,0.6374896779521056,0.3625103220478943,100000
semifinal,Colombia,Morocco,1182,0.01182,669,513,0.565989847715736,0.434010152284264,100000
semifinal,Austria,France,1155,0.01155,299,856,0.25887445887445887,0.7411255411255411,100000
semifinal,Colombia,United States,1097,0.01097,699,398,0.6371923427529627,0.3628076572470374,100000
semifinal,England,Norway,1095,0.01095,822,273,0.7506849315068493,0.2493150684931507,100000
semifinal,Canada,Germany,1053,0.01053,328,725,0.3114909781576448,0.6885090218423552,100000
semifinal,Ivory Coast,Spain,1050,0.0105,151,899,0.1438095238095238,0.8561904761904762,100000
semifinal,Australia,France,1023,0.01023,251,772,0.24535679374389052,0.7546432062561095,100000
semifinal,Germany,Switzerland,1012,0.01012,629,383,0.6215415019762845,0.3784584980237154,100000
semifinal,Egypt,Germany,1001,0.01001,238,763,0.23776223776223776,0.7622377622377622,100000
semifinal,Germany,Iran,962,0.00962,684,278,0.7110187110187111,0.288981288981289,100000
semifinal,France,Uruguay,960,0.0096,703,257,0.7322916666666667,0.2677083333333333,100000
semifinal,Argentina,Senegal,950,0.0095,766,184,0.8063157894736842,0.1936842105263158,100000
semifinal,Japan,Portugal,947,0.00947,419,528,0.4424498416050686,0.5575501583949314,100000
semifinal,Morocco,Portugal,935,0.00935,396,539,0.4235294117647059,0.5764705882352941,100000
semifinal,Argentina,Sweden,880,0.0088,772,108,0.8772727272727273,0.12272727272727273,100000
semifinal,Mexico,Portugal,877,0.00877,405,472,0.4618015963511973,0.5381984036488028,100000
semifinal,Germany,Spain,876,0.00876,297,579,0.339041095890411,0.660958904109589,100000
semifinal,Brazil,Canada,848,0.00848,593,255,0.6992924528301887,0.3007075471698113,100000
semifinal,Australia,Mexico,826,0.00826,338,488,0.4092009685230024,0.5907990314769975,100000
semifinal,Canada,France,817,0.00817,172,645,0.21052631578947367,0.7894736842105263,100000
semifinal,Senegal,Spain,808,0.00808,183,625,0.2264851485148515,0.7735148514851485,100000
semifinal,Egypt,France,806,0.00806,139,667,0.17245657568238212,0.8275434243176178,100000
semifinal,Brazil,Switzerland,799,0.00799,544,255,0.6808510638297872,0.3191489361702128,100000
semifinal,Brazil,Egypt,782,0.00782,628,154,0.80306905370844,0.1969309462915601,100000
semifinal,France,Iran,778,0.00778,617,161,0.7930591259640103,0.2069408740359897,100000
semifinal,Spain,Sweden,770,0.0077,662,108,0.8597402597402597,0.14025974025974025,100000
semifinal,Colombia,Norway,763,0.00763,525,238,0.6880733944954128,0.3119266055045872,100000
semifinal,Brazil,Iran,758,0.00758,549,209,0.7242744063324539,0.2757255936675462,100000
semifinal,France,Switzerland,750,0.0075,569,181,0.7586666666666667,0.24133333333333334,100000
semifinal,Austria,Mexico,746,0.00746,320,426,0.4289544235924933,0.5710455764075067,100000
semifinal,Argentina,Germany,736,0.00736,516,220,0.7010869565217391,0.29891304347826086,100000
semifinal,Canada,England,696,0.00696,163,533,0.23419540229885058,0.7658045977011494,100000
semifinal,Belgium,Mexico,683,0.00683,292,391,0.42752562225475843,0.5724743777452416,100000
semifinal,Croatia,Netherlands,657,0.00657,273,384,0.4155251141552511,0.5844748858447488,100000
semifinal,Brazil,Uruguay,627,0.00627,410,217,0.6539074960127592,0.34609250398724084,100000
semifinal,Germany,Uruguay,625,0.00625,377,248,0.6032,0.3968,100000
semifinal,Portugal,Switzerland,623,0.00623,415,208,0.666131621187801,0.33386837881219905,100000
semifinal,England,Scotland,621,0.00621,510,111,0.821256038647343,0.178743961352657,100000
semifinal,Belgium,Brazil,597,0.00597,217,380,0.36348408710217756,0.6365159128978225,100000
semifinal,Norway,Portugal,594,0.00594,194,400,0.3265993265993266,0.6734006734006734,100000
semifinal,Canada,Switzerland,591,0.00591,294,297,0.49746192893401014,0.5025380710659898,100000
semifinal,Australia,United States,586,0.00586,285,301,0.4863481228668942,0.5136518771331058,100000
semifinal,Belgium,Netherlands,586,0.00586,253,333,0.431740614334471,0.568259385665529,100000
semifinal,Austria,Netherlands,570,0.0057,207,363,0.3631578947368421,0.6368421052631579,100000
semifinal,Portugal,South Korea,562,0.00562,377,185,0.6708185053380783,0.3291814946619217,100000
semifinal,Australia,Netherlands,535,0.00535,191,344,0.35700934579439253,0.6429906542056075,100000
semifinal,Portugal,United States,526,0.00526,349,177,0.6634980988593155,0.3365019011406844,100000
semifinal,Belgium,Germany,520,0.0052,200,320,0.38461538461538464,0.6153846153846154,100000
semifinal,Austria,United States,511,0.00511,247,264,0.48336594911937375,0.5166340508806262,100000
semifinal,Austria,Brazil,500,0.005,175,325,0.35,0.65,100000
semifinal,France,Germany,497,0.00497,337,160,0.6780684104627767,0.32193158953722334,100000
semifinal,Belgium,Morocco,494,0.00494,213,281,0.4311740890688259,0.5688259109311741,100000
semifinal,Belgium,Japan,477,0.00477,197,280,0.4129979035639413,0.5870020964360587,100000
semifinal,England,Mexico,477,0.00477,299,178,0.6268343815513627,0.3731656184486373,100000
semifinal,Austria,Japan,476,0.00476,208,268,0.4369747899159664,0.5630252100840336,100000
semifinal,Belgium,United States,467,0.00467,240,227,0.5139186295503212,0.4860813704496788,100000
semifinal,Netherlands,Uruguay,467,0.00467,286,181,0.6124197002141327,0.3875802997858672,100000
semifinal,Australia,Japan,465,0.00465,196,269,0.421505376344086,0.578494623655914,100000
semifinal,Austria,Morocco,451,0.00451,179,272,0.3968957871396896,0.6031042128603105,100000
semifinal,Egypt,Netherlands,433,0.00433,99,334,0.22863741339491916,0.7713625866050808,100000
semifinal,Colombia,Ecuador,427,0.00427,235,192,0.550351288056206,0.4496487119437939,100000
semifinal,Mexico,Uruguay,423,0.00423,232,191,0.5484633569739953,0.4515366430260047,100000
semifinal,Iran,Netherlands,418,0.00418,152,266,0.36363636363636365,0.6363636363636364,100000
semifinal,Croatia,Morocco,414,0.00414,198,216,0.4782608695652174,0.5217391304347826,100000
semifinal,Australia,Morocco,408,0.00408,159,249,0.3897058823529412,0.6102941176470589,100000
semifinal,Colombia,Ivory Coast,404,0.00404,296,108,0.7326732673267327,0.26732673267326734,100000
semifinal,Croatia,Japan,395,0.00395,179,216,0.4531645569620253,0.5468354430379747,100000
semifinal,Colombia,South Korea,391,0.00391,252,139,0.6445012787723785,0.3554987212276215,100000
semifinal,Algeria,France,387,0.00387,84,303,0.21705426356589147,0.7829457364341085,100000
semifinal,Argentina,South Korea,385,0.00385,316,69,0.8207792207792208,0.17922077922077922,100000
semifinal,Austria,Germany,384,0.00384,114,270,0.296875,0.703125,100000
semifinal,Japan,Uruguay,383,0.00383,195,188,0.5091383812010444,0.4908616187989556,100000
semifinal,Canada,Netherlands,377,0.00377,106,271,0.28116710875331563,0.7188328912466844,100000
semifinal,Netherlands,Switzerland,373,0.00373,240,133,0.6434316353887399,0.35656836461126007,100000
semifinal,France,Paraguay,360,0.0036,281,79,0.7805555555555556,0.21944444444444444,100000
semifinal,South Korea,Spain,359,0.00359,58,301,0.1615598885793872,0.8384401114206128,100000
semifinal,Brazil,France,358,0.00358,154,204,0.4301675977653631,0.5698324022346368,100000
semifinal,Germany,Panama,358,0.00358,254,104,0.7094972067039106,0.2905027932960894,100000
semifinal,Argentina,Spain,349,0.00349,192,157,0.5501432664756447,0.4498567335243553,100000
semifinal,Algeria,Germany,348,0.00348,90,258,0.25862068965517243,0.7413793103448276,100000
semifinal,Germany,Uzbekistan,342,0.00342,257,85,0.7514619883040936,0.24853801169590642,100000
semifinal,Colombia,Switzerland,333,0.00333,221,112,0.6636636636636637,0.33633633633633636,100000
semifinal,Morocco,Uruguay,331,0.00331,164,167,0.4954682779456193,0.5045317220543807,100000
semifinal,Croatia,Switzerland,330,0.0033,163,167,0.49393939393939396,0.5060606060606061,100000
semifinal,Germany,Senegal,328,0.00328,222,106,0.676829268292683,0.3231707317073171,100000
semifinal,Colombia,Sweden,318,0.00318,240,78,0.7547169811320755,0.24528301886792453,100000
semifinal,Algeria,Brazil,302,0.00302,83,219,0.27483443708609273,0.7251655629139073,100000
semifinal,DR Congo,Germany,299,0.00299,53,246,0.17725752508361203,0.822742474916388,100000
semifinal,Colombia,Senegal,295,0.00295,187,108,0.6338983050847458,0.36610169491525424,100000
semifinal,Austria,Norway,288,0.00288,170,118,0.5902777777777778,0.4097222222222222,100000
semifinal,Brazil,Uzbekistan,288,0.00288,235,53,0.8159722222222222,0.1840277777777778,100000
semifinal,France,Panama,288,0.00288,243,45,0.84375,0.15625,100000
semifinal,Belgium,Norway,287,0.00287,173,114,0.6027874564459931,0.397212543554007,100000
semifinal,Croatia,South Korea,283,0.00283,175,108,0.6183745583038869,0.38162544169611307,100000
semifinal,Germany,Ghana,281,0.00281,241,40,0.8576512455516014,0.1423487544483986,100000
semifinal,France,Uzbekistan,280,0.0028,244,36,0.8714285714285714,0.12857142857142856,100000
semifinal,United States,Uruguay,279,0.00279,138,141,0.4946236559139785,0.5053763440860215,100000
semifinal,Australia,Brazil,274,0.00274,75,199,0.2737226277372263,0.7262773722627737,100000
semifinal,DR Congo,France,265,0.00265,34,231,0.12830188679245283,0.8716981132075472,100000
semifinal,Croatia,Norway,262,0.00262,153,109,0.583969465648855,0.41603053435114506,100000
semifinal,Brazil,Panama,257,0.00257,197,60,0.7665369649805448,0.23346303501945526,100000
semifinal,Mexico,Paraguay,257,0.00257,171,86,0.6653696498054474,0.3346303501945525,100000
semifinal,Australia,Norway,253,0.00253,128,125,0.5059288537549407,0.49407114624505927,100000
semifinal,France,Senegal,252,0.00252,163,89,0.6468253968253969,0.3531746031746032,100000
semifinal,Argentina,Scotland,246,0.00246,222,24,0.9024390243902439,0.0975609756097561,100000
semifinal,Croatia,Mexico,246,0.00246,116,130,0.4715447154471545,0.5284552845528455,100000
semifinal,Egypt,Japan,242,0.00242,72,170,0.2975206611570248,0.7024793388429752,100000
semifinal,Scotland,Spain,242,0.00242,40,202,0.1652892561983471,0.8347107438016529,100000
semifinal,Brazil,Senegal,241,0.00241,162,79,0.6721991701244814,0.3278008298755187,100000
semifinal,Egypt,Morocco,235,0.00235,64,171,0.2723404255319149,0.7276595744680852,100000
semifinal,Norway,Uruguay,230,0.0023,92,138,0.4,0.6,100000
semifinal,Brazil,DR Congo,227,0.00227,185,42,0.8149779735682819,0.18502202643171806,100000
semifinal,Portugal,Scotland,227,0.00227,176,51,0.775330396475771,0.22466960352422907,100000
semifinal,Japan,Switzerland,222,0.00222,137,85,0.6171171171171171,0.38288288288288286,100000
semifinal,England,Sweden,221,0.00221,162,59,0.7330316742081447,0.2669683257918552,100000
semifinal,Canada,Portugal,219,0.00219,64,155,0.2922374429223744,0.7077625570776256,100000
semifinal,South Korea,Switzerland,219,0.00219,120,99,0.547945205479452,0.4520547945205479,100000
semifinal,Iran,Switzerland,218,0.00218,85,133,0.38990825688073394,0.6100917431192661,100000
semifinal,France,Norway,217,0.00217,119,98,0.5483870967741935,0.45161290322580644,100000
semifinal,Iran,Morocco,217,0.00217,85,132,0.391705069124424,0.6082949308755761,100000
semifinal,Canada,Morocco,216,0.00216,66,150,0.3055555555555556,0.6944444444444444,100000
semifinal,Morocco,Switzerland,214,0.00214,109,105,0.5093457943925234,0.49065420560747663,100000
semifinal,Iran,Japan,213,0.00213,80,133,0.3755868544600939,0.6244131455399061,100000
semifinal,Egypt,Switzerland,208,0.00208,80,128,0.38461538461538464,0.6153846153846154,100000
semifinal,Spain,Switzerland,208,0.00208,163,45,0.7836538461538461,0.21634615384615385,100000
semifinal,France,Ghana,206,0.00206,189,17,0.9174757281553398,0.0825242718446602,100000
semifinal,Brazil,Ghana,205,0.00205,176,29,0.8585365853658536,0.14146341463414633,100000
semifinal,Canada,Japan,205,0.00205,80,125,0.3902439024390244,0.6097560975609756,100000
semifinal,Algeria,Netherlands,204,0.00204,48,156,0.23529411764705882,0.7647058823529411,100000
semifinal,Canada,South Korea,204,0.00204,99,105,0.4852941176470588,0.5147058823529411,100000
semifinal,Czechia,England,204,0.00204,34,170,0.16666666666666666,0.8333333333333334,100000
semifinal,Ecuador,Portugal,203,0.00203,80,123,0.39408866995073893,0.6059113300492611,100000
semifinal,Egypt,South Korea,201,0.00201,91,110,0.4527363184079602,0.5472636815920398,100000
semifinal,Iran,South Korea,194,0.00194,83,111,0.42783505154639173,0.5721649484536082,100000
semifinal,Belgium,Ecuador,191,0.00191,103,88,0.5392670157068062,0.4607329842931937,100000
semifinal,Australia,Ivory Coast,189,0.00189,107,82,0.5661375661375662,0.43386243386243384,100000
semifinal,Colombia,Scotland,189,0.00189,145,44,0.7671957671957672,0.2328042328042328,100000
semifinal,Australia,Ecuador,188,0.00188,67,121,0.35638297872340424,0.6436170212765957,100000
semifinal,Austria,Ecuador,181,0.00181,77,104,0.425414364640884,0.574585635359116,100000
semifinal,Netherlands,Paraguay,177,0.00177,126,51,0.711864406779661,0.288135593220339,100000
semifinal,Norway,Switzerland,176,0.00176,90,86,0.5113636363636364,0.48863636363636365,100000
semifinal,Ivory Coast,Portugal,175,0.00175,53,122,0.3028571428571429,0.6971428571428572,100000
semifinal,Paraguay,United States,172,0.00172,86,86,0.5,0.5,100000
semifinal,Iran,Norway,170,0.0017,86,84,0.5058823529411764,0.49411764705882355,100000
semifinal,Argentina,Switzerland,167,0.00167,133,34,0.7964071856287425,0.20359281437125748,100000
semifinal,Netherlands,Panama,166,0.00166,117,49,0.7048192771084337,0.29518072289156627,100000
semifinal,Belgium,Ivory Coast,165,0.00165,108,57,0.6545454545454545,0.34545454545454546,100000
semifinal,Canada,Norway,165,0.00165,67,98,0.40606060606060607,0.593939393939394,100000
semifinal,Portugal,Sweden,165,0.00165,129,36,0.7818181818181819,0.21818181818181817,100000
semifinal,Austria,Ivory Coast,160,0.0016,85,75,0.53125,0.46875,100000
semifinal,Canada,Colombia,157,0.00157,43,114,0.27388535031847133,0.7261146496815286,100000
semifinal,Belgium,South Korea,155,0.00155,96,59,0.6193548387096774,0.38064516129032255,100000
semifinal,France,Japan,154,0.00154,106,48,0.6883116883116883,0.3116883116883117,100000
semifinal,France,Netherlands,154,0.00154,94,60,0.6103896103896104,0.38961038961038963,100000
semifinal,Croatia,Scotland,153,0.00153,107,46,0.6993464052287581,0.3006535947712418,100000
semifinal,Japan,Paraguay,151,0.00151,99,52,0.6556291390728477,0.3443708609271523,100000
semifinal,Morocco,Paraguay,151,0.00151,97,54,0.6423841059602649,0.3576158940397351,100000
semifinal,Australia,Senegal,147,0.00147,84,63,0.5714285714285714,0.42857142857142855,100000
semifinal,Brazil,Paraguay,144,0.00144,96,48,0.6666666666666666,0.3333333333333333,100000
semifinal,Portugal,Senegal,144,0.00144,95,49,0.6597222222222222,0.3402777777777778,100000
semifinal,Switzerland,Uruguay,144,0.00144,74,70,0.5138888888888888,0.4861111111111111,100000
semifinal,France,Jordan,140,0.0014,119,21,0.85,0.15,100000
semifinal,Algeria,Morocco,139,0.00139,53,86,0.381294964028777,0.6187050359712231,100000
semifinal,Australia,England,137,0.00137,36,101,0.26277372262773724,0.7372262773722628,100000
semifinal,Netherlands,Uzbekistan,137,0.00137,93,44,0.6788321167883211,0.32116788321167883,100000
semifinal,Algeria,Mexico,136,0.00136,45,91,0.33088235294117646,0.6691176470588235,100000
semifinal,South Korea,Uruguay,134,0.00134,61,73,0.4552238805970149,0.5447761194029851,100000
semifinal,Canada,Croatia,133,0.00133,53,80,0.39849624060150374,0.6015037593984962,100000
semifinal,Egypt,Norway,131,0.00131,63,68,0.48091603053435117,0.5190839694656488,100000
semifinal,Australia,Sweden,130,0.0013,77,53,0.5923076923076923,0.4076923076923077,100000
semifinal,Germany,Jordan,130,0.0013,98,32,0.7538461538461538,0.24615384615384617,100000
semifinal,England,Paraguay,128,0.00128,96,32,0.75,0.25,100000
semifinal,Iran,Mexico,127,0.00127,47,80,0.3700787401574803,0.6299212598425197,100000
semifinal,Austria,Sweden,124,0.00124,80,44,0.6451612903225806,0.3548387096774194,100000
semifinal,Belgium,Senegal,124,0.00124,85,39,0.6854838709677419,0.31451612903225806,100000
semifinal,Algeria,Japan,123,0.00123,40,83,0.3252032520325203,0.6747967479674797,100000
semifinal,DR Congo,Netherlands,121,0.00121,15,106,0.12396694214876033,0.8760330578512396,100000
semifinal,Brazil,Jordan,120,0.0012,95,25,0.7916666666666666,0.20833333333333334,100000
semifinal,Japan,Panama,120,0.0012,79,41,0.6583333333333333,0.3416666666666667,100000
semifinal,Croatia,United States,119,0.00119,70,49,0.5882352941176471,0.4117647058823529,100000
semifinal,Egypt,Mexico,119,0.00119,44,75,0.3697478991596639,0.6302521008403361,100000
semifinal,England,United States,118,0.00118,89,29,0.7542372881355932,0.2457627118644068,100000
semifinal,Germany,Norway,116,0.00116,76,40,0.6551724137931034,0.3448275862068966,100000
semifinal,Austria,Senegal,115,0.00115,58,57,0.5043478260869565,0.4956521739130435,100000
semifinal,Belgium,Sweden,114,0.00114,69,45,0.6052631578947368,0.39473684210526316,100000
semifinal,Argentina,Iraq,113,0.00113,107,6,0.9469026548672567,0.05309734513274336,100000
semifinal,France,Morocco,110,0.0011,76,34,0.6909090909090909,0.3090909090909091,100000
semifinal,Iraq,Spain,110,0.0011,9,101,0.08181818181818182,0.9181818181818182,100000
semifinal,Netherlands,Senegal,110,0.0011,73,37,0.6636363636363637,0.33636363636363636,100000
semifinal,Ecuador,Uruguay,108,0.00108,49,59,0.4537037037037037,0.5462962962962963,100000
semifinal,Senegal,Switzerland,108,0.00108,50,58,0.46296296296296297,0.5370370370370371,100000
semifinal,France,Turkey,104,0.00104,79,25,0.7596153846153846,0.2403846153846154,100000
semifinal,Austria,Spain,103,0.00103,17,86,0.1650485436893204,0.8349514563106796,100000
semifinal,DR Congo,Japan,102,0.00102,22,80,0.21568627450980393,0.7843137254901961,100000
semifinal,Germany,Paraguay,98,0.00098,71,27,0.7244897959183674,0.2755102040816326,100000
semifinal,Belgium,Switzerland,97,0.00097,60,37,0.6185567010309279,0.38144329896907214,100000
semifinal,Spain,Uruguay,97,0.00097,64,33,0.6597938144329897,0.3402061855670103,100000
semifinal,Argentina,Uruguay,96,0.00096,74,22,0.7708333333333334,0.22916666666666666,100000
semifinal,Japan,Uzbekistan,96,0.00096,63,33,0.65625,0.34375,100000
semifinal,Austria,Switzerland,93,0.00093,42,51,0.45161290322580644,0.5483870967741935,100000
semifinal,Ghana,Netherlands,93,0.00093,7,86,0.07526881720430108,0.9247311827956989,100000
semifinal,Morocco,Panama,93,0.00093,64,29,0.6881720430107527,0.3118279569892473,100000
semifinal,Algeria,Norway,91,0.00091,42,49,0.46153846153846156,0.5384615384615384,100000
semifinal,Brazil,Japan,91,0.00091,56,35,0.6153846153846154,0.38461538461538464,100000
semifinal,Argentina,Austria,90,0.0009,60,30,0.6666666666666666,0.3333333333333333,100000
semifinal,Norway,Paraguay,90,0.0009,50,40,0.5555555555555556,0.4444444444444444,100000
semifinal,Algeria,United States,89,0.00089,41,48,0.4606741573033708,0.5393258426966292,100000
semifinal,Austria,South Korea,89,0.00089,41,48,0.4606741573033708,0.5393258426966292,100000
semifinal,Canada,Scotland,89,0.00089,51,38,0.5730337078651685,0.42696629213483145,100000
semifinal,Canada,Egypt,87,0.00087,49,38,0.5632183908045977,0.4367816091954023,100000
semifinal,DR Congo,Morocco,86,0.00086,17,69,0.19767441860465115,0.8023255813953488,100000
semifinal,DR Congo,Switzerland,86,0.00086,33,53,0.38372093023255816,0.6162790697674418,100000
semifinal,Germany,Japan,84,0.00084,46,38,0.5476190476190477,0.4523809523809524,100000
semifinal,Morocco,Uzbekistan,84,0.00084,54,30,0.6428571428571429,0.35714285714285715,100000
semifinal,Algeria,South Korea,83,0.00083,44,39,0.5301204819277109,0.46987951807228917,100000
semifinal,France,South Korea,82,0.00082,62,20,0.7560975609756098,0.24390243902439024,100000
semifinal,Canada,Spain,81,0.00081,9,72,0.1111111111111111,0.8888888888888888,100000
semifinal,Ivory Coast,Uruguay,81,0.00081,25,56,0.30864197530864196,0.691358024691358,100000
semifinal,Egypt,Scotland,80,0.0008,37,43,0.4625,0.5375,100000
semifinal,Sweden,Uruguay,80,0.0008,23,57,0.2875,0.7125,100000
semifinal,Scotland,Switzerland,78,0.00078,29,49,0.3717948717948718,0.6282051282051282,100000
semifinal,Switzerland,Uzbekistan,77,0.00077,45,32,0.5844155844155844,0.4155844155844156,100000
semifinal,Algeria,Switzerland,74,0.00074,31,43,0.4189189189189189,0.581081081081081,100000
semifinal,Panama,South Korea,73,0.00073,31,42,0.4246575342465753,0.5753424657534246,100000
semifinal,Scotland,Uruguay,73,0.00073,26,47,0.3561643835616438,0.6438356164383562,100000
semifinal,Senegal,South Korea,73,0.00073,37,36,0.5068493150684932,0.4931506849315068,100000
semifinal,South Korea,Uzbekistan,73,0.00073,50,23,0.684931506849315,0.3150684931506849,100000
semifinal,Canada,Iran,72,0.00072,36,36,0.5,0.5,100000
semifinal,Cape Verde,France,72,0.00072,9,63,0.125,0.875,100000
semifinal,France,New Zealand,72,0.00072,65,7,0.9027777777777778,0.09722222222222222,100000
semifinal,Mexico,Panama,72,0.00072,51,21,0.7083333333333334,0.2916666666666667,100000
semifinal,Senegal,Uruguay,72,0.00072,34,38,0.4722222222222222,0.5277777777777778,100000
semifinal,Morocco,Senegal,71,0.00071,37,34,0.5211267605633803,0.4788732394366197,100000
semifinal,England,Turkey,70,0.0007,51,19,0.7285714285714285,0.2714285714285714,100000
semifinal,Ghana,South Korea,70,0.0007,18,52,0.2571428571428571,0.7428571428571429,100000
semifinal,Brazil,Norway,69,0.00069,38,31,0.5507246376811594,0.4492753623188406,100000
semifinal,England,Senegal,67,0.00067,48,19,0.7164179104477612,0.2835820895522388,100000
semifinal,Panama,Switzerland,67,0.00067,19,48,0.2835820895522388,0.7164179104477612,100000
semifinal,Ghana,Morocco,66,0.00066,11,55,0.16666666666666666,0.8333333333333334,100000
semifinal,Ghana,Switzerland,65,0.00065,13,52,0.2,0.8,100000
semifinal,Jordan,Netherlands,65,0.00065,18,47,0.27692307692307694,0.7230769230769231,100000
semifinal,Norway,Panama,65,0.00065,29,36,0.4461538461538462,0.5538461538461539,100000
semifinal,England,South Africa,64,0.00064,59,5,0.921875,0.078125,100000
semifinal,Iran,United States,64,0.00064,31,33,0.484375,0.515625,100000
semifinal,Ecuador,Paraguay,63,0.00063,41,22,0.6507936507936508,0.3492063492063492,100000
semifinal,France,Sweden,63,0.00063,60,3,0.9523809523809523,0.047619047619047616,100000
semifinal,DR Congo,Mexico,61,0.00061,14,47,0.22950819672131148,0.7704918032786885,100000
semifinal,DR Congo,South Korea,61,0.00061,13,48,0.21311475409836064,0.7868852459016393,100000
semifinal,Bosnia and Herzegovina,England,60,0.0006,7,53,0.11666666666666667,0.8833333333333333,100000
semifinal,Belgium,Scotland,59,0.00059,45,14,0.7627118644067796,0.23728813559322035,100000
semifinal,Mexico,Turkey,59,0.00059,34,25,0.576271186440678,0.423728813559322,100000
semifinal,Norway,Senegal,59,0.00059,38,21,0.6440677966101694,0.3559322033898305,100000
semifinal,Algeria,Argentina,58,0.00058,22,36,0.3793103448275862,0.6206896551724138,100000
semifinal,Ghana,Japan,58,0.00058,8,50,0.13793103448275862,0.8620689655172413,100000
semifinal,Ivory Coast,Paraguay,58,0.00058,22,36,0.3793103448275862,0.6206896551724138,100000
semifinal,Japan,Senegal,58,0.00058,30,28,0.5172413793103449,0.4827586206896552,100000
semifinal,Croatia,Sweden,57,0.00057,39,18,0.6842105263157895,0.3157894736842105,100000
semifinal,Argentina,Bosnia and Herzegovina,56,0.00056,51,5,0.9107142857142857,0.08928571428571429,100000
semifinal,Argentina,Canada,56,0.00056,47,9,0.8392857142857143,0.16071428571428573,100000
semifinal,Australia,Germany,56,0.00056,19,37,0.3392857142857143,0.6607142857142857,100000
semifinal,Bosnia and Herzegovina,Spain,56,0.00056,5,51,0.08928571428571429,0.9107142857142857,100000
semifinal,Canada,Uruguay,56,0.00056,20,36,0.35714285714285715,0.6428571428571429,100000
semifinal,Netherlands,New Zealand,56,0.00056,44,12,0.7857142857142857,0.21428571428571427,100000
semifinal,Argentina,Colombia,55,0.00055,40,15,0.7272727272727273,0.2727272727272727,100000
semifinal,Belgium,Canada,54,0.00054,32,22,0.5925925925925926,0.4074074074074074,100000
semifinal,France,Saudi Arabia,53,0.00053,49,4,0.9245283018867925,0.07547169811320754,100000
semifinal,Iran,Scotland,53,0.00053,30,23,0.5660377358490566,0.4339622641509434,100000
semifinal,Norway,Uzbekistan,53,0.00053,28,25,0.5283018867924528,0.4716981132075472,100000
semifinal,Croatia,Ecuador,52,0.00052,25,27,0.4807692307692308,0.5192307692307693,100000
semifinal,Germany,New Zealand,52,0.00052,44,8,0.8461538461538461,0.15384615384615385,100000
semifinal,Jordan,Mexico,52,0.00052,10,42,0.19230769230769232,0.8076923076923077,100000
semifinal,Japan,Jordan,51,0.00051,39,12,0.7647058823529411,0.23529411764705882,100000
semifinal,Netherlands,Turkey,51,0.00051,36,15,0.7058823529411765,0.29411764705882354,100000
semifinal,Paraguay,Sweden,51,0.00051,23,28,0.45098039215686275,0.5490196078431373,100000
semifinal,Croatia,Senegal,50,0.0005,32,18,0.64,0.36,100000
semifinal,Egypt,Sweden,50,0.0005,20,30,0.4,0.6,100000
semifinal,Germany,Sweden,50,0.0005,39,11,0.78,0.22,100000
semifinal,Colombia,Spain,49,0.00049,18,31,0.3673469387755102,0.6326530612244898,100000
semifinal,Czechia,Portugal,49,0.00049,12,37,0.24489795918367346,0.7551020408163265,100000
semifinal,DR Congo,Norway,49,0.00049,9,40,0.1836734693877551,0.8163265306122449,100000
semifinal,Egypt,United States,49,0.00049,22,27,0.4489795918367347,0.5510204081632653,100000
semifinal,Mexico,Switzerland,48,0.00048,32,16,0.6666666666666666,0.3333333333333333,100000
semifinal,Austria,Scotland,47,0.00047,32,15,0.6808510638297872,0.3191489361702128,100000
semifinal,Mexico,Uzbekistan,47,0.00047,33,14,0.7021276595744681,0.2978723404255319,100000
semifinal,Brazil,Turkey,46,0.00046,26,20,0.5652173913043478,0.43478260869565216,100000
semifinal,Colombia,Czechia,46,0.00046,31,15,0.6739130434782609,0.32608695652173914,100000
semifinal,Germany,Turkey,46,0.00046,32,14,0.6956521739130435,0.30434782608695654,100000
semifinal,Ghana,Norway,46,0.00046,12,34,0.2608695652173913,0.7391304347826086,100000
semifinal,Algeria,Spain,45,0.00045,7,38,0.15555555555555556,0.8444444444444444,100000
semifinal,Canada,Sweden,45,0.00045,31,14,0.6888888888888889,0.3111111111111111,100000
semifinal,Jordan,Morocco,45,0.00045,9,36,0.2,0.8,100000
semifinal,Brazil,New Zealand,44,0.00044,36,8,0.8181818181818182,0.18181818181818182,100000
semifinal,Croatia,Ivory Coast,44,0.00044,32,12,0.7272727272727273,0.2727272727272727,100000
semifinal,Panama,United States,44,0.00044,21,23,0.4772727272727273,0.5227272727272727,100000
semifinal,Argentina,Australia,43,0.00043,34,9,0.7906976744186046,0.20930232558139536,100000
semifinal,Australia,Portugal,43,0.00043,19,24,0.4418604651162791,0.5581395348837209,100000
semifinal,Canada,Mexico,43,0.00043,13,30,0.3023255813953488,0.6976744186046512,100000
semifinal,Colombia,Iraq,43,0.00043,36,7,0.8372093023255814,0.16279069767441862,100000
semifinal,Paraguay,Portugal,43,0.00043,8,35,0.18604651162790697,0.813953488372093,100000
semifinal,Paraguay,Senegal,43,0.00043,20,23,0.46511627906976744,0.5348837209302325,100000
semifinal,Brazil,Sweden,42,0.00042,32,10,0.7619047619047619,0.23809523809523808,100000
semifinal,Mexico,Saudi Arabia,42,0.00042,36,6,0.8571428571428571,0.14285714285714285,100000
semifinal,Cape Verde,Germany,40,0.0004,5,35,0.125,0.875,100000
semifinal,Croatia,Czechia,40,0.0004,26,14,0.65,0.35,100000
semifinal,Iran,Sweden,40,0.0004,21,19,0.525,0.475,100000
semifinal,Australia,South Korea,39,0.00039,21,18,0.5384615384615384,0.46153846153846156,100000
semifinal,Germany,Iraq,39,0.00039,31,8,0.7948717948717948,0.20512820512820512,100000
semifinal,Mexico,New Zealand,39,0.00039,31,8,0.7948717948717948,0.20512820512820512,100000
semifinal,Japan,Netherlands,37,0.00037,12,25,0.32432432432432434,0.6756756756756757,100000
semifinal,Turkey,United States,37,0.00037,14,23,0.3783783783783784,0.6216216216216216,100000
semifinal,Jordan,United States,36,0.00036,11,25,0.3055555555555556,0.6944444444444444,100000
semifinal,Argentina,Jordan,35,0.00035,18,17,0.5142857142857142,0.4857142857142857,100000
semifinal,Brazil,Cape Verde,35,0.00035,31,4,0.8857142857142857,0.11428571428571428,100000
semifinal,Canada,Senegal,35,0.00035,16,19,0.45714285714285713,0.5428571428571428,100000
semifinal,Germany,Saudi Arabia,35,0.00035,32,3,0.9142857142857143,0.08571428571428572,100000
semifinal,Argentina,Curaçao,34,0.00034,33,1,0.9705882352941176,0.029411764705882353,100000
semifinal,Australia,Spain,34,0.00034,9,25,0.2647058823529412,0.7352941176470589,100000
semifinal,Canada,Uzbekistan,34,0.00034,17,17,0.5,0.5,100000
semifinal,DR Congo,United States,34,0.00034,11,23,0.3235294117647059,0.6764705882352942,100000
semifinal,France,Scotland,34,0.00034,32,2,0.9411764705882353,0.058823529411764705,100000
semifinal,Portugal,Spain,34,0.00034,15,19,0.4411764705882353,0.5588235294117647,100000
semifinal,Saudi Arabia,United States,34,0.00034,4,30,0.11764705882352941,0.8823529411764706,100000
semifinal,Algeria,Sweden,33,0.00033,20,13,0.6060606060606061,0.3939393939393939,100000
semifinal,Austria,Canada,33,0.00033,15,18,0.45454545454545453,0.5454545454545454,100000
semifinal,Brazil,Saudi Arabia,33,0.00033,25,8,0.7575757575757576,0.24242424242424243,100000
semifinal,Jordan,Switzerland,33,0.00033,10,23,0.30303030303030304,0.696969696969697,100000
semifinal,Netherlands,Norway,33,0.00033,21,12,0.6363636363636364,0.36363636363636365,100000
semifinal,Netherlands,Saudi Arabia,33,0.00033,25,8,0.7575757575757576,0.24242424242424243,100000
semifinal,Paraguay,Switzerland,33,0.00033,12,21,0.36363636363636365,0.6363636363636364,100000
semifinal,Japan,Norway,32,0.00032,20,12,0.625,0.375,100000
semifinal,Canada,Paraguay,31,0.00031,19,12,0.6129032258064516,0.3870967741935484,100000
semifinal,Japan,Turkey,31,0.00031,14,17,0.45161290322580644,0.5483870967741935,100000
semifinal,Portugal,South Africa,31,0.00031,29,2,0.9354838709677419,0.06451612903225806,100000
semifinal,Australia,Scotland,30,0.0003,20,10,0.6666666666666666,0.3333333333333333,100000
semifinal,Bosnia and Herzegovina,Colombia,30,0.0003,3,27,0.1,0.9,100000
semifinal,Canada,Panama,30,0.0003,14,16,0.4666666666666667,0.5333333333333333,100000
semifinal,Curaçao,Spain,30,0.0003,1,29,0.03333333333333333,0.9666666666666667,100000
semifinal,Czechia,Egypt,30,0.0003,14,16,0.4666666666666667,0.5333333333333333,100000
semifinal,England,Ivory Coast,30,0.0003,26,4,0.8666666666666667,0.13333333333333333,100000
semifinal,Jordan,Norway,30,0.0003,13,17,0.43333333333333335,0.5666666666666667,100000
semifinal,New Zealand,United States,30,0.0003,8,22,0.26666666666666666,0.7333333333333333,100000
semifinal,Sweden,Switzerland,30,0.0003,10,20,0.3333333333333333,0.6666666666666666,100000
semifinal,Algeria,Ivory Coast,29,0.00029,15,14,0.5172413793103449,0.4827586206896552,100000
semifinal,Australia,Colombia,29,0.00029,11,18,0.3793103448275862,0.6206896551724138,100000
semifinal,Cape Verde,Netherlands,29,0.00029,3,26,0.10344827586206896,0.896551724137931,100000
semifinal,Czechia,Switzerland,29,0.00029,7,22,0.2413793103448276,0.7586206896551724,100000
semifinal,Morocco,New Zealand,29,0.00029,23,6,0.7931034482758621,0.20689655172413793,100000
semifinal,Morocco,Saudi Arabia,29,0.00029,21,8,0.7241379310344828,0.27586206896551724,100000
semifinal,Scotland,Senegal,29,0.00029,12,17,0.41379310344827586,0.5862068965517241,100000
semifinal,Ecuador,England,28,0.00028,7,21,0.25,0.75,100000
semifinal,France,Mexico,28,0.00028,19,9,0.6785714285714286,0.32142857142857145,100000
semifinal,United States,Uzbekistan,28,0.00028,14,14,0.5,0.5,100000
semifinal,Algeria,Ecuador,27,0.00027,14,13,0.5185185185185185,0.48148148148148145,100000
semifinal,Algeria,Scotland,27,0.00027,16,11,0.5925925925925926,0.4074074074074074,100000
semifinal,Argentina,Belgium,27,0.00027,25,2,0.9259259259259259,0.07407407407407407,100000
semifinal,Canada,Czechia,27,0.00027,16,11,0.5925925925925926,0.4074074074074074,100000
semifinal,France,Iraq,27,0.00027,17,10,0.6296296296296297,0.37037037037037035,100000
semifinal,Morocco,Norway,27,0.00027,19,8,0.7037037037037037,0.2962962962962963,100000
semifinal,Qatar,Spain,27,0.00027,0,27,0.0,1.0,100000
semifinal,Algeria,Senegal,26,0.00026,13,13,0.5,0.5,100000
semifinal,Cape Verde,Morocco,26,0.00026,7,19,0.2692307692307692,0.7307692307692307,100000
semifinal,Croatia,Paraguay,26,0.00026,21,5,0.8076923076923077,0.19230769230769232,100000
semifinal,Japan,Saudi Arabia,26,0.00026,21,5,0.8076923076923077,0.19230769230769232,100000
semifinal,Japan,Sweden,26,0.00026,16,10,0.6153846153846154,0.38461538461538464,100000
semifinal,Scotland,Uzbekistan,26,0.00026,13,13,0.5,0.5,100000
semifinal,Argentina,Portugal,25,0.00025,21,4,0.84,0.16,100000
semifinal,Cape Verde,Japan,25,0.00025,6,19,0.24,0.76,100000
semifinal,DR Congo,Scotland,25,0.00025,9,16,0.36,0.64,100000
semifinal,Egypt,Senegal,25,0.00025,10,15,0.4,0.6,100000
semifinal,Iraq,Portugal,25,0.00025,3,22,0.12,0.88,100000
semifinal,Norway,South Korea,25,0.00025,8,17,0.32,0.68,100000
semifinal,Portugal,Turkey,25,0.00025,17,8,0.68,0.32,100000
semifinal,Morocco,Turkey,24,0.00024,14,10,0.5833333333333334,0.4166666666666667,100000
semifinal,Paraguay,Spain,24,0.00024,0,24,0.0,1.0,100000
semifinal,Algeria,Canada,23,0.00023,14,9,0.6086956521739131,0.391304347826087,100000
semifinal,Colombia,Paraguay,23,0.00023,19,4,0.8260869565217391,0.17391304347826086,100000
semifinal,Ghana,Mexico,23,0.00023,3,20,0.13043478260869565,0.8695652173913043,100000
semifinal,Japan,New Zealand,23,0.00023,14,9,0.6086956521739131,0.391304347826087,100000
semifinal,Panama,Scotland,23,0.00023,14,9,0.6086956521739131,0.391304347826087,100000
semifinal,Argentina,Paraguay,22,0.00022,16,6,0.7272727272727273,0.2727272727272727,100000
semifinal,Australia,Canada,22,0.00022,11,11,0.5,0.5,100000
semifinal,Austria,Colombia,22,0.00022,10,12,0.45454545454545453,0.5454545454545454,100000
semifinal,Bosnia and Herzegovina,Portugal,22,0.00022,2,20,0.09090909090909091,0.9090909090909091,100000
semifinal,Ecuador,Iran,22,0.00022,16,6,0.7272727272727273,0.2727272727272727,100000
semifinal,Jordan,South Korea,22,0.00022,10,12,0.45454545454545453,0.5454545454545454,100000
semifinal,Paraguay,South Korea,22,0.00022,8,14,0.36363636363636365,0.6363636363636364,100000
semifinal,Canada,Ghana,21,0.00021,18,3,0.8571428571428571,0.14285714285714285,100000
semifinal,Cape Verde,United States,21,0.00021,4,17,0.19047619047619047,0.8095238095238095,100000
semifinal,Czechia,Iran,21,0.00021,12,9,0.5714285714285714,0.42857142857142855,100000
semifinal,Ecuador,Egypt,21,0.00021,8,13,0.38095238095238093,0.6190476190476191,100000
semifinal,Japan,Morocco,21,0.00021,11,10,0.5238095238095238,0.47619047619047616,100000
semifinal,New Zealand,Norway,21,0.00021,7,14,0.3333333333333333,0.6666666666666666,100000
semifinal,Argentina,Czechia,20,0.0002,15,5,0.75,0.25,100000
semifinal,Argentina,Qatar,20,0.0002,19,1,0.95,0.05,100000
semifinal,Brazil,Iraq,20,0.0002,18,2,0.9,0.1,100000
semifinal,Ghana,Scotland,20,0.0002,3,17,0.15,0.85,100000
semifinal,Australia,Croatia,19,0.00019,10,9,0.5263157894736842,0.47368421052631576,100000
semifinal,Australia,Uruguay,19,0.00019,7,12,0.3684210526315789,0.631578947368421,100000
semifinal,Austria,Iraq,19,0.00019,12,7,0.631578947368421,0.3684210526315789,100000
semifinal,Belgium,Iraq,19,0.00019,14,5,0.7368421052631579,0.2631578947368421,100000
semifinal,Canada,DR Congo,19,0.00019,16,3,0.8421052631578947,0.15789473684210525,100000
semifinal,Canada,Turkey,19,0.00019,9,10,0.47368421052631576,0.5263157894736842,100000
semifinal,Colombia,Uruguay,19,0.00019,12,7,0.631578947368421,0.3684210526315789,100000
semifinal,Iran,Senegal,19,0.00019,6,13,0.3157894736842105,0.6842105263157895,100000
semifinal,Australia,Switzerland,18,0.00018,12,6,0.6666666666666666,0.3333333333333333,100000
semifinal,Colombia,South Africa,18,0.00018,15,3,0.8333333333333334,0.16666666666666666,100000
semifinal,Czechia,France,18,0.00018,4,14,0.2222222222222222,0.7777777777777778,100000
semifinal,Ivory Coast,Panama,18,0.00018,8,10,0.4444444444444444,0.5555555555555556,100000
semifinal,Japan,South Korea,18,0.00018,12,6,0.6666666666666666,0.3333333333333333,100000
semifinal,Switzerland,Turkey,18,0.00018,8,10,0.4444444444444444,0.5555555555555556,100000
semifinal,Australia,Austria,17,0.00017,10,7,0.5882352941176471,0.4117647058823529,100000
semifinal,Cape Verde,Mexico,17,0.00017,4,13,0.23529411764705882,0.7647058823529411,100000
semifinal,Colombia,Turkey,17,0.00017,12,5,0.7058823529411765,0.29411764705882354,100000
semifinal,Czechia,Spain,17,0.00017,2,15,0.11764705882352941,0.8823529411764706,100000
semifinal,Iran,Ivory Coast,17,0.00017,11,6,0.6470588235294118,0.35294117647058826,100000
semifinal,Jordan,Scotland,17,0.00017,9,8,0.5294117647058824,0.47058823529411764,100000
semifinal,Australia,Iraq,16,0.00016,10,6,0.625,0.375,100000
semifinal,Czechia,Uruguay,16,0.00016,6,10,0.375,0.625,100000
semifinal,Netherlands,Sweden,16,0.00016,9,7,0.5625,0.4375,100000
semifinal,Norway,Turkey,16,0.00016,6,10,0.375,0.625,100000
semifinal,Panama,Senegal,16,0.00016,4,12,0.25,0.75,100000
semifinal,Algeria,Austria,15,0.00015,7,8,0.4666666666666667,0.5333333333333333,100000
semifinal,Australia,Egypt,15,0.00015,8,7,0.5333333333333333,0.4666666666666667,100000
semifinal,Belgium,Spain,15,0.00015,5,10,0.3333333333333333,0.6666666666666666,100000
semifinal,Ecuador,Jordan,15,0.00015,11,4,0.7333333333333333,0.26666666666666666,100000
semifinal,Ecuador,Panama,15,0.00015,6,9,0.4,0.6,100000
semifinal,Senegal,Sweden,15,0.00015,6,9,0.4,0.6,100000
semifinal,Croatia,South Africa,14,0.00014,11,3,0.7857142857142857,0.21428571428571427,100000
semifinal,Croatia,Turkey,14,0.00014,7,7,0.5,0.5,100000
semifinal,Ecuador,Uzbekistan,14,0.00014,10,4,0.7142857142857143,0.2857142857142857,100000
semifinal,Egypt,Ivory Coast,14,0.00014,6,8,0.42857142857142855,0.5714285714285714,100000
semifinal,Egypt,Paraguay,14,0.00014,5,9,0.35714285714285715,0.6428571428571429,100000
semifinal,England,Qatar,14,0.00014,14,0,1.0,0.0,100000
semifinal,Iran,Paraguay,14,0.00014,7,7,0.5,0.5,100000
semifinal,Algeria,Colombia,13,0.00013,6,7,0.46153846153846156,0.5384615384615384,100000
semifinal,Austria,Uruguay,13,0.00013,5,8,0.38461538461538464,0.6153846153846154,100000
semifinal,Belgium,Bosnia and Herzegovina,13,0.00013,10,3,0.7692307692307693,0.23076923076923078,100000
semifinal,Canada,Jordan,13,0.00013,6,7,0.46153846153846156,0.5384615384615384,100000
semifinal,DR Congo,Ecuador,13,0.00013,4,9,0.3076923076923077,0.6923076923076923,100000
semifinal,Iran,South Africa,13,0.00013,10,3,0.7692307692307693,0.23076923076923078,100000
semifinal,Iraq,Netherlands,13,0.00013,2,11,0.15384615384615385,0.8461538461538461,100000
semifinal,South Africa,Switzerland,13,0.00013,1,12,0.07692307692307693,0.9230769230769231,100000
semifinal,Austria,Belgium,12,0.00012,4,8,0.3333333333333333,0.6666666666666666,100000
semifinal,Cape Verde,South Korea,12,0.00012,2,10,0.16666666666666666,0.8333333333333334,100000
semifinal,Czechia,Senegal,12,0.00012,5,7,0.4166666666666667,0.5833333333333334,100000
semifinal,Ecuador,Saudi Arabia,12,0.00012,10,2,0.8333333333333334,0.16666666666666666,100000
semifinal,Mexico,Senegal,12,0.00012,8,4,0.6666666666666666,0.3333333333333333,100000
semifinal,Morocco,Sweden,12,0.00012,10,2,0.8333333333333334,0.16666666666666666,100000
semifinal,Norway,Sweden,12,0.00012,6,6,0.5,0.5,100000
semifinal,Panama,Sweden,12,0.00012,7,5,0.5833333333333334,0.4166666666666667,100000
semifinal,Algeria,Paraguay,11,0.00011,5,6,0.45454545454545453,0.5454545454545454,100000
semifinal,Australia,Iran,11,0.00011,6,5,0.5454545454545454,0.45454545454545453,100000
semifinal,Austria,Czechia,11,0.00011,9,2,0.8181818181818182,0.18181818181818182,100000
semifinal,Belgium,Paraguay,11,0.00011,8,3,0.7272727272727273,0.2727272727272727,100000
semifinal,Bosnia and Herzegovina,Croatia,11,0.00011,5,6,0.45454545454545453,0.5454545454545454,100000
semifinal,Canada,South Africa,11,0.00011,6,5,0.5454545454545454,0.45454545454545453,100000
semifinal,Cape Verde,Ivory Coast,11,0.00011,5,6,0.45454545454545453,0.5454545454545454,100000
semifinal,Colombia,Curaçao,11,0.00011,10,1,0.9090909090909091,0.09090909090909091,100000
semifinal,Croatia,Spain,11,0.00011,5,6,0.45454545454545453,0.5454545454545454,100000
semifinal,Iraq,Morocco,11,0.00011,1,10,0.09090909090909091,0.9090909090909091,100000
semifinal,Iraq,Switzerland,11,0.00011,3,8,0.2727272727272727,0.7272727272727273,100000
semifinal,Iraq,Uruguay,11,0.00011,1,10,0.09090909090909091,0.9090909090909091,100000
semifinal,Japan,Mexico,11,0.00011,5,6,0.45454545454545453,0.5454545454545454,100000
semifinal,Jordan,Sweden,11,0.00011,3,8,0.2727272727272727,0.7272727272727273,100000
semifinal,New Zealand,South Korea,11,0.00011,0,11,0.0,1.0,100000
semifinal,Paraguay,Uruguay,11,0.00011,4,7,0.36363636363636365,0.6363636363636364,100000
semifinal,Senegal,Turkey,11,0.00011,5,6,0.45454545454545453,0.5454545454545454,100000
semifinal,Spain,Turkey,11,0.00011,9,2,0.8181818181818182,0.18181818181818182,100000
semifinal,Cape Verde,Senegal,10,0.0001,4,6,0.4,0.6,100000
semifinal,Cape Verde,Sweden,10,0.0001,4,6,0.4,0.6,100000
semifinal,Czechia,Ghana,10,0.0001,5,5,0.5,0.5,100000
semifinal,DR Congo,Sweden,10,0.0001,2,8,0.2,0.8,100000
semifinal,Ecuador,New Zealand,10,0.0001,9,1,0.9,0.1,100000
semifinal,Jordan,Senegal,10,0.0001,2,8,0.2,0.8,100000
semifinal,Norway,Saudi Arabia,10,0.0001,10,0,1.0,0.0,100000
semifinal,Paraguay,Scotland,10,0.0001,7,3,0.7,0.3,100000
semifinal,South Africa,Spain,10,0.0001,0,10,0.0,1.0,100000
semifinal,Sweden,Uzbekistan,10,0.0001,5,5,0.5,0.5,100000
semifinal,Algeria,Australia,9,9e-05,4,5,0.4444444444444444,0.5555555555555556,100000
semifinal,Argentina,England,9,9e-05,4,5,0.4444444444444444,0.5555555555555556,100000
semifinal,Austria,Bosnia and Herzegovina,9,9e-05,6,3,0.6666666666666666,0.3333333333333333,100000
semifinal,Austria,Portugal,9,9e-05,2,7,0.2222222222222222,0.7777777777777778,100000
semifinal,DR Congo,Ivory Coast,9,9e-05,4,5,0.4444444444444444,0.5555555555555556,100000
semifinal,Ghana,Sweden,9,9e-05,2,7,0.2222222222222222,0.7777777777777778,100000
semifinal,Iraq,Paraguay,9,9e-05,2,7,0.2222222222222222,0.7777777777777778,100000
semifinal,Ivory Coast,Jordan,9,9e-05,5,4,0.5555555555555556,0.4444444444444444,100000
semifinal,Ivory Coast,Uzbekistan,9,9e-05,5,4,0.5555555555555556,0.4444444444444444,100000
semifinal,Japan,Scotland,9,9e-05,6,3,0.6666666666666666,0.3333333333333333,100000
semifinal,Jordan,Spain,9,9e-05,4,5,0.4444444444444444,0.5555555555555556,100000
semifinal,New Zealand,Senegal,9,9e-05,3,6,0.3333333333333333,0.6666666666666666,100000
semifinal,Saudi Arabia,Sweden,9,9e-05,3,6,0.3333333333333333,0.6666666666666666,100000
semifinal,Scotland,Turkey,9,9e-05,5,4,0.5555555555555556,0.4444444444444444,100000
semifinal,Australia,Belgium,8,8e-05,5,3,0.625,0.375,100000
semifinal,Australia,Bosnia and Herzegovina,8,8e-05,5,3,0.625,0.375,100000
semifinal,Belgium,Czechia,8,8e-05,5,3,0.625,0.375,100000
semifinal,Cape Verde,Ecuador,8,8e-05,0,8,0.0,1.0,100000
semifinal,Cape Verde,Norway,8,8e-05,3,5,0.375,0.625,100000
semifinal,Czechia,Panama,8,8e-05,4,4,0.5,0.5,100000
semifinal,Egypt,South Africa,8,8e-05,2,6,0.25,0.75,100000
semifinal,England,Spain,8,8e-05,7,1,0.875,0.125,100000
semifinal,Germany,Netherlands,8,8e-05,4,4,0.5,0.5,100000
semifinal,Iran,Spain,8,8e-05,1,7,0.125,0.875,100000
semifinal,Iraq,Norway,8,8e-05,3,5,0.375,0.625,100000
semifinal,Ivory Coast,New Zealand,8,8e-05,5,3,0.625,0.375,100000
semifinal,Portugal,Qatar,8,8e-05,8,0,1.0,0.0,100000
semifinal,Saudi Arabia,Senegal,8,8e-05,0,8,0.0,1.0,100000
semifinal,South Korea,Sweden,8,8e-05,4,4,0.5,0.5,100000
semifinal,Sweden,Turkey,8,8e-05,5,3,0.625,0.375,100000
semifinal,Algeria,Belgium,7,7e-05,2,5,0.2857142857142857,0.7142857142857143,100000
semifinal,Algeria,Iraq,7,7e-05,4,3,0.5714285714285714,0.42857142857142855,100000
semifinal,Algeria,Portugal,7,7e-05,1,6,0.14285714285714285,0.8571428571428571,100000
semifinal,Argentina,Croatia,7,7e-05,4,3,0.5714285714285714,0.42857142857142855,100000
semifinal,Argentina,Turkey,7,7e-05,6,1,0.8571428571428571,0.14285714285714285,100000
semifinal,Australia,Curaçao,7,7e-05,7,0,1.0,0.0,100000
semifinal,Australia,Panama,7,7e-05,4,3,0.5714285714285714,0.42857142857142855,100000
semifinal,Austria,Paraguay,7,7e-05,3,4,0.42857142857142855,0.5714285714285714,100000
semifinal,Austria,Turkey,7,7e-05,5,2,0.7142857142857143,0.2857142857142857,100000
semifinal,Bosnia and Herzegovina,Egypt,7,7e-05,2,5,0.2857142857142857,0.7142857142857143,100000
semifinal,Czechia,Japan,7,7e-05,2,5,0.2857142857142857,0.7142857142857143,100000
semifinal,Czechia,Uzbekistan,7,7e-05,4,3,0.5714285714285714,0.42857142857142855,100000
semifinal,DR Congo,Senegal,7,7e-05,2,5,0.2857142857142857,0.7142857142857143,100000
semifinal,England,Iraq,7,7e-05,5,2,0.7142857142857143,0.2857142857142857,100000
semifinal,Ghana,United States,7,7e-05,3,4,0.42857142857142855,0.5714285714285714,100000
semifinal,Iraq,South Korea,7,7e-05,3,4,0.42857142857142855,0.5714285714285714,100000
semifinal,New Zealand,Switzerland,7,7e-05,2,5,0.2857142857142857,0.7142857142857143,100000
semifinal,Norway,Scotland,7,7e-05,4,3,0.5714285714285714,0.42857142857142855,100000
semifinal,Portugal,Uruguay,7,7e-05,3,4,0.42857142857142855,0.5714285714285714,100000
semifinal,Saudi Arabia,South Korea,7,7e-05,3,4,0.42857142857142855,0.5714285714285714,100000
semifinal,South Africa,Uruguay,7,7e-05,2,5,0.2857142857142857,0.7142857142857143,100000
semifinal,Turkey,Uruguay,7,7e-05,3,4,0.42857142857142855,0.5714285714285714,100000
semifinal,Algeria,Czechia,6,6e-05,4,2,0.6666666666666666,0.3333333333333333,100000
semifinal,Algeria,Uruguay,6,6e-05,2,4,0.3333333333333333,0.6666666666666666,100000
semifinal,Argentina,Egypt,6,6e-05,4,2,0.6666666666666666,0.3333333333333333,100000
semifinal,Argentina,Iran,6,6e-05,5,1,0.8333333333333334,0.16666666666666666,100000
semifinal,Australia,Ghana,6,6e-05,4,2,0.6666666666666666,0.3333333333333333,100000
semifinal,Belgium,Turkey,6,6e-05,4,2,0.6666666666666666,0.3333333333333333,100000
semifinal,Belgium,Uruguay,6,6e-05,4,2,0.6666666666666666,0.3333333333333333,100000
semifinal,Bosnia and Herzegovina,Iran,6,6e-05,2,4,0.3333333333333333,0.6666666666666666,100000
semifinal,Bosnia and Herzegovina,Uruguay,6,6e-05,0,6,0.0,1.0,100000
semifinal,Cape Verde,Scotland,6,6e-05,1,5,0.16666666666666666,0.8333333333333334,100000
semifinal,Cape Verde,Spain,6,6e-05,1,5,0.16666666666666666,0.8333333333333334,100000
semifinal,Croatia,Iraq,6,6e-05,5,1,0.8333333333333334,0.16666666666666666,100000
semifinal,DR Congo,Paraguay,6,6e-05,2,4,0.3333333333333333,0.6666666666666666,100000
semifinal,DR Congo,Turkey,6,6e-05,1,5,0.16666666666666666,0.8333333333333334,100000
semifinal,Egypt,Spain,6,6e-05,0,6,0.0,1.0,100000
semifinal,Egypt,Turkey,6,6e-05,3,3,0.5,0.5,100000
semifinal,France,South Africa,6,6e-05,5,1,0.8333333333333334,0.16666666666666666,100000
semifinal,Ivory Coast,Saudi Arabia,6,6e-05,3,3,0.5,0.5,100000
semifinal,Jordan,Paraguay,6,6e-05,5,1,0.8333333333333334,0.16666666666666666,100000
semifinal,Mexico,Norway,6,6e-05,4,2,0.6666666666666666,0.3333333333333333,100000
semifinal,New Zealand,Sweden,6,6e-05,2,4,0.3333333333333333,0.6666666666666666,100000
semifinal,Panama,Spain,6,6e-05,1,5,0.16666666666666666,0.8333333333333334,100000
semifinal,Paraguay,Uzbekistan,6,6e-05,4,2,0.6666666666666666,0.3333333333333333,100000
semifinal,Senegal,Uzbekistan,6,6e-05,1,5,0.16666666666666666,0.8333333333333334,100000
semifinal,Algeria,Bosnia and Herzegovina,5,5e-05,5,0,1.0,0.0,100000
semifinal,Argentina,Saudi Arabia,5,5e-05,5,0,1.0,0.0,100000
semifinal,Australia,Czechia,5,5e-05,4,1,0.8,0.2,100000
semifinal,Australia,Uzbekistan,5,5e-05,3,2,0.6,0.4,100000
semifinal,Austria,Curaçao,5,5e-05,4,1,0.8,0.2,100000
semifinal,Belgium,Jordan,5,5e-05,5,0,1.0,0.0,100000
semifinal,Bosnia and Herzegovina,DR Congo,5,5e-05,2,3,0.4,0.6,100000
semifinal,Bosnia and Herzegovina,Switzerland,5,5e-05,2,3,0.4,0.6,100000
semifinal,Brazil,Netherlands,5,5e-05,4,1,0.8,0.2,100000
semifinal,Canada,Cape Verde,5,5e-05,5,0,1.0,0.0,100000
semifinal,Canada,Qatar,5,5e-05,3,2,0.6,0.4,100000
semifinal,England,Haiti,5,5e-05,5,0,1.0,0.0,100000
semifinal,Mexico,Sweden,5,5e-05,4,1,0.8,0.2,100000
semifinal,Morocco,Netherlands,5,5e-05,5,0,1.0,0.0,100000
semifinal,Qatar,Uruguay,5,5e-05,0,5,0.0,1.0,100000
semifinal,Saudi Arabia,Switzerland,5,5e-05,3,2,0.6,0.4,100000
semifinal,Algeria,Turkey,4,4e-05,2,2,0.5,0.5,100000
semifinal,Argentina,Cape Verde,4,4e-05,3,1,0.75,0.25,100000
semifinal,Argentina,South Africa,4,4e-05,4,0,1.0,0.0,100000
semifinal,Australia,Qatar,4,4e-05,3,1,0.75,0.25,100000
semifinal,Austria,Iran,4,4e-05,1,3,0.25,0.75,100000
semifinal,Belgium,Colombia,4,4e-05,0,4,0.0,1.0,100000
semifinal,Belgium,Curaçao,4,4e-05,4,0,1.0,0.0,100000
semifinal,Bosnia and Herzegovina,France,4,4e-05,0,4,0.0,1.0,100000
semifinal,Bosnia and Herzegovina,Paraguay,4,4e-05,0,4,0.0,1.0,100000
semifinal,Cape Verde,Switzerland,4,4e-05,1,3,0.25,0.75,100000
semifinal,Colombia,Qatar,4,4e-05,4,0,1.0,0.0,100000
semifinal,Czechia,DR Congo,4,4e-05,1,3,0.25,0.75,100000
semifinal,Egypt,Iraq,4,4e-05,1,3,0.25,0.75,100000
semifinal,Egypt,Qatar,4,4e-05,4,0,1.0,0.0,100000
semifinal,Iraq,Panama,4,4e-05,2,2,0.5,0.5,100000
semifinal,Ivory Coast,Turkey,4,4e-05,2,2,0.5,0.5,100000
semifinal,New Zealand,Scotland,4,4e-05,2,2,0.5,0.5,100000
semifinal,Panama,South Africa,4,4e-05,2,2,0.5,0.5,100000
semifinal,Scotland,Sweden,4,4e-05,1,3,0.25,0.75,100000
semifinal,Senegal,South Africa,4,4e-05,0,4,0.0,1.0,100000
semifinal,South Korea,Turkey,4,4e-05,2,2,0.5,0.5,100000
semifinal,Spain,Uzbekistan,4,4e-05,4,0,1.0,0.0,100000
semifinal,Algeria,South Africa,3,3e-05,1,2,0.3333333333333333,0.6666666666666666,100000
semifinal,Argentina,Panama,3,3e-05,2,1,0.6666666666666666,0.3333333333333333,100000
semifinal,Austria,Cape Verde,3,3e-05,2,1,0.6666666666666666,0.3333333333333333,100000
semifinal,Austria,Croatia,3,3e-05,2,1,0.6666666666666666,0.3333333333333333,100000
semifinal,Austria,Egypt,3,3e-05,2,1,0.6666666666666666,0.3333333333333333,100000
semifinal,Austria,England,3,3e-05,0,3,0.0,1.0,100000
semifinal,Austria,Jordan,3,3e-05,2,1,0.6666666666666666,0.3333333333333333,100000
semifinal,Austria,Qatar,3,3e-05,2,1,0.6666666666666666,0.3333333333333333,100000
semifinal,Belgium,Croatia,3,3e-05,1,2,0.3333333333333333,0.6666666666666666,100000
semifinal,Bosnia and Herzegovina,Ghana,3,3e-05,2,1,0.6666666666666666,0.3333333333333333,100000
semifinal,Bosnia and Herzegovina,Jordan,3,3e-05,1,2,0.3333333333333333,0.6666666666666666,100000
semifinal,Canada,Iraq,3,3e-05,2,1,0.6666666666666666,0.3333333333333333,100000
semifinal,Canada,Saudi Arabia,3,3e-05,1,2,0.3333333333333333,0.6666666666666666,100000
semifinal,Cape Verde,Paraguay,3,3e-05,1,2,0.3333333333333333,0.6666666666666666,100000
semifinal,Colombia,Jordan,3,3e-05,2,1,0.6666666666666666,0.3333333333333333,100000
semifinal,Croatia,Iran,3,3e-05,2,1,0.6666666666666666,0.3333333333333333,100000
semifinal,Croatia,Uruguay,3,3e-05,2,1,0.6666666666666666,0.3333333333333333,100000
semifinal,Curaçao,Portugal,3,3e-05,0,3,0.0,1.0,100000
semifinal,Curaçao,Uzbekistan,3,3e-05,1,2,0.3333333333333333,0.6666666666666666,100000
semifinal,Czechia,Jordan,3,3e-05,0,3,0.0,1.0,100000
semifinal,Czechia,Norway,3,3e-05,1,2,0.3333333333333333,0.6666666666666666,100000
semifinal,Ecuador,Ghana,3,3e-05,2,1,0.6666666666666666,0.3333333333333333,100000
semifinal,Ecuador,Turkey,3,3e-05,1,2,0.3333333333333333,0.6666666666666666,100000
semifinal,England,Iran,3,3e-05,2,1,0.6666666666666666,0.3333333333333333,100000
semifinal,Ghana,Paraguay,3,3e-05,1,2,0.3333333333333333,0.6666666666666666,100000
semifinal,Iran,Qatar,3,3e-05,3,0,1.0,0.0,100000
semifinal,Iran,Turkey,3,3e-05,0,3,0.0,1.0,100000
semifinal,Iraq,Scotland,3,3e-05,1,2,0.3333333333333333,0.6666666666666666,100000
semifinal,New Zealand,Paraguay,3,3e-05,2,1,0.6666666666666666,0.3333333333333333,100000
semifinal,Panama,Paraguay,3,3e-05,1,2,0.3333333333333333,0.6666666666666666,100000
semifinal,Saudi Arabia,Spain,3,3e-05,2,1,0.6666666666666666,0.3333333333333333,100000
semifinal,Saudi Arabia,Uruguay,3,3e-05,0,3,0.0,1.0,100000
semifinal,Turkey,Uzbekistan,3,3e-05,3,0,1.0,0.0,100000
semifinal,Algeria,Croatia,2,2e-05,2,0,1.0,0.0,100000
semifinal,Algeria,England,2,2e-05,0,2,0.0,1.0,100000
semifinal,Argentina,DR Congo,2,2e-05,2,0,1.0,0.0,100000
semifinal,Argentina,New Zealand,2,2e-05,2,0,1.0,0.0,100000
semifinal,Australia,DR Congo,2,2e-05,1,1,0.5,0.5,100000
semifinal,Australia,Jordan,2,2e-05,1,1,0.5,0.5,100000
semifinal,Belgium,Cape Verde,2,2e-05,2,0,1.0,0.0,100000
semifinal,Belgium,Portugal,2,2e-05,1,1,0.5,0.5,100000
semifinal,Belgium,Qatar,2,2e-05,2,0,1.0,0.0,100000
semifinal,Bosnia and Herzegovina,Canada,2,2e-05,0,2,0.0,1.0,100000
semifinal,Bosnia and Herzegovina,Panama,2,2e-05,0,2,0.0,1.0,100000
semifinal,Bosnia and Herzegovina,Uzbekistan,2,2e-05,2,0,1.0,0.0,100000
semifinal,Cape Verde,Colombia,2,2e-05,0,2,0.0,1.0,100000
semifinal,Colombia,Croatia,2,2e-05,1,1,0.5,0.5,100000
semifinal,Colombia,Portugal,2,2e-05,1,1,0.5,0.5,100000
semifinal,Colombia,Saudi Arabia,2,2e-05,2,0,1.0,0.0,100000
semifinal,Croatia,Qatar,2,2e-05,0,2,0.0,1.0,100000
semifinal,Czechia,New Zealand,2,2e-05,2,0,1.0,0.0,100000
semifinal,Czechia,Paraguay,2,2e-05,0,2,0.0,1.0,100000
semifinal,Czechia,Sweden,2,2e-05,1,1,0.5,0.5,100000
semifinal,DR Congo,Qatar,2,2e-05,2,0,1.0,0.0,100000
semifinal,Egypt,England,2,2e-05,0,2,0.0,1.0,100000
semifinal,England,Uruguay,2,2e-05,2,0,1.0,0.0,100000
semifinal,Ghana,Senegal,2,2e-05,1,1,0.5,0.5,100000
semifinal,Ghana,Turkey,2,2e-05,0,2,0.0,1.0,100000
semifinal,Haiti,Switzerland,2,2e-05,1,1,0.5,0.5,100000
semifinal,Iran,Uruguay,2,2e-05,1,1,0.5,0.5,100000
semifinal,Iraq,Japan,2,2e-05,0,2,0.0,1.0,100000
semifinal,Iraq,Mexico,2,2e-05,0,2,0.0,1.0,100000
semifinal,Iraq,Turkey,2,2e-05,1,1,0.5,0.5,100000
semifinal,Japan,South Africa,2,2e-05,2,0,1.0,0.0,100000
semifinal,Jordan,Uruguay,2,2e-05,1,1,0.5,0.5,100000
semifinal,Mexico,Netherlands,2,2e-05,0,2,0.0,1.0,100000
semifinal,Panama,Portugal,2,2e-05,0,2,0.0,1.0,100000
semifinal,Panama,Turkey,2,2e-05,0,2,0.0,1.0,100000
semifinal,Paraguay,Qatar,2,2e-05,1,1,0.5,0.5,100000
semifinal,Algeria,Curaçao,1,1e-05,0,1,0.0,1.0,100000
semifinal,Algeria,DR Congo,1,1e-05,1,0,1.0,0.0,100000
semifinal,Algeria,Egypt,1,1e-05,1,0,1.0,0.0,100000
semifinal,Algeria,Iran,1,1e-05,1,0,1.0,0.0,100000
semifinal,Algeria,Jordan,1,1e-05,0,1,0.0,1.0,100000
semifinal,Algeria,Panama,1,1e-05,1,0,1.0,0.0,100000
semifinal,Argentina,Ghana,1,1e-05,1,0,1.0,0.0,100000
semifinal,Argentina,Haiti,1,1e-05,1,0,1.0,0.0,100000
semifinal,Argentina,Uzbekistan,1,1e-05,1,0,1.0,0.0,100000
semifinal,Australia,Cape Verde,1,1e-05,1,0,1.0,0.0,100000
semifinal,Australia,New Zealand,1,1e-05,1,0,1.0,0.0,100000
semifinal,Austria,Panama,1,1e-05,1,0,1.0,0.0,100000
semifinal,Austria,South Africa,1,1e-05,0,1,0.0,1.0,100000
semifinal,Austria,Uzbekistan,1,1e-05,1,0,1.0,0.0,100000
semifinal,Belgium,DR Congo,1,1e-05,0,1,0.0,1.0,100000
semifinal,Belgium,Egypt,1,1e-05,0,1,0.0,1.0,100000
semifinal,Belgium,England,1,1e-05,0,1,0.0,1.0,100000
semifinal,Belgium,Haiti,1,1e-05,1,0,1.0,0.0,100000
semifinal,Belgium,South Africa,1,1e-05,1,0,1.0,0.0,100000
semifinal,Belgium,Uzbekistan,1,1e-05,0,1,0.0,1.0,100000
semifinal,Bosnia and Herzegovina,Iraq,1,1e-05,1,0,1.0,0.0,100000
semifinal,Canada,New Zealand,1,1e-05,1,0,1.0,0.0,100000
semifinal,Cape Verde,England,1,1e-05,0,1,0.0,1.0,100000
semifinal,Cape Verde,Iraq,1,1e-05,0,1,0.0,1.0,100000
semifinal,Cape Verde,Turkey,1,1e-05,0,1,0.0,1.0,100000
semifinal,Cape Verde,Uruguay,1,1e-05,0,1,0.0,1.0,100000
semifinal,Cape Verde,Uzbekistan,1,1e-05,1,0,1.0,0.0,100000
semifinal,Colombia,Egypt,1,1e-05,1,0,1.0,0.0,100000
semifinal,Colombia,Iran,1,1e-05,1,0,1.0,0.0,100000
semifinal,Croatia,Curaçao,1,1e-05,1,0,1.0,0.0,100000
semifinal,Croatia,Egypt,1,1e-05,0,1,0.0,1.0,100000
semifinal,Curaçao,England,1,1e-05,0,1,0.0,1.0,100000
semifinal,Curaçao,Paraguay,1,1e-05,0,1,0.0,1.0,100000
semifinal,Curaçao,Uruguay,1,1e-05,0,1,0.0,1.0,100000
semifinal,Czechia,Iraq,1,1e-05,1,0,1.0,0.0,100000
semifinal,Czechia,Turkey,1,1e-05,0,1,0.0,1.0,100000
semifinal,DR Congo,Haiti,1,1e-05,1,0,1.0,0.0,100000
semifinal,DR Congo,Iraq,1,1e-05,0,1,0.0,1.0,100000
semifinal,DR Congo,South Africa,1,1e-05,0,1,0.0,1.0,100000
semifinal,DR Congo,Uruguay,1,1e-05,1,0,1.0,0.0,100000
semifinal,Egypt,Iran,1,1e-05,1,0,1.0,0.0,100000
semifinal,Egypt,Portugal,1,1e-05,0,1,0.0,1.0,100000
semifinal,Egypt,Uruguay,1,1e-05,1,0,1.0,0.0,100000
semifinal,England,Portugal,1,1e-05,1,0,1.0,0.0,100000
semifinal,France,Qatar,1,1e-05,1,0,1.0,0.0,100000
semifinal,Ghana,Iraq,1,1e-05,0,1,0.0,1.0,100000
semifinal,Ghana,Ivory Coast,1,1e-05,0,1,0.0,1.0,100000
semifinal,Ghana,Uruguay,1,1e-05,0,1,0.0,1.0,100000
semifinal,Haiti,Portugal,1,1e-05,0,1,0.0,1.0,100000
semifinal,Iran,Iraq,1,1e-05,1,0,1.0,0.0,100000
semifinal,Iran,Portugal,1,1e-05,0,1,0.0,1.0,100000
semifinal,Iraq,Jordan,1,1e-05,1,0,1.0,0.0,100000
semifinal,Jordan,Panama,1,1e-05,0,1,0.0,1.0,100000
semifinal,Jordan,Portugal,1,1e-05,0,1,0.0,1.0,100000
semifinal,Jordan,Turkey,1,1e-05,0,1,0.0,1.0,100000
semifinal,Netherlands,Scotland,1,1e-05,1,0,1.0,0.0,100000
semifinal,Netherlands,South Korea,1,1e-05,1,0,1.0,0.0,100000
semifinal,New Zealand,Spain,1,1e-05,0,1,0.0,1.0,100000
semifinal,Panama,Qatar,1,1e-05,1,0,1.0,0.0,100000
semifinal,Panama,Saudi Arabia,1,1e-05,0,1,0.0,1.0,100000
semifinal,Panama,Uruguay,1,1e-05,0,1,0.0,1.0,100000
semifinal,Saudi Arabia,Scotland,1,1e-05,0,1,0.0,1.0,100000
semifinal,Saudi Arabia,South Africa,1,1e-05,0,1,0.0,1.0,100000
semifinal,South Africa,Sweden,1,1e-05,1,0,1.0,0.0,100000
semifinal,South Africa,Turkey,1,1e-05,1,0,1.0,0.0,100000
semifinal,South Africa,Uzbekistan,1,1e-05,0,1,0.0,1.0,100000
third_place,England,Mexico,1456,0.01456,864,592,0.5934065934065934,0.4065934065934066,100000
third_place,Argentina,England,1248,0.01248,791,457,0.6338141025641025,0.3661858974358974,100000
third_place,France,Germany,1188,0.01188,753,435,0.6338383838383839,0.3661616161616162,100000
third_place,Germany,Mexico,1131,0.01131,607,524,0.5366931918656057,0.46330680813439434,100000
third_place,England,France,1127,0.01127,522,605,0.4631765749778172,0.5368234250221828,100000
third_place,England,United States,1125,0.01125,824,301,0.7324444444444445,0.26755555555555555,100000
third_place,Argentina,Germany,1095,0.01095,740,355,0.6757990867579908,0.3242009132420091,100000
third_place,England,Spain,1060,0.0106,391,669,0.36886792452830186,0.6311320754716981,100000
third_place,Germany,Spain,1017,0.01017,334,683,0.32841691248770893,0.671583087512291,100000
third_place,Brazil,France,954,0.00954,400,554,0.4192872117400419,0.5807127882599581,100000
third_place,Germany,United States,878,0.00878,562,316,0.6400911161731208,0.35990888382687924,100000
third_place,Brazil,Mexico,856,0.00856,515,341,0.6016355140186916,0.3983644859813084,100000
third_place,France,Netherlands,814,0.00814,519,295,0.6375921375921376,0.36240786240786244,100000
third_place,England,Netherlands,800,0.008,441,359,0.55125,0.44875,100000
third_place,France,Mexico,790,0.0079,528,262,0.6683544303797468,0.33164556962025316,100000
third_place,France,Norway,775,0.00775,455,320,0.5870967741935483,0.4129032258064516,100000
third_place,Argentina,Brazil,771,0.00771,519,252,0.6731517509727627,0.32684824902723736,100000
third_place,England,Japan,769,0.00769,483,286,0.6280884265279584,0.3719115734720416,100000
third_place,England,Morocco,748,0.00748,505,243,0.6751336898395722,0.32486631016042783,100000
third_place,Brazil,Morocco,727,0.00727,427,300,0.5873452544704264,0.4126547455295736,100000
third_place,France,Japan,713,0.00713,486,227,0.6816269284712483,0.31837307152875177,100000
third_place,France,Morocco,696,0.00696,482,214,0.6925287356321839,0.3074712643678161,100000
third_place,Brazil,Netherlands,680,0.0068,377,303,0.5544117647058824,0.4455882352941177,100000
third_place,France,United States,674,0.00674,523,151,0.7759643916913946,0.22403560830860533,100000
third_place,Colombia,England,666,0.00666,283,383,0.42492492492492495,0.575075075075075,100000
third_place,Germany,Netherlands,658,0.00658,313,345,0.4756838905775076,0.5243161094224924,100000
third_place,Brazil,Spain,646,0.00646,252,394,0.39009287925696595,0.6099071207430341,100000
third_place,Japan,Netherlands,637,0.00637,299,338,0.46938775510204084,0.5306122448979592,100000
third_place,Germany,Japan,620,0.0062,349,271,0.5629032258064516,0.43709677419354837,100000
third_place,Brazil,United States,601,0.00601,393,208,0.653910149750416,0.34608985024958405,100000
third_place,France,Portugal,601,0.00601,362,239,0.6023294509151415,0.39767054908485855,100000
third_place,Mexico,Switzerland,588,0.00588,348,240,0.5918367346938775,0.40816326530612246,100000
third_place,France,Spain,576,0.00576,246,330,0.4270833333333333,0.5729166666666666,100000
third_place,Mexico,Portugal,570,0.0057,226,344,0.39649122807017545,0.6035087719298246,100000
third_place,Colombia,Germany,559,0.00559,277,282,0.49552772808586765,0.5044722719141324,100000
third_place,Colombia,France,554,0.00554,206,348,0.37184115523465705,0.628158844765343,100000
third_place,Germany,Morocco,549,0.00549,305,244,0.5555555555555556,0.4444444444444444,100000
third_place,Argentina,France,544,0.00544,310,234,0.5698529411764706,0.43014705882352944,100000
third_place,Colombia,Portugal,531,0.00531,255,276,0.480225988700565,0.519774011299435,100000
third_place,Argentina,Portugal,530,0.0053,362,168,0.6830188679245283,0.3169811320754717,100000
third_place,Argentina,Switzerland,523,0.00523,425,98,0.8126195028680688,0.18738049713193117,100000
third_place,France,Switzerland,523,0.00523,403,120,0.7705544933078394,0.2294455066921606,100000
third_place,England,Norway,511,0.00511,373,138,0.7299412915851272,0.2700587084148728,100000
third_place,Brazil,Japan,509,0.00509,321,188,0.630648330058939,0.3693516699410609,100000
third_place,Brazil,Colombia,496,0.00496,258,238,0.5201612903225806,0.4798387096774194,100000
third_place,Portugal,Spain,489,0.00489,141,348,0.2883435582822086,0.7116564417177914,100000
third_place,Spain,Switzerland,469,0.00469,366,103,0.7803837953091685,0.21961620469083157,100000
third_place,Mexico,Netherlands,450,0.0045,196,254,0.43555555555555553,0.5644444444444444,100000
third_place,Portugal,United States,450,0.0045,285,165,0.6333333333333333,0.36666666666666664,100000
third_place,Switzerland,United States,450,0.0045,237,213,0.5266666666666666,0.47333333333333333,100000
third_place,Argentina,Netherlands,442,0.00442,297,145,0.6719457013574661,0.32805429864253394,100000
third_place,Netherlands,Portugal,438,0.00438,196,242,0.4474885844748858,0.5525114155251142,100000
third_place,Argentina,Canada,421,0.00421,351,70,0.833729216152019,0.166270783847981,100000
third_place,Australia,England,412,0.00412,130,282,0.3155339805825243,0.6844660194174758,100000
third_place,Colombia,Mexico,407,0.00407,221,186,0.542997542997543,0.457002457002457,100000
third_place,Austria,England,406,0.00406,112,294,0.27586206896551724,0.7241379310344828,100000
third_place,Canada,Mexico,405,0.00405,132,273,0.32592592592592595,0.674074074074074,100000
third_place,Colombia,Netherlands,397,0.00397,200,197,0.5037783375314862,0.49622166246851385,100000
third_place,Netherlands,Spain,397,0.00397,124,273,0.3123425692695214,0.6876574307304786,100000
third_place,Morocco,Netherlands,395,0.00395,166,229,0.42025316455696204,0.579746835443038,100000
third_place,Argentina,Colombia,394,0.00394,293,101,0.7436548223350253,0.2563451776649746,100000
third_place,Colombia,Spain,392,0.00392,112,280,0.2857142857142857,0.7142857142857143,100000
third_place,England,Ivory Coast,385,0.00385,304,81,0.7896103896103897,0.21038961038961038,100000
third_place,Croatia,Mexico,383,0.00383,191,192,0.49869451697127937,0.5013054830287206,100000
third_place,Canada,United States,382,0.00382,158,224,0.41361256544502617,0.5863874345549738,100000
third_place,Ecuador,England,380,0.0038,134,246,0.3526315789473684,0.6473684210526316,100000
third_place,Brazil,England,377,0.00377,156,221,0.41379310344827586,0.5862068965517241,100000
third_place,Canada,Spain,373,0.00373,69,304,0.18498659517426275,0.8150134048257373,100000
third_place,Canada,France,367,0.00367,77,290,0.2098092643051771,0.7901907356948229,100000
third_place,Morocco,Portugal,355,0.00355,148,207,0.4169014084507042,0.5830985915492958,100000
third_place,Argentina,Croatia,354,0.00354,281,73,0.7937853107344632,0.2062146892655367,100000
third_place,Japan,Portugal,354,0.00354,151,203,0.4265536723163842,0.5734463276836158,100000
third_place,Australia,Germany,351,0.00351,134,217,0.3817663817663818,0.6182336182336182,100000
third_place,Mexico,South Korea,348,0.00348,188,160,0.5402298850574713,0.45977011494252873,100000
third_place,Netherlands,United States,343,0.00343,231,112,0.673469387755102,0.32653061224489793,100000
third_place,France,South Korea,342,0.00342,276,66,0.8070175438596491,0.19298245614035087,100000
third_place,Germany,Norway,341,0.00341,231,110,0.6774193548387096,0.3225806451612903,100000
third_place,Austria,Germany,339,0.00339,123,216,0.36283185840707965,0.6371681415929203,100000
third_place,Colombia,Japan,331,0.00331,187,144,0.5649546827794562,0.4350453172205438,100000
third_place,Brazil,Norway,322,0.00322,220,102,0.6832298136645962,0.3167701863354037,100000
third_place,Japan,Spain,316,0.00316,88,228,0.27848101265822783,0.7215189873417721,100000
third_place,Colombia,Morocco,315,0.00315,182,133,0.5777777777777777,0.4222222222222222,100000
third_place,Croatia,France,314,0.00314,92,222,0.2929936305732484,0.7070063694267515,100000
third_place,Argentina,Japan,313,0.00313,231,82,0.7380191693290735,0.26198083067092653,100000
third_place,Brazil,Germany,311,0.00311,174,137,0.5594855305466238,0.4405144694533762,100000
third_place,Japan,Mexico,310,0.0031,149,161,0.4806451612903226,0.5193548387096775,100000
third_place,Argentina,Morocco,309,0.00309,242,67,0.7831715210355987,0.2168284789644013,100000
third_place,Netherlands,Switzerland,309,0.00309,196,113,0.6343042071197411,0.3656957928802589,100000
third_place,Germany,Ivory Coast,305,0.00305,185,120,0.6065573770491803,0.39344262295081966,100000
third_place,Egypt,Mexico,304,0.00304,98,206,0.3223684210526316,0.6776315789473685,100000
third_place,Morocco,Spain,303,0.00303,77,226,0.25412541254125415,0.7458745874587459,100000
third_place,Argentina,South Korea,302,0.00302,255,47,0.8443708609271523,0.15562913907284767,100000
third_place,Japan,Morocco,301,0.00301,160,141,0.53156146179402,0.4684385382059801,100000
third_place,Brazil,Portugal,297,0.00297,144,153,0.48484848484848486,0.5151515151515151,100000
third_place,England,Portugal,296,0.00296,167,129,0.5641891891891891,0.4358108108108108,100000
third_place,Croatia,United States,295,0.00295,151,144,0.511864406779661,0.488135593220339,100000
third_place,Iran,Mexico,292,0.00292,120,172,0.410958904109589,0.589041095890411,100000
third_place,Croatia,Spain,290,0.0029,87,203,0.3,0.7,100000
third_place,Morocco,Switzerland,288,0.00288,175,113,0.6076388888888888,0.3923611111111111,100000
third_place,Colombia,United States,283,0.00283,178,105,0.6289752650176679,0.3710247349823322,100000
third_place,Mexico,Morocco,283,0.00283,131,152,0.4628975265017668,0.5371024734982333,100000
third_place,Belgium,England,280,0.0028,91,189,0.325,0.675,100000
third_place,Japan,Switzerland,278,0.00278,161,117,0.579136690647482,0.420863309352518,100000
third_place,England,Sweden,277,0.00277,227,50,0.8194945848375451,0.18050541516245489,100000
third_place,Belgium,Germany,275,0.00275,123,152,0.44727272727272727,0.5527272727272727,100000
third_place,Ecuador,Germany,274,0.00274,130,144,0.4744525547445255,0.5255474452554745,100000
third_place,England,Senegal,273,0.00273,196,77,0.717948717948718,0.28205128205128205,100000
third_place,Egypt,France,272,0.00272,45,227,0.16544117647058823,0.8345588235294118,100000
third_place,South Korea,Spain,270,0.0027,56,214,0.2074074074074074,0.7925925925925926,100000
third_place,Netherlands,Norway,268,0.00268,190,78,0.7089552238805971,0.291044776119403,100000
third_place,Argentina,Iran,267,0.00267,218,49,0.8164794007490637,0.18352059925093633,100000
third_place,Colombia,Switzerland,266,0.00266,168,98,0.631578947368421,0.3684210526315789,100000
third_place,Norway,Spain,265,0.00265,47,218,0.17735849056603772,0.8226415094339623,100000
third_place,Austria,Brazil,264,0.00264,88,176,0.3333333333333333,0.6666666666666666,100000
third_place,Argentina,Norway,263,0.00263,221,42,0.8403041825095057,0.1596958174904943,100000
third_place,France,Senegal,263,0.00263,152,111,0.5779467680608364,0.4220532319391635,100000
third_place,Colombia,Norway,260,0.0026,175,85,0.6730769230769231,0.3269230769230769,100000
third_place,Norway,Portugal,260,0.0026,78,182,0.3,0.7,100000
third_place,Argentina,Egypt,259,0.00259,229,30,0.8841698841698842,0.11583011583011583,100000
third_place,Germany,Portugal,258,0.00258,133,125,0.5155038759689923,0.4844961240310077,100000
third_place,Canada,Morocco,257,0.00257,86,171,0.3346303501945525,0.6653696498054474,100000
third_place,Canada,Japan,252,0.00252,91,161,0.3611111111111111,0.6388888888888888,100000
third_place,Egypt,Spain,252,0.00252,35,217,0.1388888888888889,0.8611111111111112,100000
third_place,Argentina,Spain,250,0.0025,124,126,0.496,0.504,100000
third_place,France,Ivory Coast,249,0.00249,207,42,0.8313253012048193,0.1686746987951807,100000
third_place,France,Uruguay,249,0.00249,169,80,0.678714859437751,0.321285140562249,100000
third_place,Belgium,France,248,0.00248,63,185,0.2540322580645161,0.7459677419354839,100000
third_place,Iran,Spain,248,0.00248,55,193,0.2217741935483871,0.7782258064516129,100000
third_place,Mexico,Norway,248,0.00248,158,90,0.6370967741935484,0.3629032258064516,100000
third_place,Croatia,Netherlands,247,0.00247,100,147,0.4048582995951417,0.5951417004048583,100000
third_place,Brazil,Ivory Coast,243,0.00243,183,60,0.7530864197530864,0.24691358024691357,100000
third_place,Canada,Netherlands,239,0.00239,78,161,0.3263598326359833,0.6736401673640168,100000
third_place,Croatia,Japan,239,0.00239,111,128,0.46443514644351463,0.5355648535564853,100000
third_place,Austria,France,238,0.00238,59,179,0.24789915966386555,0.7521008403361344,100000
third_place,Egypt,United States,234,0.00234,95,139,0.405982905982906,0.594017094017094,100000
third_place,Australia,France,233,0.00233,59,174,0.2532188841201717,0.7467811158798283,100000
third_place,France,Iran,233,0.00233,181,52,0.776824034334764,0.22317596566523606,100000
third_place,Colombia,Croatia,230,0.0023,126,104,0.5478260869565217,0.45217391304347826,100000
third_place,Australia,Brazil,227,0.00227,77,150,0.3392070484581498,0.6607929515418502,100000
third_place,Belgium,Brazil,225,0.00225,73,152,0.3244444444444444,0.6755555555555556,100000
third_place,Brazil,Ecuador,225,0.00225,136,89,0.6044444444444445,0.39555555555555555,100000
third_place,Croatia,Morocco,224,0.00224,101,123,0.45089285714285715,0.5491071428571429,100000
third_place,Ecuador,France,222,0.00222,57,165,0.25675675675675674,0.7432432432432432,100000
third_place,Canada,Colombia,213,0.00213,62,151,0.29107981220657275,0.7089201877934272,100000
third_place,Germany,Senegal,212,0.00212,148,64,0.6981132075471698,0.3018867924528302,100000
third_place,Japan,United States,212,0.00212,126,86,0.5943396226415094,0.4056603773584906,100000
third_place,Egypt,Netherlands,211,0.00211,64,147,0.3033175355450237,0.6966824644549763,100000
third_place,South Korea,United States,205,0.00205,89,116,0.43414634146341463,0.5658536585365853,100000
third_place,England,Uruguay,203,0.00203,133,70,0.6551724137931034,0.3448275862068966,100000
third_place,Germany,Sweden,201,0.00201,155,46,0.7711442786069652,0.22885572139303484,100000
third_place,Morocco,Norway,199,0.00199,113,86,0.5678391959798995,0.4321608040201005,100000
third_place,Norway,Switzerland,198,0.00198,88,110,0.4444444444444444,0.5555555555555556,100000
third_place,Germany,Uruguay,197,0.00197,113,84,0.5736040609137056,0.4263959390862944,100000
third_place,Spain,Uruguay,195,0.00195,117,78,0.6,0.4,100000
third_place,Japan,Norway,194,0.00194,127,67,0.654639175257732,0.34536082474226804,100000
third_place,France,Sweden,191,0.00191,158,33,0.8272251308900523,0.17277486910994763,100000
third_place,Egypt,Japan,190,0.0019,58,132,0.30526315789473685,0.6947368421052632,100000
third_place,Brazil,Senegal,189,0.00189,126,63,0.6666666666666666,0.3333333333333333,100000
third_place,Iran,United States,189,0.00189,100,89,0.5291005291005291,0.4708994708994709,100000
third_place,Brazil,Sweden,187,0.00187,138,49,0.7379679144385026,0.2620320855614973,100000
third_place,Australia,Switzerland,186,0.00186,89,97,0.478494623655914,0.521505376344086,100000
third_place,Mexico,Uruguay,186,0.00186,88,98,0.4731182795698925,0.5268817204301075,100000
third_place,Netherlands,South Korea,186,0.00186,126,60,0.6774193548387096,0.3225806451612903,100000
third_place,France,Scotland,180,0.0018,157,23,0.8722222222222222,0.12777777777777777,100000
third_place,Austria,Netherlands,175,0.00175,71,104,0.4057142857142857,0.5942857142857143,100000
third_place,Belgium,Netherlands,175,0.00175,66,109,0.37714285714285717,0.6228571428571429,100000
third_place,Morocco,United States,175,0.00175,96,79,0.5485714285714286,0.4514285714285714,100000
third_place,Iran,Netherlands,173,0.00173,66,107,0.3815028901734104,0.6184971098265896,100000
third_place,Ivory Coast,Portugal,171,0.00171,45,126,0.2631578947368421,0.7368421052631579,100000
third_place,Argentina,Uruguay,170,0.0017,125,45,0.7352941176470589,0.2647058823529412,100000
third_place,Japan,South Korea,169,0.00169,105,64,0.621301775147929,0.378698224852071,100000
third_place,Brazil,Uruguay,168,0.00168,121,47,0.7202380952380952,0.27976190476190477,100000
third_place,Colombia,South Korea,166,0.00166,108,58,0.6506024096385542,0.3493975903614458,100000
third_place,Norway,United States,165,0.00165,72,93,0.43636363636363634,0.5636363636363636,100000
third_place,Austria,Switzerland,163,0.00163,79,84,0.48466257668711654,0.5153374233128835,100000
third_place,Iran,Japan,163,0.00163,65,98,0.3987730061349693,0.6012269938650306,100000
third_place,Austria,Colombia,162,0.00162,54,108,0.3333333333333333,0.6666666666666666,100000
third_place,Belgium,Japan,161,0.00161,72,89,0.4472049689440994,0.5527950310559007,100000
third_place,Canada,Norway,160,0.0016,73,87,0.45625,0.54375,100000
third_place,Egypt,Morocco,160,0.0016,55,105,0.34375,0.65625,100000
third_place,Argentina,Belgium,159,0.00159,120,39,0.7547169811320755,0.24528301886792453,100000
third_place,Austria,Portugal,159,0.00159,56,103,0.3522012578616352,0.6477987421383647,100000
third_place,Brazil,Switzerland,159,0.00159,99,60,0.6226415094339622,0.37735849056603776,100000
third_place,Netherlands,Uruguay,159,0.00159,104,55,0.6540880503144654,0.34591194968553457,100000
third_place,Australia,Netherlands,156,0.00156,58,98,0.3717948717948718,0.6282051282051282,100000
third_place,Belgium,Spain,156,0.00156,36,120,0.23076923076923078,0.7692307692307693,100000
third_place,Belgium,Portugal,155,0.00155,61,94,0.3935483870967742,0.6064516129032258,100000
third_place,Australia,Portugal,154,0.00154,61,93,0.3961038961038961,0.6038961038961039,100000
third_place,Colombia,Egypt,153,0.00153,105,48,0.6862745098039216,0.3137254901960784,100000
third_place,Brazil,Croatia,150,0.0015,92,58,0.6133333333333333,0.38666666666666666,100000
third_place,Ecuador,Switzerland,150,0.0015,85,65,0.5666666666666667,0.43333333333333335,100000
third_place,Japan,Uruguay,150,0.0015,75,75,0.5,0.5,100000
third_place,Australia,Colombia,149,0.00149,56,93,0.37583892617449666,0.6241610738255033,100000
third_place,Colombia,Iran,147,0.00147,95,52,0.6462585034013606,0.35374149659863946,100000
third_place,Ecuador,Portugal,146,0.00146,64,82,0.4383561643835616,0.5616438356164384,100000
third_place,Netherlands,Sweden,146,0.00146,91,55,0.6232876712328768,0.3767123287671233,100000
third_place,Belgium,Mexico,145,0.00145,61,84,0.4206896551724138,0.5793103448275863,100000
third_place,Mexico,Scotland,145,0.00145,107,38,0.7379310344827587,0.2620689655172414,100000
third_place,Croatia,Norway,144,0.00144,80,64,0.5555555555555556,0.4444444444444444,100000
third_place,Austria,Japan,143,0.00143,65,78,0.45454545454545453,0.5454545454545454,100000
third_place,Iran,Morocco,143,0.00143,54,89,0.3776223776223776,0.6223776223776224,100000
third_place,Morocco,South Korea,142,0.00142,83,59,0.5845070422535211,0.4154929577464789,100000
third_place,Argentina,Scotland,140,0.0014,122,18,0.8714285714285714,0.12857142857142856,100000
third_place,Ivory Coast,Switzerland,139,0.00139,56,83,0.4028776978417266,0.5971223021582733,100000
third_place,Argentina,Mexico,136,0.00136,102,34,0.75,0.25,100000
third_place,Netherlands,Senegal,136,0.00136,96,40,0.7058823529411765,0.29411764705882354,100000
third_place,Argentina,Austria,135,0.00135,88,47,0.6518518518518519,0.34814814814814815,100000
third_place,Mexico,Spain,135,0.00135,45,90,0.3333333333333333,0.6666666666666666,100000
third_place,Portugal,Senegal,135,0.00135,88,47,0.6518518518518519,0.34814814814814815,100000
third_place,Portugal,Sweden,135,0.00135,102,33,0.7555555555555555,0.24444444444444444,100000
third_place,Belgium,Colombia,134,0.00134,54,80,0.40298507462686567,0.5970149253731343,100000
third_place,Portugal,Switzerland,134,0.00134,85,49,0.6343283582089553,0.3656716417910448,100000
third_place,Austria,Morocco,133,0.00133,53,80,0.39849624060150374,0.6015037593984962,100000
third_place,Austria,Spain,133,0.00133,32,101,0.24060150375939848,0.7593984962406015,100000
third_place,Belgium,Morocco,133,0.00133,62,71,0.46616541353383456,0.5338345864661654,100000
third_place,Scotland,Spain,132,0.00132,16,116,0.12121212121212122,0.8787878787878788,100000
third_place,Brazil,South Korea,131,0.00131,88,43,0.6717557251908397,0.3282442748091603,100000
third_place,Canada,Ecuador,131,0.00131,54,77,0.4122137404580153,0.5877862595419847,100000
third_place,Australia,Canada,130,0.0013,78,52,0.6,0.4,100000
third_place,Ivory Coast,Netherlands,129,0.00129,39,90,0.3023255813953488,0.6976744186046512,100000
third_place,Colombia,Uruguay,128,0.00128,70,58,0.546875,0.453125,100000
third_place,Germany,Paraguay,127,0.00127,97,30,0.7637795275590551,0.23622047244094488,100000
third_place,Australia,Japan,126,0.00126,59,67,0.46825396825396826,0.5317460317460317,100000
third_place,Belgium,Switzerland,126,0.00126,66,60,0.5238095238095238,0.47619047619047616,100000
third_place,Iran,Norway,124,0.00124,54,70,0.43548387096774194,0.5645161290322581,100000
third_place,Belgium,Croatia,122,0.00122,66,56,0.5409836065573771,0.45901639344262296,100000
third_place,Colombia,Senegal,122,0.00122,81,41,0.6639344262295082,0.3360655737704918,100000
third_place,Sweden,Switzerland,122,0.00122,49,73,0.4016393442622951,0.5983606557377049,100000
third_place,Austria,Canada,120,0.0012,71,49,0.5916666666666667,0.4083333333333333,100000
third_place,Austria,Mexico,120,0.0012,52,68,0.43333333333333335,0.5666666666666667,100000
third_place,Brazil,Canada,120,0.0012,80,40,0.6666666666666666,0.3333333333333333,100000
third_place,Egypt,Norway,120,0.0012,51,69,0.425,0.575,100000
third_place,Australia,Croatia,118,0.00118,56,62,0.4745762711864407,0.5254237288135594,100000
third_place,England,Paraguay,118,0.00118,90,28,0.7627118644067796,0.23728813559322035,100000
third_place,Algeria,France,117,0.00117,32,85,0.27350427350427353,0.7264957264957265,100000
third_place,Morocco,Uruguay,117,0.00117,56,61,0.47863247863247865,0.5213675213675214,100000
third_place,Portugal,South Korea,117,0.00117,81,36,0.6923076923076923,0.3076923076923077,100000
third_place,Argentina,Senegal,116,0.00116,96,20,0.8275862068965517,0.1724137931034483,100000
third_place,Ecuador,Netherlands,116,0.00116,55,61,0.47413793103448276,0.5258620689655172,100000
third_place,France,Paraguay,116,0.00116,92,24,0.7931034482758621,0.20689655172413793,100000
third_place,Austria,Croatia,115,0.00115,55,60,0.4782608695652174,0.5217391304347826,100000
third_place,Mexico,Panama,115,0.00115,86,29,0.7478260869565218,0.25217391304347825,100000
third_place,Ghana,Mexico,114,0.00114,15,99,0.13157894736842105,0.868421052631579,100000
third_place,Senegal,Spain,113,0.00113,28,85,0.24778761061946902,0.7522123893805309,100000
third_place,Canada,Ivory Coast,112,0.00112,66,46,0.5892857142857143,0.4107142857142857,100000
third_place,Norway,Uruguay,112,0.00112,50,62,0.44642857142857145,0.5535714285714286,100000
third_place,Belgium,Egypt,111,0.00111,67,44,0.6036036036036037,0.3963963963963964,100000
third_place,Brazil,Scotland,111,0.00111,74,37,0.6666666666666666,0.3333333333333333,100000
third_place,Mexico,Uzbekistan,111,0.00111,80,31,0.7207207207207207,0.27927927927927926,100000
third_place,Algeria,Spain,109,0.00109,19,90,0.1743119266055046,0.8256880733944955,100000
third_place,United States,Uruguay,109,0.00109,56,53,0.5137614678899083,0.48623853211009177,100000
third_place,Brazil,Egypt,108,0.00108,85,23,0.7870370370370371,0.21296296296296297,100000
third_place,Colombia,Ecuador,108,0.00108,65,43,0.6018518518518519,0.39814814814814814,100000
third_place,Croatia,Portugal,108,0.00108,50,58,0.46296296296296297,0.5370370370370371,100000
third_place,Japan,Sweden,108,0.00108,60,48,0.5555555555555556,0.4444444444444444,100000
third_place,Colombia,Ivory Coast,105,0.00105,73,32,0.6952380952380952,0.3047619047619048,100000
third_place,DR Congo,France,105,0.00105,13,92,0.12380952380952381,0.8761904761904762,100000
third_place,Japan,Senegal,105,0.00105,66,39,0.6285714285714286,0.37142857142857144,100000
third_place,Argentina,DR Congo,104,0.00104,99,5,0.9519230769230769,0.04807692307692308,100000
third_place,Spain,United States,104,0.00104,84,20,0.8076923076923077,0.19230769230769232,100000
third_place,Belgium,Norway,103,0.00103,62,41,0.6019417475728155,0.39805825242718446,100000
third_place,Norway,Senegal,103,0.00103,63,40,0.6116504854368932,0.3883495145631068,100000
third_place,Belgium,United States,102,0.00102,63,39,0.6176470588235294,0.38235294117647056,100000
third_place,France,Panama,101,0.00101,83,18,0.8217821782178217,0.1782178217821782,100000
third_place,Senegal,Switzerland,101,0.00101,47,54,0.46534653465346537,0.5346534653465347,100000
third_place,Algeria,Mexico,100,0.001,39,61,0.39,0.61,100000
third_place,Australia,Egypt,100,0.001,56,44,0.56,0.44,100000
third_place,Austria,Norway,100,0.001,53,47,0.53,0.47,100000
third_place,Belgium,Canada,100,0.001,65,35,0.65,0.35,100000
third_place,Croatia,Ivory Coast,100,0.001,71,29,0.71,0.29,100000
third_place,Scotland,United States,100,0.001,36,64,0.36,0.64,100000
third_place,Croatia,England,99,0.00099,36,63,0.36363636363636365,0.6363636363636364,100000
third_place,Ecuador,South Korea,98,0.00098,53,45,0.5408163265306123,0.45918367346938777,100000
third_place,Argentina,Panama,97,0.00097,83,14,0.8556701030927835,0.14432989690721648,100000
third_place,Croatia,Sweden,97,0.00097,65,32,0.6701030927835051,0.32989690721649484,100000
third_place,Egypt,Ivory Coast,97,0.00097,57,40,0.5876288659793815,0.41237113402061853,100000
third_place,Algeria,Argentina,96,0.00096,30,66,0.3125,0.6875,100000
third_place,Argentina,Uzbekistan,96,0.00096,80,16,0.8333333333333334,0.16666666666666666,100000
third_place,Norway,South Korea,96,0.00096,43,53,0.4479166666666667,0.5520833333333334,100000
third_place,Switzerland,Uruguay,96,0.00096,43,53,0.4479166666666667,0.5520833333333334,100000
third_place,Austria,South Korea,95,0.00095,54,41,0.5684210526315789,0.43157894736842106,100000
third_place,Brazil,Iran,95,0.00095,73,22,0.7684210526315789,0.23157894736842105,100000
third_place,France,Uzbekistan,95,0.00095,81,14,0.8526315789473684,0.14736842105263157,100000
third_place,DR Congo,Mexico,94,0.00094,14,80,0.14893617021276595,0.851063829787234,100000
third_place,Ivory Coast,South Korea,93,0.00093,38,55,0.40860215053763443,0.5913978494623656,100000
third_place,Morocco,Scotland,93,0.00093,49,44,0.5268817204301075,0.4731182795698925,100000
third_place,Panama,United States,93,0.00093,34,59,0.3655913978494624,0.6344086021505376,100000
third_place,Canada,Senegal,92,0.00092,34,58,0.3695652173913043,0.6304347826086957,100000
third_place,Mexico,Senegal,91,0.00091,59,32,0.6483516483516484,0.3516483516483517,100000
third_place,Argentina,Ghana,90,0.0009,85,5,0.9444444444444444,0.05555555555555555,100000
third_place,Australia,Norway,90,0.0009,48,42,0.5333333333333333,0.4666666666666667,100000
third_place,Australia,South Korea,90,0.0009,51,39,0.5666666666666667,0.43333333333333335,100000
third_place,Croatia,Senegal,90,0.0009,51,39,0.5666666666666667,0.43333333333333335,100000
third_place,Morocco,Senegal,88,0.00088,49,39,0.5568181818181818,0.4431818181818182,100000
third_place,Algeria,England,87,0.00087,20,67,0.22988505747126436,0.7701149425287356,100000
third_place,Brazil,Paraguay,87,0.00087,70,17,0.8045977011494253,0.19540229885057472,100000
third_place,Ecuador,Japan,86,0.00086,36,50,0.4186046511627907,0.5813953488372093,100000
third_place,Spain,Uzbekistan,86,0.00086,76,10,0.8837209302325582,0.11627906976744186,100000
third_place,Canada,Sweden,85,0.00085,47,38,0.5529411764705883,0.4470588235294118,100000
third_place,Croatia,Ecuador,85,0.00085,49,36,0.5764705882352941,0.4235294117647059,100000
third_place,Portugal,Uruguay,85,0.00085,57,28,0.6705882352941176,0.32941176470588235,100000
third_place,Australia,Iran,84,0.00084,38,46,0.4523809523809524,0.5476190476190477,100000
third_place,Australia,Morocco,84,0.00084,43,41,0.5119047619047619,0.4880952380952381,100000
third_place,DR Congo,United States,84,0.00084,25,59,0.2976190476190476,0.7023809523809523,100000
third_place,Colombia,Sweden,82,0.00082,67,15,0.8170731707317073,0.18292682926829268,100000
third_place,Spain,Sweden,82,0.00082,70,12,0.8536585365853658,0.14634146341463414,100000
third_place,United States,Uzbekistan,82,0.00082,42,40,0.5121951219512195,0.4878048780487805,100000
third_place,Ecuador,Egypt,81,0.00081,53,28,0.654320987654321,0.345679012345679,100000
third_place,Iran,Portugal,81,0.00081,24,57,0.2962962962962963,0.7037037037037037,100000
third_place,Canada,Portugal,80,0.0008,28,52,0.35,0.65,100000
third_place,DR Congo,Morocco,80,0.0008,15,65,0.1875,0.8125,100000
third_place,Egypt,Portugal,80,0.0008,30,50,0.375,0.625,100000
third_place,Netherlands,Paraguay,80,0.0008,56,24,0.7,0.3,100000
third_place,Panama,Spain,79,0.00079,9,70,0.11392405063291139,0.8860759493670886,100000
third_place,Ghana,Spain,78,0.00078,4,74,0.05128205128205128,0.9487179487179487,100000
third_place,Netherlands,Scotland,78,0.00078,52,26,0.6666666666666666,0.3333333333333333,100000
third_place,Algeria,Brazil,77,0.00077,19,58,0.24675324675324675,0.7532467532467533,100000
third_place,Austria,United States,77,0.00077,43,34,0.5584415584415584,0.44155844155844154,100000
third_place,Ivory Coast,Japan,77,0.00077,19,58,0.24675324675324675,0.7532467532467533,100000
third_place,Morocco,Sweden,77,0.00077,59,18,0.7662337662337663,0.23376623376623376,100000
third_place,Algeria,Germany,76,0.00076,15,61,0.19736842105263158,0.8026315789473685,100000
third_place,Croatia,Uruguay,76,0.00076,38,38,0.5,0.5,100000
third_place,DR Congo,Spain,76,0.00076,7,69,0.09210526315789473,0.9078947368421053,100000
third_place,Japan,Scotland,76,0.00076,64,12,0.8421052631578947,0.15789473684210525,100000
third_place,Australia,Spain,75,0.00075,19,56,0.25333333333333335,0.7466666666666667,100000
third_place,Iran,Ivory Coast,75,0.00075,40,35,0.5333333333333333,0.4666666666666667,100000
third_place,Ivory Coast,Morocco,75,0.00075,21,54,0.28,0.72,100000
third_place,Algeria,Netherlands,74,0.00074,27,47,0.36486486486486486,0.6351351351351351,100000
third_place,Croatia,Germany,74,0.00074,34,40,0.4594594594594595,0.5405405405405406,100000
third_place,France,Ghana,74,0.00074,63,11,0.8513513513513513,0.14864864864864866,100000
third_place,Colombia,Scotland,73,0.00073,51,22,0.6986301369863014,0.3013698630136986,100000
third_place,Senegal,United States,73,0.00073,30,43,0.410958904109589,0.589041095890411,100000
third_place,Egypt,Sweden,72,0.00072,41,31,0.5694444444444444,0.4305555555555556,100000
third_place,Netherlands,Uzbekistan,72,0.00072,57,15,0.7916666666666666,0.20833333333333334,100000
third_place,Austria,Belgium,71,0.00071,34,37,0.4788732394366197,0.5211267605633803,100000
third_place,Austria,Egypt,71,0.00071,53,18,0.7464788732394366,0.2535211267605634,100000
third_place,Algeria,United States,70,0.0007,33,37,0.4714285714285714,0.5285714285714286,100000
third_place,Ecuador,Morocco,70,0.0007,32,38,0.45714285714285713,0.5428571428571428,100000
third_place,Mexico,Sweden,70,0.0007,52,18,0.7428571428571429,0.2571428571428571,100000
third_place,Belgium,Iran,69,0.00069,36,33,0.5217391304347826,0.4782608695652174,100000
third_place,DR Congo,Japan,69,0.00069,17,52,0.2463768115942029,0.7536231884057971,100000
third_place,Japan,Uzbekistan,68,0.00068,53,15,0.7794117647058824,0.22058823529411764,100000
third_place,Belgium,South Korea,67,0.00067,42,25,0.6268656716417911,0.373134328358209,100000
third_place,Canada,Uruguay,67,0.00067,24,43,0.3582089552238806,0.6417910447761194,100000
third_place,Ecuador,Iran,67,0.00067,28,39,0.417910447761194,0.582089552238806,100000
third_place,England,South Korea,67,0.00067,47,20,0.7014925373134329,0.29850746268656714,100000
third_place,Algeria,Morocco,66,0.00066,18,48,0.2727272727272727,0.7272727272727273,100000
third_place,Colombia,Uzbekistan,66,0.00066,50,16,0.7575757575757576,0.24242424242424243,100000
third_place,Algeria,Japan,65,0.00065,22,43,0.3384615384615385,0.6615384615384615,100000
third_place,Argentina,Paraguay,65,0.00065,57,8,0.8769230769230769,0.12307692307692308,100000
third_place,Egypt,Senegal,65,0.00065,31,34,0.47692307692307695,0.5230769230769231,100000
third_place,Ghana,Netherlands,65,0.00065,7,58,0.1076923076923077,0.8923076923076924,100000
third_place,Ghana,United States,65,0.00065,14,51,0.2153846153846154,0.7846153846153846,100000
third_place,Paraguay,Portugal,65,0.00065,21,44,0.3230769230769231,0.676923076923077,100000
third_place,Austria,Iran,64,0.00064,37,27,0.578125,0.421875,100000
third_place,Netherlands,Panama,64,0.00064,40,24,0.625,0.375,100000
third_place,Algeria,Colombia,63,0.00063,21,42,0.3333333333333333,0.6666666666666666,100000
third_place,Argentina,Sweden,63,0.00063,50,13,0.7936507936507936,0.20634920634920634,100000
third_place,Colombia,Panama,62,0.00062,41,21,0.6612903225806451,0.3387096774193548,100000
third_place,Egypt,England,62,0.00062,15,47,0.24193548387096775,0.7580645161290323,100000
third_place,Iran,Senegal,62,0.00062,26,36,0.41935483870967744,0.5806451612903226,100000
third_place,Argentina,United States,61,0.00061,49,12,0.8032786885245902,0.19672131147540983,100000
third_place,DR Congo,Netherlands,61,0.00061,14,47,0.22950819672131148,0.7704918032786885,100000
third_place,Ghana,Japan,61,0.00061,12,49,0.19672131147540983,0.8032786885245902,100000
third_place,Ivory Coast,Norway,61,0.00061,28,33,0.45901639344262296,0.5409836065573771,100000
third_place,Senegal,South Korea,61,0.00061,37,24,0.6065573770491803,0.39344262295081966,100000
third_place,South Korea,Sweden,61,0.00061,37,24,0.6065573770491803,0.39344262295081966,100000
third_place,Argentina,Australia,60,0.0006,47,13,0.7833333333333333,0.21666666666666667,100000
third_place,Paraguay,Switzerland,59,0.00059,24,35,0.4067796610169492,0.5932203389830508,100000
third_place,Algeria,Norway,58,0.00058,29,29,0.5,0.5,100000
third_place,England,Scotland,58,0.00058,51,7,0.8793103448275862,0.1206896551724138,100000
third_place,Morocco,Uzbekistan,58,0.00058,45,13,0.7758620689655172,0.22413793103448276,100000
third_place,Portugal,Scotland,58,0.00058,48,10,0.8275862068965517,0.1724137931034483,100000
third_place,Belgium,Senegal,57,0.00057,26,31,0.45614035087719296,0.543859649122807,100000
third_place,Japan,Panama,57,0.00057,42,15,0.7368421052631579,0.2631578947368421,100000
third_place,South Korea,Uruguay,57,0.00057,24,33,0.42105263157894735,0.5789473684210527,100000
third_place,Austria,Uruguay,55,0.00055,23,32,0.41818181818181815,0.5818181818181818,100000
third_place,Colombia,Paraguay,55,0.00055,42,13,0.7636363636363637,0.23636363636363636,100000
third_place,Australia,Mexico,54,0.00054,22,32,0.4074074074074074,0.5925925925925926,100000
third_place,Colombia,Ghana,54,0.00054,46,8,0.8518518518518519,0.14814814814814814,100000
third_place,Jordan,Mexico,54,0.00054,19,35,0.35185185185185186,0.6481481481481481,100000
third_place,Morocco,Paraguay,54,0.00054,38,16,0.7037037037037037,0.2962962962962963,100000
third_place,Argentina,Jordan,53,0.00053,34,19,0.6415094339622641,0.3584905660377358,100000
third_place,Mexico,Paraguay,53,0.00053,40,13,0.7547169811320755,0.24528301886792453,100000
third_place,Egypt,Uruguay,52,0.00052,24,28,0.46153846153846156,0.5384615384615384,100000
third_place,Ghana,Morocco,52,0.00052,10,42,0.19230769230769232,0.8076923076923077,100000
third_place,Iran,Sweden,52,0.00052,28,24,0.5384615384615384,0.46153846153846156,100000
third_place,Norway,Paraguay,52,0.00052,29,23,0.5576923076923077,0.4423076923076923,100000
third_place,Algeria,Portugal,51,0.00051,19,32,0.37254901960784315,0.6274509803921569,100000
third_place,DR Congo,Norway,51,0.00051,15,36,0.29411764705882354,0.7058823529411765,100000
third_place,Ecuador,Norway,51,0.00051,29,22,0.5686274509803921,0.43137254901960786,100000
third_place,England,Iran,51,0.00051,38,13,0.7450980392156863,0.2549019607843137,100000
third_place,Morocco,Panama,51,0.00051,34,17,0.6666666666666666,0.3333333333333333,100000
third_place,Paraguay,Spain,51,0.00051,11,40,0.21568627450980393,0.7843137254901961,100000
third_place,Argentina,Czechia,50,0.0005,45,5,0.9,0.1,100000
third_place,Croatia,Paraguay,50,0.0005,32,18,0.64,0.36,100000
third_place,Czechia,Spain,50,0.0005,7,43,0.14,0.86,100000
third_place,France,Jordan,50,0.0005,44,6,0.88,0.12,100000
third_place,Iran,Uruguay,49,0.00049,16,33,0.32653061224489793,0.673469387755102,100000
third_place,Australia,Belgium,48,0.00048,26,22,0.5416666666666666,0.4583333333333333,100000
third_place,Australia,Uruguay,48,0.00048,20,28,0.4166666666666667,0.5833333333333334,100000
third_place,Senegal,Uruguay,48,0.00048,15,33,0.3125,0.6875,100000
third_place,Canada,Paraguay,47,0.00047,29,18,0.6170212765957447,0.3829787234042553,100000
third_place,Czechia,France,47,0.00047,7,40,0.14893617021276595,0.851063829787234,100000
third_place,Germany,Iraq,47,0.00047,37,10,0.7872340425531915,0.2127659574468085,100000
third_place,Algeria,Ivory Coast,46,0.00046,26,20,0.5652173913043478,0.43478260869565216,100000
third_place,Colombia,DR Congo,46,0.00046,36,10,0.782608695652174,0.21739130434782608,100000
third_place,Mexico,United States,46,0.00046,30,16,0.6521739130434783,0.34782608695652173,100000
third_place,Norway,Sweden,46,0.00046,27,19,0.5869565217391305,0.41304347826086957,100000
third_place,Austria,Senegal,45,0.00045,25,20,0.5555555555555556,0.4444444444444444,100000
third_place,Belgium,Scotland,45,0.00045,36,9,0.8,0.2,100000
third_place,England,Panama,45,0.00045,27,18,0.6,0.4,100000
third_place,Ivory Coast,Spain,45,0.00045,5,40,0.1111111111111111,0.8888888888888888,100000
third_place,Norway,Scotland,45,0.00045,32,13,0.7111111111111111,0.28888888888888886,100000
third_place,Sweden,United States,45,0.00045,15,30,0.3333333333333333,0.6666666666666666,100000
third_place,Algeria,Switzerland,44,0.00044,19,25,0.4318181818181818,0.5681818181818182,100000
third_place,Belgium,Uruguay,44,0.00044,30,14,0.6818181818181818,0.3181818181818182,100000
third_place,Germany,Scotland,44,0.00044,36,8,0.8181818181818182,0.18181818181818182,100000
third_place,Algeria,Austria,43,0.00043,26,17,0.6046511627906976,0.3953488372093023,100000
third_place,Australia,Scotland,43,0.00043,28,15,0.6511627906976745,0.3488372093023256,100000
third_place,Austria,Sweden,43,0.00043,30,13,0.6976744186046512,0.3023255813953488,100000
third_place,Japan,Paraguay,43,0.00043,27,16,0.627906976744186,0.37209302325581395,100000
third_place,Paraguay,United States,43,0.00043,28,15,0.6511627906976745,0.3488372093023256,100000
third_place,Belgium,Ecuador,42,0.00042,20,22,0.47619047619047616,0.5238095238095238,100000
third_place,France,Turkey,42,0.00042,35,7,0.8333333333333334,0.16666666666666666,100000
third_place,Germany,Panama,42,0.00042,26,16,0.6190476190476191,0.38095238095238093,100000
third_place,Ghana,Norway,42,0.00042,11,31,0.2619047619047619,0.7380952380952381,100000
third_place,Ivory Coast,Uruguay,42,0.00042,16,26,0.38095238095238093,0.6190476190476191,100000
third_place,Croatia,Switzerland,41,0.00041,17,24,0.4146341463414634,0.5853658536585366,100000
third_place,Germany,South Korea,40,0.0004,25,15,0.625,0.375,100000
third_place,Sweden,Uruguay,40,0.0004,13,27,0.325,0.675,100000
third_place,Australia,Ghana,39,0.00039,28,11,0.717948717948718,0.28205128205128205,100000
third_place,Brazil,Panama,39,0.00039,30,9,0.7692307692307693,0.23076923076923078,100000
third_place,Belgium,Ivory Coast,38,0.00038,22,16,0.5789473684210527,0.42105263157894735,100000
third_place,Croatia,Egypt,38,0.00038,30,8,0.7894736842105263,0.21052631578947367,100000
third_place,Norway,Uzbekistan,38,0.00038,20,18,0.5263157894736842,0.47368421052631576,100000
third_place,Austria,DR Congo,37,0.00037,29,8,0.7837837837837838,0.21621621621621623,100000
third_place,Czechia,United States,37,0.00037,16,21,0.43243243243243246,0.5675675675675675,100000
third_place,DR Congo,England,37,0.00037,5,32,0.13513513513513514,0.8648648648648649,100000
third_place,England,Iraq,37,0.00037,36,1,0.972972972972973,0.02702702702702703,100000
third_place,Jordan,United States,37,0.00037,12,25,0.32432432432432434,0.6756756756756757,100000
third_place,Brazil,DR Congo,36,0.00036,28,8,0.7777777777777778,0.2222222222222222,100000
third_place,England,Switzerland,36,0.00036,27,9,0.75,0.25,100000
third_place,Germany,Iran,36,0.00036,24,12,0.6666666666666666,0.3333333333333333,100000
third_place,Norway,Panama,36,0.00036,20,16,0.5555555555555556,0.4444444444444444,100000
third_place,Australia,Austria,35,0.00035,18,17,0.5142857142857142,0.4857142857142857,100000
third_place,Australia,Paraguay,35,0.00035,24,11,0.6857142857142857,0.3142857142857143,100000
third_place,Australia,United States,35,0.00035,23,12,0.6571428571428571,0.34285714285714286,100000
third_place,Austria,Scotland,35,0.00035,24,11,0.6857142857142857,0.3142857142857143,100000
third_place,Belgium,Sweden,35,0.00035,27,8,0.7714285714285715,0.22857142857142856,100000
third_place,Egypt,Germany,35,0.00035,9,26,0.2571428571428571,0.7428571428571429,100000
third_place,Brazil,Ghana,34,0.00034,27,7,0.7941176470588235,0.20588235294117646,100000
third_place,Croatia,Iran,34,0.00034,22,12,0.6470588235294118,0.35294117647058826,100000
third_place,Ivory Coast,Panama,34,0.00034,15,19,0.4411764705882353,0.5588235294117647,100000
third_place,Australia,Senegal,33,0.00033,10,23,0.30303030303030304,0.696969696969697,100000
third_place,France,New Zealand,33,0.00033,28,5,0.8484848484848485,0.15151515151515152,100000
third_place,Algeria,Croatia,32,0.00032,16,16,0.5,0.5,100000
third_place,Australia,Uzbekistan,32,0.00032,23,9,0.71875,0.28125,100000
third_place,Belgium,Uzbekistan,32,0.00032,19,13,0.59375,0.40625,100000
third_place,Brazil,Iraq,32,0.00032,27,5,0.84375,0.15625,100000
third_place,DR Congo,Ivory Coast,32,0.00032,15,17,0.46875,0.53125,100000
third_place,England,Germany,32,0.00032,16,16,0.5,0.5,100000
third_place,Jordan,Morocco,32,0.00032,10,22,0.3125,0.6875,100000
third_place,Sweden,Uzbekistan,32,0.00032,13,19,0.40625,0.59375,100000
third_place,Brazil,Jordan,31,0.00031,26,5,0.8387096774193549,0.16129032258064516,100000
third_place,Ivory Coast,Uzbekistan,31,0.00031,23,8,0.7419354838709677,0.25806451612903225,100000
third_place,Algeria,Belgium,30,0.0003,8,22,0.26666666666666666,0.7333333333333333,100000
third_place,Bosnia and Herzegovina,France,30,0.0003,3,27,0.1,0.9,100000
third_place,DR Congo,Portugal,30,0.0003,11,19,0.36666666666666664,0.6333333333333333,100000
third_place,Ecuador,Scotland,30,0.0003,24,6,0.8,0.2,100000
third_place,Iraq,Netherlands,30,0.0003,8,22,0.26666666666666666,0.7333333333333333,100000
third_place,Ivory Coast,Senegal,30,0.0003,18,12,0.6,0.4,100000
third_place,Japan,Jordan,30,0.0003,27,3,0.9,0.1,100000
third_place,Jordan,Netherlands,30,0.0003,4,26,0.13333333333333333,0.8666666666666667,100000
third_place,Scotland,Senegal,30,0.0003,12,18,0.4,0.6,100000
third_place,Scotland,Sweden,30,0.0003,14,16,0.4666666666666667,0.5333333333333333,100000
third_place,Senegal,Sweden,30,0.0003,21,9,0.7,0.3,100000
third_place,Australia,Panama,29,0.00029,15,14,0.5172413793103449,0.4827586206896552,100000
third_place,Austria,Jordan,29,0.00029,12,17,0.41379310344827586,0.5862068965517241,100000
third_place,Colombia,Jordan,29,0.00029,22,7,0.7586206896551724,0.2413793103448276,100000
third_place,Croatia,Scotland,29,0.00029,20,9,0.6896551724137931,0.3103448275862069,100000
third_place,DR Congo,Senegal,29,0.00029,9,20,0.3103448275862069,0.6896551724137931,100000
third_place,Germany,Jordan,29,0.00029,24,5,0.8275862068965517,0.1724137931034483,100000
third_place,Ghana,Ivory Coast,29,0.00029,12,17,0.41379310344827586,0.5862068965517241,100000
third_place,Jordan,Spain,29,0.00029,4,25,0.13793103448275862,0.8620689655172413,100000
third_place,Panama,Senegal,29,0.00029,12,17,0.41379310344827586,0.5862068965517241,100000
third_place,Algeria,Australia,28,0.00028,10,18,0.35714285714285715,0.6428571428571429,100000
third_place,Brazil,New Zealand,28,0.00028,22,6,0.7857142857142857,0.21428571428571427,100000
third_place,Ecuador,Uruguay,28,0.00028,16,12,0.5714285714285714,0.42857142857142855,100000
third_place,Ghana,Portugal,28,0.00028,0,28,0.0,1.0,100000
third_place,Panama,Portugal,28,0.00028,7,21,0.25,0.75,100000
third_place,Croatia,South Korea,27,0.00027,20,7,0.7407407407407407,0.25925925925925924,100000
third_place,Ecuador,Spain,27,0.00027,7,20,0.25925925925925924,0.7407407407407407,100000
third_place,England,Uzbekistan,27,0.00027,22,5,0.8148148148148148,0.18518518518518517,100000
third_place,Paraguay,South Korea,27,0.00027,7,20,0.25925925925925924,0.7407407407407407,100000
third_place,Scotland,Uruguay,27,0.00027,6,21,0.2222222222222222,0.7777777777777778,100000
third_place,Algeria,Sweden,26,0.00026,14,12,0.5384615384615384,0.46153846153846156,100000
third_place,Austria,Panama,26,0.00026,15,11,0.5769230769230769,0.4230769230769231,100000
third_place,Austria,Uzbekistan,26,0.00026,20,6,0.7692307692307693,0.23076923076923078,100000
third_place,Bosnia and Herzegovina,England,26,0.00026,1,25,0.038461538461538464,0.9615384615384616,100000
third_place,Colombia,Czechia,26,0.00026,22,4,0.8461538461538461,0.15384615384615385,100000
third_place,Czechia,Netherlands,26,0.00026,6,20,0.23076923076923078,0.7692307692307693,100000
third_place,Egypt,Paraguay,26,0.00026,16,10,0.6153846153846154,0.38461538461538464,100000
third_place,England,Jordan,26,0.00026,22,4,0.8461538461538461,0.15384615384615385,100000
third_place,England,New Zealand,26,0.00026,21,5,0.8076923076923077,0.19230769230769232,100000
third_place,England,Turkey,26,0.00026,19,7,0.7307692307692307,0.2692307692307692,100000
third_place,Germany,New Zealand,26,0.00026,22,4,0.8461538461538461,0.15384615384615385,100000
third_place,Ivory Coast,Scotland,26,0.00026,13,13,0.5,0.5,100000
third_place,Paraguay,Uruguay,26,0.00026,8,18,0.3076923076923077,0.6923076923076923,100000
third_place,Algeria,Egypt,25,0.00025,16,9,0.64,0.36,100000
third_place,Austria,Ivory Coast,25,0.00025,15,10,0.6,0.4,100000
third_place,Belgium,Paraguay,25,0.00025,17,8,0.68,0.32,100000
third_place,Brazil,Uzbekistan,25,0.00025,19,6,0.76,0.24,100000
third_place,Czechia,Japan,25,0.00025,4,21,0.16,0.84,100000
third_place,DR Congo,Sweden,25,0.00025,5,20,0.2,0.8,100000
third_place,France,Saudi Arabia,25,0.00025,22,3,0.88,0.12,100000
third_place,Iran,Paraguay,25,0.00025,11,14,0.44,0.56,100000
third_place,Paraguay,Senegal,25,0.00025,15,10,0.6,0.4,100000
third_place,Algeria,Ecuador,24,0.00024,12,12,0.5,0.5,100000
third_place,Australia,DR Congo,24,0.00024,15,9,0.625,0.375,100000
third_place,Austria,Paraguay,24,0.00024,15,9,0.625,0.375,100000
third_place,Belgium,DR Congo,24,0.00024,20,4,0.8333333333333334,0.16666666666666666,100000
third_place,Canada,South Korea,24,0.00024,10,14,0.4166666666666667,0.5833333333333334,100000
third_place,Cape Verde,England,24,0.00024,4,20,0.16666666666666666,0.8333333333333334,100000
third_place,Cape Verde,France,24,0.00024,4,20,0.16666666666666666,0.8333333333333334,100000
third_place,Colombia,Turkey,24,0.00024,16,8,0.6666666666666666,0.3333333333333333,100000
third_place,Ecuador,Panama,24,0.00024,16,8,0.6666666666666666,0.3333333333333333,100000
third_place,Ecuador,Senegal,24,0.00024,14,10,0.5833333333333334,0.4166666666666667,100000
third_place,Paraguay,Sweden,24,0.00024,11,13,0.4583333333333333,0.5416666666666666,100000
third_place,Algeria,Canada,23,0.00023,15,8,0.6521739130434783,0.34782608695652173,100000
third_place,Argentina,Ivory Coast,23,0.00023,18,5,0.782608695652174,0.21739130434782608,100000
third_place,Australia,Sweden,23,0.00023,14,9,0.6086956521739131,0.391304347826087,100000
third_place,Belgium,Panama,23,0.00023,18,5,0.782608695652174,0.21739130434782608,100000
third_place,Canada,Scotland,23,0.00023,14,9,0.6086956521739131,0.391304347826087,100000
third_place,Czechia,Mexico,23,0.00023,10,13,0.43478260869565216,0.5652173913043478,100000
third_place,DR Congo,Germany,23,0.00023,5,18,0.21739130434782608,0.782608695652174,100000
third_place,Ecuador,Ghana,23,0.00023,16,7,0.6956521739130435,0.30434782608695654,100000
third_place,Ecuador,Uzbekistan,23,0.00023,17,6,0.7391304347826086,0.2608695652173913,100000
third_place,Egypt,South Korea,23,0.00023,8,15,0.34782608695652173,0.6521739130434783,100000
third_place,England,Saudi Arabia,23,0.00023,21,2,0.9130434782608695,0.08695652173913043,100000
third_place,Mexico,Turkey,23,0.00023,14,9,0.6086956521739131,0.391304347826087,100000
third_place,Scotland,Switzerland,23,0.00023,5,18,0.21739130434782608,0.782608695652174,100000
third_place,Algeria,Iran,22,0.00022,8,14,0.36363636363636365,0.6363636363636364,100000
third_place,Algeria,Senegal,22,0.00022,6,16,0.2727272727272727,0.7272727272727273,100000
third_place,Argentina,Ecuador,22,0.00022,19,3,0.8636363636363636,0.13636363636363635,100000
third_place,Canada,Croatia,22,0.00022,9,13,0.4090909090909091,0.5909090909090909,100000
third_place,Egypt,Iran,22,0.00022,14,8,0.6363636363636364,0.36363636363636365,100000
third_place,Germany,Uzbekistan,22,0.00022,20,2,0.9090909090909091,0.09090909090909091,100000
third_place,Panama,Sweden,22,0.00022,10,12,0.45454545454545453,0.5454545454545454,100000
third_place,Scotland,South Korea,22,0.00022,15,7,0.6818181818181818,0.3181818181818182,100000
third_place,Senegal,Uzbekistan,22,0.00022,12,10,0.5454545454545454,0.45454545454545453,100000
third_place,Uruguay,Uzbekistan,22,0.00022,16,6,0.7272727272727273,0.2727272727272727,100000
third_place,Austria,Ecuador,21,0.00021,9,12,0.42857142857142855,0.5714285714285714,100000
third_place,Belgium,Ghana,21,0.00021,15,6,0.7142857142857143,0.2857142857142857,100000
third_place,Brazil,Turkey,21,0.00021,15,6,0.7142857142857143,0.2857142857142857,100000
third_place,DR Congo,Ecuador,21,0.00021,5,16,0.23809523809523808,0.7619047619047619,100000
third_place,Ghana,Sweden,21,0.00021,4,17,0.19047619047619047,0.8095238095238095,100000
third_place,Iraq,Switzerland,21,0.00021,8,13,0.38095238095238093,0.6190476190476191,100000
third_place,Jordan,Norway,21,0.00021,9,12,0.42857142857142855,0.5714285714285714,100000
third_place,Portugal,Uzbekistan,21,0.00021,11,10,0.5238095238095238,0.47619047619047616,100000
third_place,Argentina,Turkey,20,0.0002,15,5,0.75,0.25,100000
third_place,Canada,Egypt,20,0.0002,12,8,0.6,0.4,100000
third_place,Cape Verde,Spain,20,0.0002,1,19,0.05,0.95,100000
third_place,Colombia,Iraq,20,0.0002,20,0,1.0,0.0,100000
third_place,Ecuador,Sweden,20,0.0002,14,6,0.7,0.3,100000
third_place,France,Iraq,20,0.0002,16,4,0.8,0.2,100000
third_place,Iraq,Morocco,20,0.0002,6,14,0.3,0.7,100000
third_place,Mexico,South Africa,20,0.0002,10,10,0.5,0.5,100000
third_place,South Korea,Switzerland,20,0.0002,11,9,0.55,0.45,100000
third_place,Argentina,New Zealand,19,0.00019,17,2,0.8947368421052632,0.10526315789473684,100000
third_place,Austria,Ghana,19,0.00019,15,4,0.7894736842105263,0.21052631578947367,100000
third_place,Cape Verde,Germany,19,0.00019,3,16,0.15789473684210525,0.8421052631578947,100000
third_place,Czechia,Morocco,19,0.00019,4,15,0.21052631578947367,0.7894736842105263,100000
third_place,France,South Africa,19,0.00019,17,2,0.8947368421052632,0.10526315789473684,100000
third_place,Iraq,Portugal,19,0.00019,4,15,0.21052631578947367,0.7894736842105263,100000
third_place,Netherlands,Turkey,19,0.00019,9,10,0.47368421052631576,0.5263157894736842,100000
third_place,Portugal,Turkey,19,0.00019,11,8,0.5789473684210527,0.42105263157894735,100000
third_place,Algeria,South Korea,18,0.00018,9,9,0.5,0.5,100000
third_place,Ecuador,Paraguay,18,0.00018,14,4,0.7777777777777778,0.2222222222222222,100000
third_place,Egypt,Switzerland,18,0.00018,9,9,0.5,0.5,100000
third_place,Germany,Saudi Arabia,18,0.00018,17,1,0.9444444444444444,0.05555555555555555,100000
third_place,Ghana,Senegal,18,0.00018,3,15,0.16666666666666666,0.8333333333333334,100000
third_place,Bosnia and Herzegovina,Netherlands,17,0.00017,2,15,0.11764705882352941,0.8823529411764706,100000
third_place,Brazil,Cape Verde,17,0.00017,15,2,0.8823529411764706,0.11764705882352941,100000
third_place,Cape Verde,Mexico,17,0.00017,4,13,0.23529411764705882,0.7647058823529411,100000
third_place,Croatia,DR Congo,17,0.00017,14,3,0.8235294117647058,0.17647058823529413,100000
third_place,Curaçao,France,17,0.00017,0,17,0.0,1.0,100000
third_place,Iran,Switzerland,17,0.00017,11,6,0.6470588235294118,0.35294117647058826,100000
third_place,Mexico,New Zealand,17,0.00017,13,4,0.7647058823529411,0.23529411764705882,100000
third_place,New Zealand,United States,17,0.00017,4,13,0.23529411764705882,0.7647058823529411,100000
third_place,Algeria,Scotland,16,0.00016,11,5,0.6875,0.3125,100000
third_place,Australia,Jordan,16,0.00016,12,4,0.75,0.25,100000
third_place,Cape Verde,Netherlands,16,0.00016,2,14,0.125,0.875,100000
third_place,DR Congo,Uruguay,16,0.00016,7,9,0.4375,0.5625,100000
third_place,Iraq,Mexico,16,0.00016,5,11,0.3125,0.6875,100000
third_place,Ivory Coast,Mexico,16,0.00016,10,6,0.625,0.375,100000
third_place,Japan,Turkey,16,0.00016,13,3,0.8125,0.1875,100000
third_place,Jordan,Portugal,16,0.00016,4,12,0.25,0.75,100000
third_place,Netherlands,South Africa,16,0.00016,15,1,0.9375,0.0625,100000
third_place,South Africa,Spain,16,0.00016,0,16,0.0,1.0,100000
third_place,Argentina,Saudi Arabia,15,0.00015,13,2,0.8666666666666667,0.13333333333333333,100000
third_place,Bosnia and Herzegovina,Brazil,15,0.00015,2,13,0.13333333333333333,0.8666666666666667,100000
third_place,Brazil,Czechia,15,0.00015,13,2,0.8666666666666667,0.13333333333333333,100000
third_place,Canada,Iraq,15,0.00015,10,5,0.6666666666666666,0.3333333333333333,100000
third_place,France,Qatar,15,0.00015,14,1,0.9333333333333333,0.06666666666666667,100000
third_place,Iran,South Korea,15,0.00015,8,7,0.5333333333333333,0.4666666666666667,100000
third_place,Iraq,Japan,15,0.00015,3,12,0.2,0.8,100000
third_place,Iraq,Spain,15,0.00015,2,13,0.13333333333333333,0.8666666666666667,100000
third_place,Ivory Coast,Sweden,15,0.00015,10,5,0.6666666666666666,0.3333333333333333,100000
third_place,Japan,New Zealand,15,0.00015,11,4,0.7333333333333333,0.26666666666666666,100000
third_place,Mexico,Saudi Arabia,15,0.00015,12,3,0.8,0.2,100000
third_place,Argentina,Cape Verde,14,0.00014,14,0,1.0,0.0,100000
third_place,Bosnia and Herzegovina,Mexico,14,0.00014,2,12,0.14285714285714285,0.8571428571428571,100000
third_place,Brazil,Saudi Arabia,14,0.00014,14,0,1.0,0.0,100000
third_place,Canada,England,14,0.00014,4,10,0.2857142857142857,0.7142857142857143,100000
third_place,Cape Verde,Japan,14,0.00014,3,11,0.21428571428571427,0.7857142857142857,100000
third_place,Germany,Turkey,14,0.00014,8,6,0.5714285714285714,0.42857142857142855,100000
third_place,Netherlands,Saudi Arabia,14,0.00014,13,1,0.9285714285714286,0.07142857142857142,100000
third_place,Panama,Paraguay,14,0.00014,8,6,0.5714285714285714,0.42857142857142855,100000
third_place,Panama,Switzerland,14,0.00014,4,10,0.2857142857142857,0.7142857142857143,100000
third_place,Paraguay,Scotland,14,0.00014,6,8,0.42857142857142855,0.5714285714285714,100000
third_place,South Africa,United States,14,0.00014,3,11,0.21428571428571427,0.7857142857142857,100000
third_place,Bosnia and Herzegovina,Colombia,13,0.00013,1,12,0.07692307692307693,0.9230769230769231,100000
third_place,Bosnia and Herzegovina,Germany,13,0.00013,2,11,0.15384615384615385,0.8461538461538461,100000
third_place,Cape Verde,Colombia,13,0.00013,1,12,0.07692307692307693,0.9230769230769231,100000
third_place,Cape Verde,Norway,13,0.00013,3,10,0.23076923076923078,0.7692307692307693,100000
third_place,Croatia,Turkey,13,0.00013,4,9,0.3076923076923077,0.6923076923076923,100000
third_place,Ecuador,Mexico,13,0.00013,7,6,0.5384615384615384,0.46153846153846156,100000
third_place,Iran,Scotland,13,0.00013,8,5,0.6153846153846154,0.38461538461538464,100000
third_place,Iraq,Norway,13,0.00013,4,9,0.3076923076923077,0.6923076923076923,100000
third_place,Morocco,New Zealand,13,0.00013,11,2,0.8461538461538461,0.15384615384615385,100000
third_place,Morocco,Saudi Arabia,13,0.00013,10,3,0.7692307692307693,0.23076923076923078,100000
third_place,Netherlands,New Zealand,13,0.00013,9,4,0.6923076923076923,0.3076923076923077,100000
third_place,New Zealand,Spain,13,0.00013,0,13,0.0,1.0,100000
third_place,Norway,Turkey,13,0.00013,7,6,0.5384615384615384,0.46153846153846156,100000
third_place,Panama,Scotland,13,0.00013,7,6,0.5384615384615384,0.46153846153846156,100000
third_place,Turkey,United States,13,0.00013,3,10,0.23076923076923078,0.7692307692307693,100000
third_place,Argentina,Bosnia and Herzegovina,12,0.00012,12,0,1.0,0.0,100000
third_place,Argentina,South Africa,12,0.00012,11,1,0.9166666666666666,0.08333333333333333,100000
third_place,Australia,Ivory Coast,12,0.00012,7,5,0.5833333333333334,0.4166666666666667,100000
third_place,Bosnia and Herzegovina,Japan,12,0.00012,4,8,0.3333333333333333,0.6666666666666666,100000
third_place,Bosnia and Herzegovina,Spain,12,0.00012,1,11,0.08333333333333333,0.9166666666666666,100000
third_place,Canada,Iran,12,0.00012,8,4,0.6666666666666666,0.3333333333333333,100000
third_place,Colombia,Saudi Arabia,12,0.00012,10,2,0.8333333333333334,0.16666666666666666,100000
third_place,Croatia,Iraq,12,0.00012,11,1,0.9166666666666666,0.08333333333333333,100000
third_place,Curaçao,Germany,12,0.00012,5,7,0.4166666666666667,0.5833333333333334,100000
third_place,Czechia,Sweden,12,0.00012,5,7,0.4166666666666667,0.5833333333333334,100000
third_place,Ghana,Uruguay,12,0.00012,2,10,0.16666666666666666,0.8333333333333334,100000
third_place,Iraq,United States,12,0.00012,3,9,0.25,0.75,100000
third_place,Jordan,Sweden,12,0.00012,4,8,0.3333333333333333,0.6666666666666666,100000
third_place,Jordan,Switzerland,12,0.00012,2,10,0.16666666666666666,0.8333333333333334,100000
third_place,New Zealand,Norway,12,0.00012,3,9,0.25,0.75,100000
third_place,Panama,Uruguay,12,0.00012,9,3,0.75,0.25,100000
third_place,Portugal,Saudi Arabia,12,0.00012,11,1,0.9166666666666666,0.08333333333333333,100000
third_place,Spain,Turkey,12,0.00012,9,3,0.75,0.25,100000
third_place,Algeria,Uruguay,11,0.00011,3,8,0.2727272727272727,0.7272727272727273,100000
third_place,Australia,Czechia,11,0.00011,6,5,0.5454545454545454,0.45454545454545453,100000
third_place,Australia,Ecuador,11,0.00011,4,7,0.36363636363636365,0.6363636363636364,100000
third_place,Canada,Saudi Arabia,11,0.00011,9,2,0.8181818181818182,0.18181818181818182,100000
third_place,Cape Verde,Morocco,11,0.00011,1,10,0.09090909090909091,0.9090909090909091,100000
third_place,Colombia,New Zealand,11,0.00011,10,1,0.9090909090909091,0.09090909090909091,100000
third_place,Croatia,Panama,11,0.00011,4,7,0.36363636363636365,0.6363636363636364,100000
third_place,Croatia,Saudi Arabia,11,0.00011,8,3,0.7272727272727273,0.2727272727272727,100000
third_place,Czechia,Ivory Coast,11,0.00011,7,4,0.6363636363636364,0.36363636363636365,100000
third_place,DR Congo,Switzerland,11,0.00011,3,8,0.2727272727272727,0.7272727272727273,100000
third_place,Egypt,Turkey,11,0.00011,5,6,0.45454545454545453,0.5454545454545454,100000
third_place,Iran,Iraq,11,0.00011,10,1,0.9090909090909091,0.09090909090909091,100000
third_place,Morocco,Turkey,11,0.00011,7,4,0.6363636363636364,0.36363636363636365,100000
third_place,New Zealand,Switzerland,11,0.00011,3,8,0.2727272727272727,0.7272727272727273,100000
third_place,Norway,South Africa,11,0.00011,6,5,0.5454545454545454,0.45454545454545453,100000
third_place,Scotland,Uzbekistan,11,0.00011,6,5,0.5454545454545454,0.45454545454545453,100000
third_place,South Korea,Turkey,11,0.00011,6,5,0.5454545454545454,0.45454545454545453,100000
third_place,Algeria,DR Congo,10,0.0001,6,4,0.6,0.4,100000
third_place,Algeria,Paraguay,10,0.0001,3,7,0.3,0.7,100000
third_place,Austria,Turkey,10,0.0001,6,4,0.6,0.4,100000
third_place,Belgium,Czechia,10,0.0001,5,5,0.5,0.5,100000
third_place,Canada,Uzbekistan,10,0.0001,6,4,0.6,0.4,100000
third_place,Cape Verde,Portugal,10,0.0001,2,8,0.2,0.8,100000
third_place,Cape Verde,Switzerland,10,0.0001,3,7,0.3,0.7,100000
third_place,Cape Verde,United States,10,0.0001,4,6,0.4,0.6,100000
third_place,Croatia,Ghana,10,0.0001,7,3,0.7,0.3,100000
third_place,Croatia,Uzbekistan,10,0.0001,7,3,0.7,0.3,100000
third_place,Curaçao,England,10,0.0001,1,9,0.1,0.9,100000
third_place,England,Qatar,10,0.0001,8,2,0.8,0.2,100000
third_place,Iran,Panama,10,0.0001,5,5,0.5,0.5,100000
third_place,Paraguay,Uzbekistan,10,0.0001,4,6,0.4,0.6,100000
third_place,Saudi Arabia,Spain,10,0.0001,2,8,0.2,0.8,100000
third_place,Switzerland,Turkey,10,0.0001,6,4,0.6,0.4,100000
third_place,Canada,Jordan,9,9e-05,8,1,0.8888888888888888,0.1111111111111111,100000
third_place,Canada,Panama,9,9e-05,8,1,0.8888888888888888,0.1111111111111111,100000
third_place,Canada,Turkey,9,9e-05,4,5,0.4444444444444444,0.5555555555555556,100000
third_place,Czechia,Ecuador,9,9e-05,2,7,0.2222222222222222,0.7777777777777778,100000
third_place,Czechia,Norway,9,9e-05,3,6,0.3333333333333333,0.6666666666666666,100000
third_place,Czechia,Portugal,9,9e-05,3,6,0.3333333333333333,0.6666666666666666,100000
third_place,Egypt,Iraq,9,9e-05,3,6,0.3333333333333333,0.6666666666666666,100000
third_place,Egypt,New Zealand,9,9e-05,2,7,0.2222222222222222,0.7777777777777778,100000
third_place,Egypt,Scotland,9,9e-05,2,7,0.2222222222222222,0.7777777777777778,100000
third_place,England,Ghana,9,9e-05,6,3,0.6666666666666666,0.3333333333333333,100000
third_place,Iraq,Scotland,9,9e-05,4,5,0.4444444444444444,0.5555555555555556,100000
third_place,Iraq,South Korea,9,9e-05,1,8,0.1111111111111111,0.8888888888888888,100000
third_place,Ivory Coast,Paraguay,9,9e-05,7,2,0.7777777777777778,0.2222222222222222,100000
third_place,Jordan,South Korea,9,9e-05,3,6,0.3333333333333333,0.6666666666666666,100000
third_place,Jordan,Uruguay,9,9e-05,3,6,0.3333333333333333,0.6666666666666666,100000
third_place,New Zealand,Portugal,9,9e-05,0,9,0.0,1.0,100000
third_place,Qatar,Switzerland,9,9e-05,3,6,0.3333333333333333,0.6666666666666666,100000
third_place,Saudi Arabia,Switzerland,9,9e-05,2,7,0.2222222222222222,0.7777777777777778,100000
third_place,Saudi Arabia,United States,9,9e-05,2,7,0.2222222222222222,0.7777777777777778,100000
third_place,South Korea,Uzbekistan,9,9e-05,5,4,0.5555555555555556,0.4444444444444444,100000
third_place,Switzerland,Uzbekistan,9,9e-05,8,1,0.8888888888888888,0.1111111111111111,100000
third_place,Algeria,Uzbekistan,8,8e-05,4,4,0.5,0.5,100000
third_place,Argentina,Iraq,8,8e-05,7,1,0.875,0.125,100000
third_place,Austria,Bosnia and Herzegovina,8,8e-05,6,2,0.75,0.25,100000
third_place,Austria,Saudi Arabia,8,8e-05,3,5,0.375,0.625,100000
third_place,Bosnia and Herzegovina,Morocco,8,8e-05,1,7,0.125,0.875,100000
third_place,Bosnia and Herzegovina,Norway,8,8e-05,4,4,0.5,0.5,100000
third_place,Bosnia and Herzegovina,United States,8,8e-05,3,5,0.375,0.625,100000
third_place,Brazil,South Africa,8,8e-05,7,1,0.875,0.125,100000
third_place,Cape Verde,South Korea,8,8e-05,3,5,0.375,0.625,100000
third_place,Czechia,Uruguay,8,8e-05,1,7,0.125,0.875,100000
third_place,DR Congo,Egypt,8,8e-05,6,2,0.75,0.25,100000
third_place,DR Congo,South Korea,8,8e-05,2,6,0.25,0.75,100000
third_place,Egypt,Jordan,8,8e-05,4,4,0.5,0.5,100000
third_place,Egypt,Panama,8,8e-05,4,4,0.5,0.5,100000
third_place,Egypt,Saudi Arabia,8,8e-05,5,3,0.625,0.375,100000
third_place,Iraq,Uzbekistan,8,8e-05,3,5,0.375,0.625,100000
third_place,Panama,South Korea,8,8e-05,3,5,0.375,0.625,100000
third_place,Algeria,Ghana,7,7e-05,4,3,0.5714285714285714,0.42857142857142855,100000
third_place,Australia,Iraq,7,7e-05,5,2,0.7142857142857143,0.2857142857142857,100000
third_place,Australia,Turkey,7,7e-05,3,4,0.42857142857142855,0.5714285714285714,100000
third_place,Austria,Czechia,7,7e-05,5,2,0.7142857142857143,0.2857142857142857,100000
third_place,Austria,Iraq,7,7e-05,4,3,0.5714285714285714,0.42857142857142855,100000
third_place,Austria,New Zealand,7,7e-05,4,3,0.5714285714285714,0.42857142857142855,100000
third_place,Belgium,Turkey,7,7e-05,2,5,0.2857142857142857,0.7142857142857143,100000
third_place,Cape Verde,Croatia,7,7e-05,1,6,0.14285714285714285,0.8571428571428571,100000
third_place,Cape Verde,Egypt,7,7e-05,4,3,0.5714285714285714,0.42857142857142855,100000
third_place,Colombia,Qatar,7,7e-05,6,1,0.8571428571428571,0.14285714285714285,100000
third_place,Croatia,Jordan,7,7e-05,7,0,1.0,0.0,100000
third_place,Czechia,South Korea,7,7e-05,2,5,0.2857142857142857,0.7142857142857143,100000
third_place,Ecuador,Jordan,7,7e-05,6,1,0.8571428571428571,0.14285714285714285,100000
third_place,Egypt,Uzbekistan,7,7e-05,3,4,0.42857142857142855,0.5714285714285714,100000
third_place,Ghana,Paraguay,7,7e-05,3,4,0.42857142857142855,0.5714285714285714,100000
third_place,Ivory Coast,Turkey,7,7e-05,3,4,0.42857142857142855,0.5714285714285714,100000
third_place,Japan,Saudi Arabia,7,7e-05,5,2,0.7142857142857143,0.2857142857142857,100000
third_place,Japan,South Africa,7,7e-05,5,2,0.7142857142857143,0.2857142857142857,100000
third_place,Jordan,Scotland,7,7e-05,4,3,0.5714285714285714,0.42857142857142855,100000
third_place,Jordan,Senegal,7,7e-05,3,4,0.42857142857142855,0.5714285714285714,100000
third_place,Norway,Saudi Arabia,7,7e-05,5,2,0.7142857142857143,0.2857142857142857,100000
third_place,Panama,Turkey,7,7e-05,2,5,0.2857142857142857,0.7142857142857143,100000
third_place,Saudi Arabia,South Korea,7,7e-05,0,7,0.0,1.0,100000
third_place,Belgium,Jordan,6,6e-05,3,3,0.5,0.5,100000
third_place,Bosnia and Herzegovina,Canada,6,6e-05,2,4,0.3333333333333333,0.6666666666666666,100000
third_place,Bosnia and Herzegovina,Croatia,6,6e-05,0,6,0.0,1.0,100000
third_place,Brazil,Curaçao,6,6e-05,5,1,0.8333333333333334,0.16666666666666666,100000
third_place,Brazil,Qatar,6,6e-05,5,1,0.8333333333333334,0.16666666666666666,100000
third_place,Canada,Cape Verde,6,6e-05,5,1,0.8333333333333334,0.16666666666666666,100000
third_place,DR Congo,Paraguay,6,6e-05,2,4,0.3333333333333333,0.6666666666666666,100000
third_place,DR Congo,Scotland,6,6e-05,4,2,0.6666666666666666,0.3333333333333333,100000
third_place,DR Congo,Turkey,6,6e-05,0,6,0.0,1.0,100000
third_place,Ghana,Iran,6,6e-05,0,6,0.0,1.0,100000
third_place,Ghana,New Zealand,6,6e-05,3,3,0.5,0.5,100000
third_place,Ghana,South Korea,6,6e-05,2,4,0.3333333333333333,0.6666666666666666,100000
third_place,Iraq,Uruguay,6,6e-05,1,5,0.16666666666666666,0.8333333333333334,100000
third_place,Mexico,Qatar,6,6e-05,5,1,0.8333333333333334,0.16666666666666666,100000
third_place,New Zealand,Senegal,6,6e-05,4,2,0.6666666666666666,0.3333333333333333,100000
third_place,Sweden,Turkey,6,6e-05,3,3,0.5,0.5,100000
third_place,Turkey,Uruguay,6,6e-05,4,2,0.6666666666666666,0.3333333333333333,100000
third_place,Australia,Cape Verde,5,5e-05,4,1,0.8,0.2,100000
third_place,Belgium,Bosnia and Herzegovina,5,5e-05,5,0,1.0,0.0,100000
third_place,Belgium,Cape Verde,5,5e-05,4,1,0.8,0.2,100000
third_place,Belgium,Iraq,5,5e-05,2,3,0.4,0.6,100000
third_place,Belgium,Saudi Arabia,5,5e-05,5,0,1.0,0.0,100000
third_place,Belgium,South Africa,5,5e-05,4,1,0.8,0.2,100000
third_place,Bosnia and Herzegovina,Paraguay,5,5e-05,2,3,0.4,0.6,100000
third_place,Bosnia and Herzegovina,Portugal,5,5e-05,1,4,0.2,0.8,100000
third_place,Bosnia and Herzegovina,Uruguay,5,5e-05,1,4,0.2,0.8,100000
third_place,Canada,DR Congo,5,5e-05,4,1,0.8,0.2,100000
third_place,Colombia,South Africa,5,5e-05,4,1,0.8,0.2,100000
third_place,Croatia,Curaçao,5,5e-05,5,0,1.0,0.0,100000
third_place,Czechia,Senegal,5,5e-05,1,4,0.2,0.8,100000
third_place,DR Congo,Iran,5,5e-05,2,3,0.4,0.6,100000
third_place,DR Congo,Panama,5,5e-05,1,4,0.2,0.8,100000
third_place,Ecuador,New Zealand,5,5e-05,4,1,0.8,0.2,100000
third_place,Ecuador,Saudi Arabia,5,5e-05,2,3,0.4,0.6,100000
third_place,Ecuador,South Africa,5,5e-05,5,0,1.0,0.0,100000
third_place,Ecuador,Turkey,5,5e-05,4,1,0.8,0.2,100000
third_place,Germany,Qatar,5,5e-05,5,0,1.0,0.0,100000
third_place,Iran,Jordan,5,5e-05,4,1,0.8,0.2,100000
third_place,Iran,Saudi Arabia,5,5e-05,2,3,0.4,0.6,100000
third_place,Iraq,Sweden,5,5e-05,2,3,0.4,0.6,100000
third_place,Ivory Coast,Jordan,5,5e-05,2,3,0.4,0.6,100000
third_place,Ivory Coast,Saudi Arabia,5,5e-05,4,1,0.8,0.2,100000
third_place,Netherlands,Qatar,5,5e-05,5,0,1.0,0.0,100000
third_place,New Zealand,Scotland,5,5e-05,2,3,0.4,0.6,100000
third_place,New Zealand,South Korea,5,5e-05,3,2,0.6,0.4,100000
third_place,New Zealand,Uruguay,5,5e-05,0,5,0.0,1.0,100000
third_place,Senegal,South Africa,5,5e-05,4,1,0.8,0.2,100000
third_place,South Africa,Sweden,5,5e-05,2,3,0.4,0.6,100000
third_place,Argentina,Qatar,4,4e-05,4,0,1.0,0.0,100000
third_place,Australia,Bosnia and Herzegovina,4,4e-05,4,0,1.0,0.0,100000
third_place,Australia,New Zealand,4,4e-05,3,1,0.75,0.25,100000
third_place,Belgium,Qatar,4,4e-05,4,0,1.0,0.0,100000
third_place,Bosnia and Herzegovina,Iran,4,4e-05,2,2,0.5,0.5,100000
third_place,Bosnia and Herzegovina,Scotland,4,4e-05,0,4,0.0,1.0,100000
third_place,Bosnia and Herzegovina,Sweden,4,4e-05,1,3,0.25,0.75,100000
third_place,Bosnia and Herzegovina,Switzerland,4,4e-05,3,1,0.75,0.25,100000
third_place,Cape Verde,Sweden,4,4e-05,2,2,0.5,0.5,100000
third_place,Curaçao,Norway,4,4e-05,3,1,0.75,0.25,100000
third_place,Czechia,Iran,4,4e-05,1,3,0.25,0.75,100000
third_place,Czechia,Paraguay,4,4e-05,3,1,0.75,0.25,100000
third_place,Egypt,Ghana,4,4e-05,3,1,0.75,0.25,100000
third_place,Germany,Ghana,4,4e-05,4,0,1.0,0.0,100000
third_place,Iran,New Zealand,4,4e-05,2,2,0.5,0.5,100000
third_place,Iran,Uzbekistan,4,4e-05,2,2,0.5,0.5,100000
third_place,Jordan,Paraguay,4,4e-05,0,4,0.0,1.0,100000
third_place,Morocco,South Africa,4,4e-05,2,2,0.5,0.5,100000
third_place,Panama,Uzbekistan,4,4e-05,1,3,0.25,0.75,100000
third_place,Portugal,Qatar,4,4e-05,4,0,1.0,0.0,100000
third_place,Saudi Arabia,Uruguay,4,4e-05,1,3,0.25,0.75,100000
third_place,Scotland,Turkey,4,4e-05,1,3,0.25,0.75,100000
third_place,Senegal,Turkey,4,4e-05,1,3,0.25,0.75,100000
third_place,Turkey,Uzbekistan,4,4e-05,2,2,0.5,0.5,100000
third_place,Algeria,Iraq,3,3e-05,3,0,1.0,0.0,100000
third_place,Algeria,New Zealand,3,3e-05,2,1,0.6666666666666666,0.3333333333333333,100000
third_place,Algeria,Saudi Arabia,3,3e-05,2,1,0.6666666666666666,0.3333333333333333,100000
third_place,Algeria,Turkey,3,3e-05,2,1,0.6666666666666666,0.3333333333333333,100000
third_place,Australia,Saudi Arabia,3,3e-05,3,0,1.0,0.0,100000
third_place,Australia,South Africa,3,3e-05,2,1,0.6666666666666666,0.3333333333333333,100000
third_place,Austria,Cape Verde,3,3e-05,2,1,0.6666666666666666,0.3333333333333333,100000
third_place,Austria,Qatar,3,3e-05,2,1,0.6666666666666666,0.3333333333333333,100000
third_place,Bosnia and Herzegovina,Egypt,3,3e-05,0,3,0.0,1.0,100000
third_place,Bosnia and Herzegovina,Ivory Coast,3,3e-05,0,3,0.0,1.0,100000
third_place,Canada,Curaçao,3,3e-05,2,1,0.6666666666666666,0.3333333333333333,100000
third_place,Canada,New Zealand,3,3e-05,2,1,0.6666666666666666,0.3333333333333333,100000
third_place,Canada,Qatar,3,3e-05,2,1,0.6666666666666666,0.3333333333333333,100000
third_place,Cape Verde,DR Congo,3,3e-05,0,3,0.0,1.0,100000
third_place,Cape Verde,Iran,3,3e-05,3,0,1.0,0.0,100000
third_place,Colombia,Curaçao,3,3e-05,3,0,1.0,0.0,100000
third_place,Croatia,New Zealand,3,3e-05,3,0,1.0,0.0,100000
third_place,Croatia,South Africa,3,3e-05,2,1,0.6666666666666666,0.3333333333333333,100000
third_place,Curaçao,Netherlands,3,3e-05,0,3,0.0,1.0,100000
third_place,Curaçao,South Korea,3,3e-05,0,3,0.0,1.0,100000
third_place,Curaçao,Switzerland,3,3e-05,1,2,0.3333333333333333,0.6666666666666666,100000
third_place,DR Congo,Jordan,3,3e-05,1,2,0.3333333333333333,0.6666666666666666,100000
third_place,Ecuador,Iraq,3,3e-05,3,0,1.0,0.0,100000
third_place,Ghana,Turkey,3,3e-05,2,1,0.6666666666666666,0.3333333333333333,100000
third_place,Iran,Turkey,3,3e-05,1,2,0.3333333333333333,0.6666666666666666,100000
third_place,Iraq,Jordan,3,3e-05,1,2,0.3333333333333333,0.6666666666666666,100000
third_place,Iraq,Panama,3,3e-05,1,2,0.3333333333333333,0.6666666666666666,100000
third_place,Iraq,Senegal,3,3e-05,2,1,0.6666666666666666,0.3333333333333333,100000
third_place,Iraq,Turkey,3,3e-05,0,3,0.0,1.0,100000
third_place,Ivory Coast,New Zealand,3,3e-05,3,0,1.0,0.0,100000
third_place,Ivory Coast,South Africa,3,3e-05,0,3,0.0,1.0,100000
third_place,Jordan,Turkey,3,3e-05,0,3,0.0,1.0,100000
third_place,New Zealand,Sweden,3,3e-05,3,0,1.0,0.0,100000
third_place,Saudi Arabia,Sweden,3,3e-05,1,2,0.3333333333333333,0.6666666666666666,100000
third_place,Saudi Arabia,Turkey,3,3e-05,0,3,0.0,1.0,100000
third_place,Algeria,Bosnia and Herzegovina,2,2e-05,2,0,1.0,0.0,100000
third_place,Algeria,Cape Verde,2,2e-05,1,1,0.5,0.5,100000
third_place,Algeria,Curaçao,2,2e-05,2,0,1.0,0.0,100000
third_place,Algeria,Czechia,2,2e-05,0,2,0.0,1.0,100000
third_place,Algeria,Panama,2,2e-05,1,1,0.5,0.5,100000
third_place,Argentina,Curaçao,2,2e-05,2,0,1.0,0.0,100000
third_place,Australia,Curaçao,2,2e-05,2,0,1.0,0.0,100000
third_place,Austria,South Africa,2,2e-05,1,1,0.5,0.5,100000
third_place,Bosnia and Herzegovina,Ghana,2,2e-05,1,1,0.5,0.5,100000
third_place,Bosnia and Herzegovina,Senegal,2,2e-05,0,2,0.0,1.0,100000
third_place,Bosnia and Herzegovina,South Africa,2,2e-05,1,1,0.5,0.5,100000
third_place,Bosnia and Herzegovina,South Korea,2,2e-05,0,2,0.0,1.0,100000
third_place,Canada,Ghana,2,2e-05,1,1,0.5,0.5,100000
third_place,Cape Verde,Ghana,2,2e-05,2,0,1.0,0.0,100000
third_place,Cape Verde,Ivory Coast,2,2e-05,0,2,0.0,1.0,100000
third_place,Cape Verde,Jordan,2,2e-05,1,1,0.5,0.5,100000
third_place,Cape Verde,Panama,2,2e-05,1,1,0.5,0.5,100000
third_place,Cape Verde,Uruguay,2,2e-05,0,2,0.0,1.0,100000
third_place,Curaçao,Japan,2,2e-05,0,2,0.0,1.0,100000
third_place,Curaçao,Morocco,2,2e-05,0,2,0.0,1.0,100000
third_place,Curaçao,Panama,2,2e-05,1,1,0.5,0.5,100000
third_place,Curaçao,Portugal,2,2e-05,1,1,0.5,0.5,100000
third_place,Curaçao,Scotland,2,2e-05,0,2,0.0,1.0,100000
third_place,Czechia,England,2,2e-05,1,1,0.5,0.5,100000
third_place,Czechia,Turkey,2,2e-05,2,0,1.0,0.0,100000
third_place,DR Congo,Ghana,2,2e-05,1,1,0.5,0.5,100000
third_place,DR Congo,Uzbekistan,2,2e-05,1,1,0.5,0.5,100000
third_place,Ghana,Jordan,2,2e-05,0,2,0.0,1.0,100000
third_place,Ghana,Panama,2,2e-05,0,2,0.0,1.0,100000
third_place,Ghana,Scotland,2,2e-05,2,0,1.0,0.0,100000
third_place,Ghana,Switzerland,2,2e-05,0,2,0.0,1.0,100000
third_place,Ghana,Uzbekistan,2,2e-05,0,2,0.0,1.0,100000
third_place,Haiti,Spain,2,2e-05,0,2,0.0,1.0,100000
third_place,Haiti,United States,2,2e-05,0,2,0.0,1.0,100000
third_place,Iraq,Ivory Coast,2,2e-05,1,1,0.5,0.5,100000
third_place,Ivory Coast,Qatar,2,2e-05,2,0,1.0,0.0,100000
third_place,Japan,Qatar,2,2e-05,1,1,0.5,0.5,100000
third_place,Jordan,Panama,2,2e-05,0,2,0.0,1.0,100000
third_place,Jordan,Uzbekistan,2,2e-05,1,1,0.5,0.5,100000
third_place,New Zealand,Paraguay,2,2e-05,0,2,0.0,1.0,100000
third_place,Norway,Qatar,2,2e-05,1,1,0.5,0.5,100000
third_place,Panama,Saudi Arabia,2,2e-05,2,0,1.0,0.0,100000
third_place,Portugal,South Africa,2,2e-05,1,1,0.5,0.5,100000
third_place,Qatar,Sweden,2,2e-05,2,0,1.0,0.0,100000
third_place,Saudi Arabia,Scotland,2,2e-05,0,2,0.0,1.0,100000
third_place,Saudi Arabia,Senegal,2,2e-05,0,2,0.0,1.0,100000
third_place,South Africa,Turkey,2,2e-05,1,1,0.5,0.5,100000
third_place,Australia,Haiti,1,1e-05,0,1,0.0,1.0,100000
third_place,Austria,Curaçao,1,1e-05,1,0,1.0,0.0,100000
third_place,Austria,Haiti,1,1e-05,1,0,1.0,0.0,100000
third_place,Belgium,Curaçao,1,1e-05,1,0,1.0,0.0,100000
third_place,Bosnia and Herzegovina,DR Congo,1,1e-05,0,1,0.0,1.0,100000
third_place,Bosnia and Herzegovina,Ecuador,1,1e-05,1,0,1.0,0.0,100000
third_place,Bosnia and Herzegovina,Iraq,1,1e-05,1,0,1.0,0.0,100000
third_place,Bosnia and Herzegovina,Jordan,1,1e-05,1,0,1.0,0.0,100000
third_place,Bosnia and Herzegovina,Panama,1,1e-05,1,0,1.0,0.0,100000
third_place,Bosnia and Herzegovina,Uzbekistan,1,1e-05,0,1,0.0,1.0,100000
third_place,Cape Verde,Ecuador,1,1e-05,0,1,0.0,1.0,100000
third_place,Cape Verde,Scotland,1,1e-05,1,0,1.0,0.0,100000
third_place,Cape Verde,Turkey,1,1e-05,0,1,0.0,1.0,100000
third_place,Colombia,Haiti,1,1e-05,1,0,1.0,0.0,100000
third_place,Croatia,Czechia,1,1e-05,1,0,1.0,0.0,100000
third_place,Curaçao,Czechia,1,1e-05,0,1,0.0,1.0,100000
third_place,Curaçao,Egypt,1,1e-05,0,1,0.0,1.0,100000
third_place,Curaçao,Iran,1,1e-05,1,0,1.0,0.0,100000
third_place,Curaçao,New Zealand,1,1e-05,0,1,0.0,1.0,100000
third_place,Curaçao,Paraguay,1,1e-05,0,1,0.0,1.0,100000
third_place,Curaçao,Senegal,1,1e-05,0,1,0.0,1.0,100000
third_place,Curaçao,Spain,1,1e-05,0,1,0.0,1.0,100000
third_place,Curaçao,Sweden,1,1e-05,1,0,1.0,0.0,100000
third_place,Curaçao,Uruguay,1,1e-05,0,1,0.0,1.0,100000
third_place,Czechia,Egypt,1,1e-05,1,0,1.0,0.0,100000
third_place,Czechia,Ghana,1,1e-05,1,0,1.0,0.0,100000
third_place,Czechia,Jordan,1,1e-05,0,1,0.0,1.0,100000
third_place,Czechia,Panama,1,1e-05,1,0,1.0,0.0,100000
third_place,Czechia,Qatar,1,1e-05,1,0,1.0,0.0,100000
third_place,Czechia,Saudi Arabia,1,1e-05,1,0,1.0,0.0,100000
third_place,Czechia,Uzbekistan,1,1e-05,0,1,0.0,1.0,100000
third_place,DR Congo,New Zealand,1,1e-05,0,1,0.0,1.0,100000
third_place,DR Congo,Qatar,1,1e-05,1,0,1.0,0.0,100000
third_place,DR Congo,Saudi Arabia,1,1e-05,0,1,0.0,1.0,100000
third_place,Ecuador,Qatar,1,1e-05,1,0,1.0,0.0,100000
third_place,Egypt,Qatar,1,1e-05,1,0,1.0,0.0,100000
third_place,Egypt,South Africa,1,1e-05,1,0,1.0,0.0,100000
third_place,France,Haiti,1,1e-05,1,0,1.0,0.0,100000
third_place,Ghana,Iraq,1,1e-05,0,1,0.0,1.0,100000
third_place,Ghana,Qatar,1,1e-05,1,0,1.0,0.0,100000
third_place,Ghana,Saudi Arabia,1,1e-05,0,1,0.0,1.0,100000
third_place,Haiti,Ivory Coast,1,1e-05,1,0,1.0,0.0,100000
third_place,Haiti,Paraguay,1,1e-05,0,1,0.0,1.0,100000
third_place,Iran,South Africa,1,1e-05,1,0,1.0,0.0,100000
third_place,Iraq,New Zealand,1,1e-05,0,1,0.0,1.0,100000
third_place,Iraq,Paraguay,1,1e-05,0,1,0.0,1.0,100000
third_place,Jordan,New Zealand,1,1e-05,0,1,0.0,1.0,100000
third_place,Morocco,Qatar,1,1e-05,1,0,1.0,0.0,100000
third_place,New Zealand,Panama,1,1e-05,0,1,0.0,1.0,100000
third_place,New Zealand,Saudi Arabia,1,1e-05,0,1,0.0,1.0,100000
third_place,New Zealand,Turkey,1,1e-05,0,1,0.0,1.0,100000
third_place,Panama,Qatar,1,1e-05,1,0,1.0,0.0,100000
third_place,Paraguay,Qatar,1,1e-05,1,0,1.0,0.0,100000
third_place,Paraguay,Saudi Arabia,1,1e-05,1,0,1.0,0.0,100000
third_place,Paraguay,South Africa,1,1e-05,1,0,1.0,0.0,100000
third_place,Qatar,South Korea,1,1e-05,0,1,0.0,1.0,100000
third_place,Qatar,Uruguay,1,1e-05,0,1,0.0,1.0,100000
third_place,Saudi Arabia,Uzbekistan,1,1e-05,1,0,1.0,0.0,100000
third_place,Scotland,South Africa,1,1e-05,0,1,0.0,1.0,100000
third_place,South Africa,Uruguay,1,1e-05,1,0,1.0,0.0,100000
third_place,South Africa,Uzbekistan,1,1e-05,0,1,0.0,1.0,100000
final,Argentina,England,4715,0.04715,3003,1712,0.6369034994697773,0.3630965005302227,100000
final,England,Spain,4029,0.04029,1609,2420,0.3993546785802929,0.6006453214197072,100000
final,Argentina,France,3485,0.03485,2011,1474,0.5770444763271162,0.4229555236728838,100000
final,Argentina,Germany,3065,0.03065,2082,983,0.6792822185970636,0.3207177814029364,100000
final,France,Spain,2884,0.02884,1304,1580,0.4521497919556172,0.5478502080443828,100000
final,Germany,Spain,2707,0.02707,865,1842,0.319541928333949,0.680458071666051,100000
final,Argentina,Brazil,2631,0.02631,1739,892,0.6609654123907259,0.339034587609274,100000
final,Brazil,Spain,2212,0.02212,834,1378,0.3770343580470163,0.6229656419529838,100000
final,England,France,2129,0.02129,995,1134,0.46735556599342415,0.5326444340065759,100000
final,France,Germany,1624,0.01624,1018,606,0.6268472906403941,0.3731527093596059,100000
final,Brazil,France,1537,0.01537,642,895,0.4176968119713728,0.5823031880286272,100000
final,Argentina,Spain,1526,0.01526,795,731,0.5209698558322412,0.47903014416775885,100000
final,Argentina,Portugal,1488,0.01488,1015,473,0.6821236559139785,0.3178763440860215,100000
final,Portugal,Spain,1335,0.01335,439,896,0.32883895131086144,0.6711610486891386,100000
final,Argentina,Netherlands,1232,0.01232,864,368,0.7012987012987013,0.2987012987012987,100000
final,England,Mexico,1163,0.01163,734,429,0.6311263972484953,0.3688736027515047,100000
final,Colombia,France,1122,0.01122,386,736,0.34402852049910876,0.6559714795008913,100000
final,Colombia,England,1091,0.01091,447,644,0.40971585701191565,0.5902841429880843,100000
final,France,Netherlands,1074,0.01074,644,430,0.5996275605214153,0.40037243947858475,100000
final,Argentina,Colombia,1067,0.01067,771,296,0.7225866916588566,0.2774133083411434,100000
final,Netherlands,Spain,1063,0.01063,335,728,0.31514581373471307,0.6848541862652869,100000
final,France,Portugal,985,0.00985,624,361,0.6335025380710659,0.366497461928934,100000
final,France,Mexico,935,0.00935,619,316,0.6620320855614973,0.33796791443850266,100000
final,Colombia,Spain,914,0.00914,308,606,0.33698030634573306,0.6630196936542669,100000
final,England,Netherlands,855,0.00855,494,361,0.5777777777777777,0.4222222222222222,100000
final,Argentina,Switzerland,837,0.00837,698,139,0.8339307048984468,0.16606929510155316,100000
final,France,Japan,756,0.00756,525,231,0.6944444444444444,0.3055555555555556,100000
final,Germany,Mexico,748,0.00748,395,353,0.5280748663101604,0.47192513368983957,100000
final,Colombia,Germany,739,0.00739,372,367,0.503382949932341,0.496617050067659,100000
final,Spain,Switzerland,731,0.00731,563,168,0.7701778385772914,0.22982216142270862,100000
final,Argentina,Croatia,696,0.00696,532,164,0.764367816091954,0.23563218390804597,100000
final,Brazil,Colombia,681,0.00681,404,277,0.593245227606461,0.4067547723935389,100000
final,France,Morocco,679,0.00679,495,184,0.7290132547864506,0.2709867452135493,100000
final,Argentina,Japan,672,0.00672,527,145,0.7842261904761905,0.21577380952380953,100000
final,Brazil,Mexico,654,0.00654,369,285,0.5642201834862385,0.43577981651376146,100000
final,England,United States,639,0.00639,456,183,0.7136150234741784,0.2863849765258216,100000
final,Colombia,Portugal,624,0.00624,327,297,0.5240384615384616,0.47596153846153844,100000
final,Japan,Spain,621,0.00621,157,464,0.2528180354267311,0.7471819645732689,100000
final,Argentina,Morocco,619,0.00619,453,166,0.7318255250403877,0.2681744749596123,100000
final,England,Japan,599,0.00599,385,214,0.6427378964941569,0.3572621035058431,100000
final,Brazil,Netherlands,597,0.00597,329,268,0.5510887772194305,0.4489112227805695,100000
final,Germany,Netherlands,553,0.00553,276,277,0.49909584086799275,0.5009041591320073,100000
final,Croatia,Spain,545,0.00545,139,406,0.25504587155963304,0.744954128440367,100000
final,England,Portugal,542,0.00542,298,244,0.5498154981549815,0.45018450184501846,100000
final,England,Morocco,540,0.0054,362,178,0.6703703703703704,0.3296296296296296,100000
final,Morocco,Spain,538,0.00538,146,392,0.27137546468401486,0.7286245353159851,100000
final,Brazil,England,521,0.00521,258,263,0.4952015355086372,0.5047984644913628,100000
final,France,Norway,512,0.00512,273,239,0.533203125,0.466796875,100000
final,Brazil,Morocco,511,0.00511,304,207,0.5949119373776908,0.4050880626223092,100000
final,Argentina,Canada,505,0.00505,426,79,0.8435643564356435,0.15643564356435644,100000
final,France,United States,497,0.00497,368,129,0.7404426559356136,0.2595573440643863,100000
final,Canada,Spain,433,0.00433,74,359,0.17090069284064666,0.8290993071593533,100000
final,Argentina,South Korea,426,0.00426,351,75,0.823943661971831,0.176056338028169,100000
final,Germany,Japan,424,0.00424,232,192,0.5471698113207547,0.4528301886792453,100000
final,Germany,United States,419,0.00419,269,150,0.6420047732696897,0.35799522673031026,100000
final,France,Switzerland,408,0.00408,296,112,0.7254901960784313,0.27450980392156865,100000
final,Japan,Netherlands,395,0.00395,178,217,0.4506329113924051,0.549367088607595,100000
final,Croatia,France,384,0.00384,112,272,0.2916666666666667,0.7083333333333334,100000
final,Colombia,Netherlands,381,0.00381,194,187,0.5091863517060368,0.49081364829396323,100000
final,Brazil,Japan,377,0.00377,241,136,0.6392572944297082,0.36074270557029176,100000
final,Germany,Morocco,375,0.00375,232,143,0.6186666666666667,0.38133333333333336,100000
final,Australia,England,372,0.00372,107,265,0.28763440860215056,0.7123655913978495,100000
final,Austria,England,371,0.00371,111,260,0.2991913746630728,0.7008086253369272,100000
final,Brazil,Portugal,371,0.00371,229,142,0.6172506738544474,0.38274932614555257,100000
final,Belgium,England,368,0.00368,131,237,0.35597826086956524,0.6440217391304348,100000
final,South Korea,Spain,360,0.0036,70,290,0.19444444444444445,0.8055555555555556,100000
final,Netherlands,Portugal,358,0.00358,180,178,0.5027932960893855,0.4972067039106145,100000
final,Argentina,Norway,353,0.00353,280,73,0.7932011331444759,0.20679886685552407,100000
final,Norway,Spain,351,0.00351,56,295,0.15954415954415954,0.8404558404558404,100000
final,Mexico,Portugal,349,0.00349,155,194,0.44412607449856734,0.5558739255014327,100000
final,Spain,Uruguay,345,0.00345,224,121,0.6492753623188405,0.3507246376811594,100000
final,Belgium,France,332,0.00332,87,245,0.2620481927710843,0.7379518072289156,100000
final,Brazil,United States,325,0.00325,219,106,0.6738461538461539,0.3261538461538461,100000
final,Germany,Portugal,318,0.00318,171,147,0.5377358490566038,0.46226415094339623,100000
final,Argentina,Uruguay,314,0.00314,238,76,0.7579617834394905,0.24203821656050956,100000
final,Austria,France,301,0.00301,82,219,0.2724252491694352,0.7275747508305648,100000
final,Brazil,Germany,301,0.00301,165,136,0.5481727574750831,0.45182724252491696,100000
final,Mexico,Netherlands,298,0.00298,126,172,0.4228187919463087,0.5771812080536913,100000
final,Ecuador,England,292,0.00292,113,179,0.386986301369863,0.613013698630137,100000
final,Argentina,Belgium,291,0.00291,223,68,0.7663230240549829,0.23367697594501718,100000
final,Australia,France,291,0.00291,82,209,0.281786941580756,0.718213058419244,100000
final,France,Uruguay,287,0.00287,195,92,0.6794425087108014,0.3205574912891986,100000
final,Mexico,Spain,286,0.00286,88,198,0.3076923076923077,0.6923076923076923,100000
final,Argentina,Iran,284,0.00284,242,42,0.852112676056338,0.14788732394366197,100000
final,France,South Korea,283,0.00283,216,67,0.7632508833922261,0.23674911660777384,100000
final,Argentina,Mexico,272,0.00272,201,71,0.7389705882352942,0.2610294117647059,100000
final,Argentina,Egypt,265,0.00265,223,42,0.8415094339622642,0.15849056603773584,100000
final,Iran,Spain,263,0.00263,48,215,0.18250950570342206,0.8174904942965779,100000
final,Australia,Germany,256,0.00256,91,165,0.35546875,0.64453125,100000
final,Belgium,Germany,252,0.00252,95,157,0.376984126984127,0.623015873015873,100000
final,England,Norway,252,0.00252,192,60,0.7619047619047619,0.23809523809523808,100000
final,Belgium,Spain,248,0.00248,66,182,0.2661290322580645,0.7338709677419355,100000
final,Morocco,Netherlands,248,0.00248,102,146,0.4112903225806452,0.5887096774193549,100000
final,Egypt,Spain,247,0.00247,43,204,0.17408906882591094,0.8259109311740891,100000
final,Canada,France,244,0.00244,64,180,0.26229508196721313,0.7377049180327869,100000
final,Japan,Portugal,240,0.0024,110,130,0.4583333333333333,0.5416666666666666,100000
final,Colombia,Japan,233,0.00233,130,103,0.5579399141630901,0.44206008583690987,100000
final,Belgium,Brazil,232,0.00232,93,139,0.40086206896551724,0.5991379310344828,100000
final,France,Senegal,230,0.0023,155,75,0.6739130434782609,0.32608695652173914,100000
final,Colombia,Morocco,228,0.00228,135,93,0.5921052631578947,0.40789473684210525,100000
final,Colombia,Mexico,224,0.00224,111,113,0.4955357142857143,0.5044642857142857,100000
final,Austria,Spain,222,0.00222,50,172,0.22522522522522523,0.7747747747747747,100000
final,Mexico,Switzerland,221,0.00221,130,91,0.5882352941176471,0.4117647058823529,100000
final,Austria,Germany,218,0.00218,77,141,0.3532110091743119,0.6467889908256881,100000
final,Argentina,Austria,208,0.00208,141,67,0.6778846153846154,0.32211538461538464,100000
final,England,Uruguay,208,0.00208,142,66,0.6826923076923077,0.3173076923076923,100000
final,Australia,Brazil,204,0.00204,66,138,0.3235294117647059,0.6764705882352942,100000
final,Morocco,Portugal,197,0.00197,78,119,0.39593908629441626,0.6040609137055838,100000
final,Austria,Brazil,196,0.00196,63,133,0.32142857142857145,0.6785714285714286,100000
final,France,Iran,186,0.00186,135,51,0.7258064516129032,0.27419354838709675,100000
final,Ecuador,France,183,0.00183,58,125,0.31693989071038253,0.6830601092896175,100000
final,Ecuador,Germany,183,0.00183,79,104,0.43169398907103823,0.5683060109289617,100000
final,Brazil,Ecuador,182,0.00182,113,69,0.6208791208791209,0.3791208791208791,100000
final,Portugal,United States,180,0.0018,110,70,0.6111111111111112,0.3888888888888889,100000
final,Croatia,Mexico,174,0.00174,76,98,0.4367816091954023,0.5632183908045977,100000
final,Japan,Mexico,171,0.00171,71,100,0.4152046783625731,0.5847953216374269,100000
final,Colombia,Croatia,170,0.0017,101,69,0.5941176470588235,0.40588235294117647,100000
final,Colombia,Switzerland,169,0.00169,119,50,0.7041420118343196,0.2958579881656805,100000
final,Brazil,Norway,168,0.00168,115,53,0.6845238095238095,0.31547619047619047,100000
final,Mexico,Morocco,161,0.00161,88,73,0.546583850931677,0.453416149068323,100000
final,Argentina,Senegal,158,0.00158,126,32,0.7974683544303798,0.20253164556962025,100000
final,Netherlands,Switzerland,155,0.00155,96,59,0.6193548387096774,0.38064516129032255,100000
final,Canada,Mexico,154,0.00154,60,94,0.38961038961038963,0.6103896103896104,100000
final,England,Ivory Coast,153,0.00153,124,29,0.8104575163398693,0.1895424836601307,100000
final,Netherlands,United States,151,0.00151,89,62,0.5894039735099338,0.4105960264900662,100000
final,England,Senegal,150,0.0015,106,44,0.7066666666666667,0.29333333333333333,100000
final,Brazil,Uruguay,148,0.00148,96,52,0.6486486486486487,0.35135135135135137,100000
final,Japan,Morocco,148,0.00148,84,64,0.5675675675675675,0.43243243243243246,100000
final,Senegal,Spain,148,0.00148,18,130,0.12162162162162163,0.8783783783783784,100000
final,Germany,Uruguay,146,0.00146,93,53,0.636986301369863,0.363013698630137,100000
final,Croatia,Netherlands,144,0.00144,59,85,0.4097222222222222,0.5902777777777778,100000
final,Belgium,Portugal,143,0.00143,55,88,0.38461538461538464,0.6153846153846154,100000
final,France,Ivory Coast,140,0.0014,117,23,0.8357142857142857,0.16428571428571428,100000
final,Austria,Portugal,138,0.00138,42,96,0.30434782608695654,0.6956521739130435,100000
final,Egypt,France,138,0.00138,31,107,0.2246376811594203,0.7753623188405797,100000
final,Germany,Norway,133,0.00133,86,47,0.6466165413533834,0.3533834586466165,100000
final,Colombia,United States,132,0.00132,82,50,0.6212121212121212,0.3787878787878788,100000
final,Mexico,South Korea,129,0.00129,70,59,0.5426356589147286,0.4573643410852713,100000
final,Belgium,Colombia,128,0.00128,52,76,0.40625,0.59375,100000
final,Brazil,Croatia,128,0.00128,78,50,0.609375,0.390625,100000
final,Argentina,Scotland,127,0.00127,102,25,0.8031496062992126,0.1968503937007874,100000
final,Croatia,England,124,0.00124,56,68,0.45161290322580644,0.5483870967741935,100000
final,Switzerland,United States,119,0.00119,59,60,0.4957983193277311,0.5042016806722689,100000
final,Canada,Colombia,118,0.00118,29,89,0.2457627118644068,0.7542372881355932,100000
final,Argentina,Australia,117,0.00117,94,23,0.8034188034188035,0.19658119658119658,100000
final,Colombia,Uruguay,117,0.00117,72,45,0.6153846153846154,0.38461538461538464,100000
final,England,Paraguay,117,0.00117,88,29,0.7521367521367521,0.24786324786324787,100000
final,Netherlands,Norway,117,0.00117,73,44,0.6239316239316239,0.37606837606837606,100000
final,Algeria,Argentina,116,0.00116,50,66,0.43103448275862066,0.5689655172413793,100000
final,Colombia,Norway,116,0.00116,86,30,0.7413793103448276,0.25862068965517243,100000
final,Norway,Portugal,116,0.00116,47,69,0.4051724137931034,0.5948275862068966,100000
final,Scotland,Spain,114,0.00114,8,106,0.07017543859649122,0.9298245614035088,100000
final,Algeria,Spain,111,0.00111,21,90,0.1891891891891892,0.8108108108108109,100000
final,Australia,Portugal,111,0.00111,45,66,0.40540540540540543,0.5945945945945946,100000
final,Austria,Netherlands,111,0.00111,37,74,0.3333333333333333,0.6666666666666666,100000
final,France,Sweden,110,0.0011,97,13,0.8818181818181818,0.11818181818181818,100000
final,Australia,Spain,109,0.00109,21,88,0.1926605504587156,0.8073394495412844,100000
final,Belgium,Netherlands,108,0.00108,43,65,0.39814814814814814,0.6018518518518519,100000
final,Argentina,Panama,107,0.00107,98,9,0.9158878504672897,0.08411214953271028,100000
final,Australia,Netherlands,107,0.00107,42,65,0.3925233644859813,0.6074766355140186,100000
final,Austria,Colombia,106,0.00106,40,66,0.37735849056603776,0.6226415094339622,100000
final,Japan,Switzerland,105,0.00105,70,35,0.6666666666666666,0.3333333333333333,100000
final,Ecuador,Portugal,104,0.00104,49,55,0.47115384615384615,0.5288461538461539,100000
final,Brazil,Switzerland,103,0.00103,65,38,0.6310679611650486,0.36893203883495146,100000
final,Spain,United States,103,0.00103,87,16,0.8446601941747572,0.1553398058252427,100000
final,Algeria,France,102,0.00102,18,84,0.17647058823529413,0.8235294117647058,100000
final,Argentina,Uzbekistan,100,0.001,87,13,0.87,0.13,100000
final,Morocco,Switzerland,100,0.001,52,48,0.52,0.48,100000
final,Croatia,Portugal,98,0.00098,38,60,0.3877551020408163,0.6122448979591837,100000
final,Netherlands,Uruguay,98,0.00098,66,32,0.673469387755102,0.32653061224489793,100000
final,Australia,Colombia,97,0.00097,33,64,0.3402061855670103,0.6597938144329897,100000
final,Germany,Senegal,97,0.00097,68,29,0.7010309278350515,0.29896907216494845,100000
final,Canada,Netherlands,96,0.00096,35,61,0.3645833333333333,0.6354166666666666,100000
final,Colombia,South Korea,96,0.00096,67,29,0.6979166666666666,0.3020833333333333,100000
final,Croatia,Morocco,96,0.00096,41,55,0.4270833333333333,0.5729166666666666,100000
final,England,Sweden,95,0.00095,74,21,0.7789473684210526,0.22105263157894736,100000
final,France,Paraguay,95,0.00095,76,19,0.8,0.2,100000
final,Germany,Ivory Coast,93,0.00093,53,40,0.5698924731182796,0.43010752688172044,100000
final,Portugal,Uruguay,93,0.00093,66,27,0.7096774193548387,0.2903225806451613,100000
final,Brazil,Senegal,91,0.00091,61,30,0.6703296703296703,0.32967032967032966,100000
final,Croatia,Japan,91,0.00091,44,47,0.4835164835164835,0.5164835164835165,100000
final,Portugal,Switzerland,90,0.0009,58,32,0.6444444444444445,0.35555555555555557,100000
final,Brazil,Ivory Coast,87,0.00087,75,12,0.8620689655172413,0.13793103448275862,100000
final,France,Scotland,85,0.00085,73,12,0.8588235294117647,0.1411764705882353,100000
final,Colombia,Iran,84,0.00084,62,22,0.7380952380952381,0.2619047619047619,100000
final,Spain,Uzbekistan,84,0.00084,75,9,0.8928571428571429,0.10714285714285714,100000
final,Belgium,Japan,83,0.00083,37,46,0.4457831325301205,0.5542168674698795,100000
final,Mexico,Norway,83,0.00083,50,33,0.6024096385542169,0.39759036144578314,100000
final,Spain,Sweden,82,0.00082,70,12,0.8536585365853658,0.14634146341463414,100000
final,Australia,Switzerland,81,0.00081,49,32,0.6049382716049383,0.3950617283950617,100000
final,Austria,Switzerland,81,0.00081,36,45,0.4444444444444444,0.5555555555555556,100000
final,England,Germany,80,0.0008,46,34,0.575,0.425,100000
final,Croatia,United States,79,0.00079,45,34,0.569620253164557,0.43037974683544306,100000
final,Argentina,United States,78,0.00078,66,12,0.8461538461538461,0.15384615384615385,100000
final,Argentina,Sweden,76,0.00076,65,11,0.8552631578947368,0.14473684210526316,100000
final,Iran,Mexico,76,0.00076,23,53,0.3026315789473684,0.6973684210526315,100000
final,Japan,United States,75,0.00075,55,20,0.7333333333333333,0.26666666666666666,100000
final,Panama,Spain,75,0.00075,12,63,0.16,0.84,100000
final,Canada,United States,74,0.00074,31,43,0.4189189189189189,0.581081081081081,100000
final,Canada,Morocco,72,0.00072,26,46,0.3611111111111111,0.6388888888888888,100000
final,Mexico,Uruguay,72,0.00072,41,31,0.5694444444444444,0.4305555555555556,100000
final,Ecuador,Netherlands,71,0.00071,40,31,0.5633802816901409,0.43661971830985913,100000
final,Belgium,Morocco,70,0.0007,34,36,0.4857142857142857,0.5142857142857142,100000
final,Morocco,United States,70,0.0007,40,30,0.5714285714285714,0.42857142857142855,100000
final,Canada,Japan,69,0.00069,23,46,0.3333333333333333,0.6666666666666666,100000
final,Egypt,Mexico,69,0.00069,21,48,0.30434782608695654,0.6956521739130435,100000
final,Netherlands,South Korea,69,0.00069,52,17,0.7536231884057971,0.2463768115942029,100000
final,Germany,Paraguay,68,0.00068,47,21,0.6911764705882353,0.3088235294117647,100000
final,Argentina,Paraguay,67,0.00067,55,12,0.8208955223880597,0.1791044776119403,100000
final,Japan,South Korea,67,0.00067,39,28,0.582089552238806,0.417910447761194,100000
final,Japan,Uruguay,67,0.00067,37,30,0.5522388059701493,0.44776119402985076,100000
final,Netherlands,Senegal,66,0.00066,46,20,0.696969696969697,0.30303030303030304,100000
final,Algeria,England,65,0.00065,15,50,0.23076923076923078,0.7692307692307693,100000
final,Brazil,South Korea,65,0.00065,49,16,0.7538461538461538,0.24615384615384617,100000
final,Brazil,Sweden,65,0.00065,48,17,0.7384615384615385,0.26153846153846155,100000
final,Morocco,South Korea,65,0.00065,41,24,0.6307692307692307,0.36923076923076925,100000
final,Canada,Portugal,64,0.00064,14,50,0.21875,0.78125,100000
final,Austria,Japan,61,0.00061,26,35,0.4262295081967213,0.5737704918032787,100000
final,DR Congo,Spain,61,0.00061,7,54,0.11475409836065574,0.8852459016393442,100000
final,Japan,Norway,61,0.00061,43,18,0.7049180327868853,0.29508196721311475,100000
final,Brazil,Iran,60,0.0006,45,15,0.75,0.25,100000
final,Croatia,Germany,60,0.0006,20,40,0.3333333333333333,0.6666666666666666,100000
final,Iran,Netherlands,60,0.0006,20,40,0.3333333333333333,0.6666666666666666,100000
final,Belgium,Mexico,59,0.00059,29,30,0.4915254237288136,0.5084745762711864,100000
final,France,Panama,59,0.00059,48,11,0.8135593220338984,0.1864406779661017,100000
final,Austria,Morocco,58,0.00058,25,33,0.43103448275862066,0.5689655172413793,100000
final,South Korea,United States,58,0.00058,28,30,0.4827586206896552,0.5172413793103449,100000
final,Australia,Croatia,57,0.00057,25,32,0.43859649122807015,0.5614035087719298,100000
final,Colombia,Senegal,57,0.00057,36,21,0.631578947368421,0.3684210526315789,100000
final,France,Uzbekistan,57,0.00057,50,7,0.8771929824561403,0.12280701754385964,100000
final,Paraguay,Spain,57,0.00057,5,52,0.08771929824561403,0.9122807017543859,100000
final,Morocco,Uruguay,56,0.00056,36,20,0.6428571428571429,0.35714285714285715,100000
final,Belgium,Switzerland,55,0.00055,31,24,0.5636363636363636,0.43636363636363634,100000
final,Colombia,Egypt,55,0.00055,44,11,0.8,0.2,100000
final,Morocco,Norway,55,0.00055,38,17,0.6909090909090909,0.3090909090909091,100000
final,Portugal,South Korea,55,0.00055,39,16,0.7090909090909091,0.2909090909090909,100000
final,Ecuador,Spain,54,0.00054,16,38,0.2962962962962963,0.7037037037037037,100000
final,Germany,Sweden,54,0.00054,41,13,0.7592592592592593,0.24074074074074073,100000
final,Brazil,Paraguay,53,0.00053,39,14,0.7358490566037735,0.2641509433962264,100000
final,Portugal,Senegal,53,0.00053,34,19,0.6415094339622641,0.3584905660377358,100000
final,Australia,Morocco,52,0.00052,22,30,0.4230769230769231,0.5769230769230769,100000
final,Egypt,Netherlands,51,0.00051,14,37,0.27450980392156865,0.7254901960784313,100000
final,Argentina,DR Congo,49,0.00049,43,6,0.8775510204081632,0.12244897959183673,100000
final,Iran,Japan,49,0.00049,21,28,0.42857142857142855,0.5714285714285714,100000
final,Iran,United States,49,0.00049,20,29,0.40816326530612246,0.5918367346938775,100000
final,Austria,Croatia,48,0.00048,21,27,0.4375,0.5625,100000
final,Brazil,Canada,48,0.00048,38,10,0.7916666666666666,0.20833333333333334,100000
final,England,Iran,48,0.00048,34,14,0.7083333333333334,0.2916666666666667,100000
final,Australia,Japan,47,0.00047,16,31,0.3404255319148936,0.6595744680851063,100000
final,Ecuador,Switzerland,47,0.00047,29,18,0.6170212765957447,0.3829787234042553,100000
final,Colombia,Ecuador,46,0.00046,24,22,0.5217391304347826,0.4782608695652174,100000
final,Norway,Switzerland,46,0.00046,26,20,0.5652173913043478,0.43478260869565216,100000
final,Switzerland,Uruguay,46,0.00046,24,22,0.5217391304347826,0.4782608695652174,100000
final,Algeria,Brazil,45,0.00045,16,29,0.35555555555555557,0.6444444444444445,100000
final,Czechia,Spain,45,0.00045,3,42,0.06666666666666667,0.9333333333333333,100000
final,Japan,Senegal,45,0.00045,29,16,0.6444444444444445,0.35555555555555557,100000
final,Argentina,Ghana,44,0.00044,42,2,0.9545454545454546,0.045454545454545456,100000
final,Austria,Canada,44,0.00044,23,21,0.5227272727272727,0.4772727272727273,100000
final,Belgium,Canada,44,0.00044,26,18,0.5909090909090909,0.4090909090909091,100000
final,Belgium,South Korea,44,0.00044,23,21,0.5227272727272727,0.4772727272727273,100000
final,Croatia,Uruguay,44,0.00044,22,22,0.5,0.5,100000
final,Argentina,Turkey,43,0.00043,33,10,0.7674418604651163,0.23255813953488372,100000
final,Belgium,Croatia,43,0.00043,14,29,0.32558139534883723,0.6744186046511628,100000
final,Paraguay,Portugal,43,0.00043,12,31,0.27906976744186046,0.7209302325581395,100000
final,Portugal,Sweden,42,0.00042,28,14,0.6666666666666666,0.3333333333333333,100000
final,Algeria,Germany,41,0.00041,8,33,0.1951219512195122,0.8048780487804879,100000
final,Argentina,Jordan,41,0.00041,22,19,0.5365853658536586,0.4634146341463415,100000
final,Egypt,Morocco,41,0.00041,13,28,0.3170731707317073,0.6829268292682927,100000
final,England,South Korea,41,0.00041,32,9,0.7804878048780488,0.21951219512195122,100000
final,Argentina,Czechia,40,0.0004,32,8,0.8,0.2,100000
final,Belgium,United States,40,0.0004,20,20,0.5,0.5,100000
final,Croatia,Norway,40,0.0004,23,17,0.575,0.425,100000
final,Ecuador,Japan,40,0.0004,19,21,0.475,0.525,100000
final,Iran,Morocco,40,0.0004,20,20,0.5,0.5,100000
final,Netherlands,Sweden,40,0.0004,30,10,0.75,0.25,100000
final,Brazil,Egypt,39,0.00039,32,7,0.8205128205128205,0.1794871794871795,100000
final,Canada,Ecuador,39,0.00039,14,25,0.358974358974359,0.6410256410256411,100000
final,DR Congo,France,39,0.00039,5,34,0.1282051282051282,0.8717948717948718,100000
final,Egypt,Japan,39,0.00039,18,21,0.46153846153846156,0.5384615384615384,100000
final,France,Turkey,39,0.00039,27,12,0.6923076923076923,0.3076923076923077,100000
final,Ivory Coast,Portugal,39,0.00039,11,28,0.28205128205128205,0.717948717948718,100000
final,Australia,Canada,38,0.00038,18,20,0.47368421052631576,0.5263157894736842,100000
final,Jordan,Spain,38,0.00038,6,32,0.15789473684210525,0.8421052631578947,100000
final,Austria,Mexico,37,0.00037,17,20,0.4594594594594595,0.5405405405405406,100000
final,Egypt,United States,37,0.00037,16,21,0.43243243243243246,0.5675675675675675,100000
final,Mexico,Senegal,37,0.00037,27,10,0.7297297297297297,0.2702702702702703,100000
final,Belgium,Norway,36,0.00036,20,16,0.5555555555555556,0.4444444444444444,100000
final,Colombia,Paraguay,36,0.00036,24,12,0.6666666666666666,0.3333333333333333,100000
final,Egypt,England,36,0.00036,4,32,0.1111111111111111,0.8888888888888888,100000
final,Netherlands,Scotland,36,0.00036,27,9,0.75,0.25,100000
final,Belgium,Iran,35,0.00035,19,16,0.5428571428571428,0.45714285714285713,100000
final,Netherlands,Paraguay,35,0.00035,28,7,0.8,0.2,100000
final,Australia,Iran,34,0.00034,22,12,0.6470588235294118,0.35294117647058826,100000
final,Croatia,Ecuador,34,0.00034,22,12,0.6470588235294118,0.35294117647058826,100000
final,Ghana,Spain,34,0.00034,2,32,0.058823529411764705,0.9411764705882353,100000
final,Ivory Coast,Netherlands,34,0.00034,12,22,0.35294117647058826,0.6470588235294118,100000
final,Morocco,Senegal,34,0.00034,19,15,0.5588235294117647,0.4411764705882353,100000
final,Colombia,Panama,33,0.00033,25,8,0.7575757575757576,0.24242424242424243,100000
final,Mexico,Scotland,33,0.00033,27,6,0.8181818181818182,0.18181818181818182,100000
final,Algeria,Colombia,32,0.00032,8,24,0.25,0.75,100000
final,Algeria,Mexico,32,0.00032,10,22,0.3125,0.6875,100000
final,Mexico,Panama,32,0.00032,20,12,0.625,0.375,100000
final,Senegal,Switzerland,32,0.00032,19,13,0.59375,0.40625,100000
final,Algeria,Netherlands,31,0.00031,10,21,0.3225806451612903,0.6774193548387096,100000
final,Ecuador,Morocco,31,0.00031,16,15,0.5161290322580645,0.4838709677419355,100000
final,France,Jordan,31,0.00031,29,2,0.9354838709677419,0.06451612903225806,100000
final,Australia,Belgium,30,0.0003,19,11,0.6333333333333333,0.36666666666666664,100000
final,Iran,Portugal,30,0.0003,8,22,0.26666666666666666,0.7333333333333333,100000
final,Algeria,Portugal,29,0.00029,10,19,0.3448275862068966,0.6551724137931034,100000
final,Australia,South Korea,29,0.00029,14,15,0.4827586206896552,0.5172413793103449,100000
final,Austria,South Korea,29,0.00029,12,17,0.41379310344827586,0.5862068965517241,100000
final,Ecuador,South Korea,29,0.00029,19,10,0.6551724137931034,0.3448275862068966,100000
final,England,Switzerland,29,0.00029,21,8,0.7241379310344828,0.27586206896551724,100000
final,Ivory Coast,Spain,29,0.00029,4,25,0.13793103448275862,0.8620689655172413,100000
final,Norway,United States,29,0.00029,15,14,0.5172413793103449,0.4827586206896552,100000
final,United States,Uruguay,29,0.00029,15,14,0.5172413793103449,0.4827586206896552,100000
final,Austria,Norway,28,0.00028,15,13,0.5357142857142857,0.4642857142857143,100000
final,Brazil,Scotland,28,0.00028,14,14,0.5,0.5,100000
final,Colombia,Ivory Coast,28,0.00028,22,6,0.7857142857142857,0.21428571428571427,100000
final,Egypt,Portugal,28,0.00028,6,22,0.21428571428571427,0.7857142857142857,100000
final,Argentina,Ivory Coast,27,0.00027,21,6,0.7777777777777778,0.2222222222222222,100000
final,Australia,Norway,27,0.00027,12,15,0.4444444444444444,0.5555555555555556,100000
final,Austria,Uruguay,27,0.00027,18,9,0.6666666666666666,0.3333333333333333,100000
final,Brazil,Panama,27,0.00027,21,6,0.7777777777777778,0.2222222222222222,100000
final,Paraguay,Switzerland,27,0.00027,13,14,0.48148148148148145,0.5185185185185185,100000
final,Spain,Turkey,27,0.00027,25,2,0.9259259259259259,0.07407407407407407,100000
final,Argentina,Ecuador,26,0.00026,24,2,0.9230769230769231,0.07692307692307693,100000
final,Austria,Belgium,26,0.00026,16,10,0.6153846153846154,0.38461538461538464,100000
final,Colombia,Sweden,26,0.00026,21,5,0.8076923076923077,0.19230769230769232,100000
final,Australia,Mexico,25,0.00025,7,18,0.28,0.72,100000
final,Canada,Senegal,25,0.00025,10,15,0.4,0.6,100000
final,Japan,Sweden,25,0.00025,16,9,0.64,0.36,100000
final,Belgium,Uruguay,24,0.00024,8,16,0.3333333333333333,0.6666666666666666,100000
final,Canada,Norway,24,0.00024,11,13,0.4583333333333333,0.5416666666666666,100000
final,Colombia,Uzbekistan,24,0.00024,19,5,0.7916666666666666,0.20833333333333334,100000
final,England,Panama,24,0.00024,16,8,0.6666666666666666,0.3333333333333333,100000
final,Mexico,Paraguay,24,0.00024,19,5,0.7916666666666666,0.20833333333333334,100000
final,Netherlands,Panama,24,0.00024,17,7,0.7083333333333334,0.2916666666666667,100000
final,Senegal,United States,24,0.00024,13,11,0.5416666666666666,0.4583333333333333,100000
final,Canada,Uruguay,23,0.00023,12,11,0.5217391304347826,0.4782608695652174,100000
final,Colombia,Scotland,23,0.00023,21,2,0.9130434782608695,0.08695652173913043,100000
final,Mexico,Uzbekistan,23,0.00023,16,7,0.6956521739130435,0.30434782608695654,100000
final,Austria,Egypt,22,0.00022,15,7,0.6818181818181818,0.3181818181818182,100000
final,Egypt,Germany,22,0.00022,5,17,0.22727272727272727,0.7727272727272727,100000
final,England,Turkey,22,0.00022,14,8,0.6363636363636364,0.36363636363636365,100000
final,Germany,Panama,22,0.00022,15,7,0.6818181818181818,0.3181818181818182,100000
final,Ivory Coast,Switzerland,22,0.00022,6,16,0.2727272727272727,0.7272727272727273,100000
final,Norway,South Korea,22,0.00022,12,10,0.5454545454545454,0.45454545454545453,100000
final,Australia,Egypt,21,0.00021,14,7,0.6666666666666666,0.3333333333333333,100000
final,Croatia,Ivory Coast,21,0.00021,13,8,0.6190476190476191,0.38095238095238093,100000
final,Ecuador,Norway,21,0.00021,15,6,0.7142857142857143,0.2857142857142857,100000
final,England,Scotland,21,0.00021,19,2,0.9047619047619048,0.09523809523809523,100000
final,France,Ghana,21,0.00021,18,3,0.8571428571428571,0.14285714285714285,100000
final,Morocco,Scotland,21,0.00021,17,4,0.8095238095238095,0.19047619047619047,100000
final,Morocco,Sweden,21,0.00021,10,11,0.47619047619047616,0.5238095238095238,100000
final,Panama,Portugal,21,0.00021,3,18,0.14285714285714285,0.8571428571428571,100000
final,Australia,Uruguay,20,0.0002,7,13,0.35,0.65,100000
final,Croatia,Sweden,20,0.0002,12,8,0.6,0.4,100000
final,Morocco,Paraguay,20,0.0002,14,6,0.7,0.3,100000
final,Netherlands,Uzbekistan,20,0.0002,14,6,0.7,0.3,100000
final,Senegal,South Korea,20,0.0002,10,10,0.5,0.5,100000
final,South Korea,Uruguay,20,0.0002,9,11,0.45,0.55,100000
final,Sweden,Switzerland,20,0.0002,11,9,0.55,0.45,100000
final,Belgium,Egypt,19,0.00019,12,7,0.631578947368421,0.3684210526315789,100000
final,Mexico,United States,19,0.00019,9,10,0.47368421052631576,0.5263157894736842,100000
final,Norway,Uruguay,19,0.00019,5,14,0.2631578947368421,0.7368421052631579,100000
final,Algeria,Morocco,18,0.00018,8,10,0.4444444444444444,0.5555555555555556,100000
final,Austria,Iran,18,0.00018,7,11,0.3888888888888889,0.6111111111111112,100000
final,Croatia,Senegal,18,0.00018,12,6,0.6666666666666666,0.3333333333333333,100000
final,Czechia,France,18,0.00018,3,15,0.16666666666666666,0.8333333333333334,100000
final,England,Uzbekistan,18,0.00018,16,2,0.8888888888888888,0.1111111111111111,100000
final,Netherlands,Turkey,18,0.00018,6,12,0.3333333333333333,0.6666666666666666,100000
final,Portugal,Scotland,18,0.00018,16,2,0.8888888888888888,0.1111111111111111,100000
final,Algeria,Japan,17,0.00017,4,13,0.23529411764705882,0.7647058823529411,100000
final,Algeria,United States,17,0.00017,8,9,0.47058823529411764,0.5294117647058824,100000
final,Austria,United States,17,0.00017,7,10,0.4117647058823529,0.5882352941176471,100000
final,England,Iraq,17,0.00017,13,4,0.7647058823529411,0.23529411764705882,100000
final,England,Jordan,17,0.00017,14,3,0.8235294117647058,0.17647058823529413,100000
final,Japan,Paraguay,17,0.00017,7,10,0.4117647058823529,0.5882352941176471,100000
final,Austria,Senegal,16,0.00016,7,9,0.4375,0.5625,100000
final,Brazil,Uzbekistan,16,0.00016,12,4,0.75,0.25,100000
final,Croatia,Paraguay,16,0.00016,6,10,0.375,0.625,100000
final,DR Congo,Mexico,16,0.00016,1,15,0.0625,0.9375,100000
final,Egypt,Uruguay,16,0.00016,8,8,0.5,0.5,100000
final,Ivory Coast,Japan,16,0.00016,6,10,0.375,0.625,100000
final,Ivory Coast,Morocco,16,0.00016,8,8,0.5,0.5,100000
final,Morocco,Panama,16,0.00016,15,1,0.9375,0.0625,100000
final,Norway,Senegal,16,0.00016,9,7,0.5625,0.4375,100000
final,Canada,England,15,0.00015,6,9,0.4,0.6,100000
final,Croatia,Switzerland,15,0.00015,9,6,0.6,0.4,100000
final,Egypt,Norway,15,0.00015,5,10,0.3333333333333333,0.6666666666666666,100000
final,Germany,Iran,15,0.00015,10,5,0.6666666666666666,0.3333333333333333,100000
final,Germany,South Korea,15,0.00015,12,3,0.8,0.2,100000
final,Ivory Coast,Norway,15,0.00015,3,12,0.2,0.8,100000
final,Japan,Scotland,15,0.00015,12,3,0.8,0.2,100000
final,Mexico,Sweden,15,0.00015,10,5,0.6666666666666666,0.3333333333333333,100000
final,New Zealand,Spain,15,0.00015,5,10,0.3333333333333333,0.6666666666666666,100000
final,Scotland,United States,15,0.00015,4,11,0.26666666666666666,0.7333333333333333,100000
final,Brazil,DR Congo,14,0.00014,10,4,0.7142857142857143,0.2857142857142857,100000
final,Canada,Sweden,14,0.00014,7,7,0.5,0.5,100000
final,Germany,Scotland,14,0.00014,12,2,0.8571428571428571,0.14285714285714285,100000
final,Algeria,Austria,13,0.00013,7,6,0.5384615384615384,0.46153846153846156,100000
final,Algeria,Croatia,13,0.00013,4,9,0.3076923076923077,0.6923076923076923,100000
final,Argentina,Iraq,13,0.00013,13,0,1.0,0.0,100000
final,Brazil,Jordan,13,0.00013,11,2,0.8461538461538461,0.15384615384615385,100000
final,Canada,Croatia,13,0.00013,5,8,0.38461538461538464,0.6153846153846154,100000
final,Colombia,DR Congo,13,0.00013,6,7,0.46153846153846156,0.5384615384615384,100000
final,Colombia,Turkey,13,0.00013,6,7,0.46153846153846156,0.5384615384615384,100000
final,Ecuador,Iran,13,0.00013,7,6,0.5384615384615384,0.46153846153846156,100000
final,England,New Zealand,13,0.00013,11,2,0.8461538461538461,0.15384615384615385,100000
final,Iran,Uruguay,13,0.00013,6,7,0.46153846153846156,0.5384615384615384,100000
final,Jordan,Netherlands,13,0.00013,7,6,0.5384615384615384,0.46153846153846156,100000
final,Morocco,Uzbekistan,13,0.00013,9,4,0.6923076923076923,0.3076923076923077,100000
final,Algeria,Norway,12,0.00012,4,8,0.3333333333333333,0.6666666666666666,100000
final,Algeria,Switzerland,12,0.00012,3,9,0.25,0.75,100000
final,Canada,Ivory Coast,12,0.00012,7,5,0.5833333333333334,0.4166666666666667,100000
final,Canada,Paraguay,12,0.00012,5,7,0.4166666666666667,0.5833333333333334,100000
final,Croatia,Iran,12,0.00012,7,5,0.5833333333333334,0.4166666666666667,100000
final,Ecuador,Senegal,12,0.00012,5,7,0.4166666666666667,0.5833333333333334,100000
final,Egypt,Ivory Coast,12,0.00012,4,8,0.3333333333333333,0.6666666666666666,100000
final,Ghana,Mexico,12,0.00012,2,10,0.16666666666666666,0.8333333333333334,100000
final,Iran,Ivory Coast,12,0.00012,8,4,0.6666666666666666,0.3333333333333333,100000
final,Iran,Senegal,12,0.00012,7,5,0.5833333333333334,0.4166666666666667,100000
final,South Korea,Sweden,12,0.00012,4,8,0.3333333333333333,0.6666666666666666,100000
final,Sweden,United States,12,0.00012,5,7,0.4166666666666667,0.5833333333333334,100000
final,Algeria,Canada,11,0.00011,6,5,0.5454545454545454,0.45454545454545453,100000
final,Argentina,New Zealand,11,0.00011,10,1,0.9090909090909091,0.09090909090909091,100000
final,Argentina,Saudi Arabia,11,0.00011,10,1,0.9090909090909091,0.09090909090909091,100000
final,Argentina,South Africa,11,0.00011,10,1,0.9090909090909091,0.09090909090909091,100000
final,Australia,Paraguay,11,0.00011,6,5,0.5454545454545454,0.45454545454545453,100000
final,Australia,Scotland,11,0.00011,8,3,0.7272727272727273,0.2727272727272727,100000
final,Belgium,Ivory Coast,11,0.00011,8,3,0.7272727272727273,0.2727272727272727,100000
final,Brazil,Turkey,11,0.00011,6,5,0.5454545454545454,0.45454545454545453,100000
final,DR Congo,Netherlands,11,0.00011,4,7,0.36363636363636365,0.6363636363636364,100000
final,DR Congo,Portugal,11,0.00011,6,5,0.5454545454545454,0.45454545454545453,100000
final,Ecuador,Egypt,11,0.00011,9,2,0.8181818181818182,0.18181818181818182,100000
final,France,New Zealand,11,0.00011,9,2,0.8181818181818182,0.18181818181818182,100000
final,Iran,Norway,11,0.00011,8,3,0.7272727272727273,0.2727272727272727,100000
final,Iraq,Spain,11,0.00011,1,10,0.09090909090909091,0.9090909090909091,100000
final,Ivory Coast,South Korea,11,0.00011,6,5,0.5454545454545454,0.45454545454545453,100000
final,Japan,Panama,11,0.00011,7,4,0.6363636363636364,0.36363636363636365,100000
final,Jordan,United States,11,0.00011,3,8,0.2727272727272727,0.7272727272727273,100000
final,Norway,Paraguay,11,0.00011,3,8,0.2727272727272727,0.7272727272727273,100000
final,Australia,Senegal,10,0.0001,4,6,0.4,0.6,100000
final,Australia,United States,10,0.0001,4,6,0.4,0.6,100000
final,Austria,Scotland,10,0.0001,6,4,0.6,0.4,100000
final,Austria,Sweden,10,0.0001,6,4,0.6,0.4,100000
final,Belgium,Uzbekistan,10,0.0001,7,3,0.7,0.3,100000
final,Croatia,South Korea,10,0.0001,8,2,0.8,0.2,100000
final,DR Congo,Morocco,10,0.0001,2,8,0.2,0.8,100000
final,Ecuador,Uruguay,10,0.0001,3,7,0.3,0.7,100000
final,Germany,Turkey,10,0.0001,8,2,0.8,0.2,100000
final,Ghana,Netherlands,10,0.0001,1,9,0.1,0.9,100000
final,Mexico,Turkey,10,0.0001,5,5,0.5,0.5,100000
final,Panama,United States,10,0.0001,4,6,0.4,0.6,100000
final,Portugal,Turkey,10,0.0001,5,5,0.5,0.5,100000
final,Scotland,Uruguay,10,0.0001,4,6,0.4,0.6,100000
final,Senegal,Uruguay,10,0.0001,3,7,0.3,0.7,100000
final,Sweden,Uruguay,10,0.0001,7,3,0.7,0.3,100000
final,Algeria,Belgium,9,9e-05,1,8,0.1111111111111111,0.8888888888888888,100000
final,Argentina,Bosnia and Herzegovina,9,9e-05,9,0,1.0,0.0,100000
final,Argentina,Cape Verde,9,9e-05,8,1,0.8888888888888888,0.1111111111111111,100000
final,Australia,Panama,9,9e-05,4,5,0.4444444444444444,0.5555555555555556,100000
final,Austria,Ecuador,9,9e-05,7,2,0.7777777777777778,0.2222222222222222,100000
final,Austria,Ivory Coast,9,9e-05,5,4,0.5555555555555556,0.4444444444444444,100000
final,Bosnia and Herzegovina,Spain,9,9e-05,1,8,0.1111111111111111,0.8888888888888888,100000
final,Colombia,Jordan,9,9e-05,6,3,0.6666666666666666,0.3333333333333333,100000
final,Czechia,Mexico,9,9e-05,4,5,0.4444444444444444,0.5555555555555556,100000
final,France,Iraq,9,9e-05,5,4,0.5555555555555556,0.4444444444444444,100000
final,Germany,Jordan,9,9e-05,8,1,0.8888888888888888,0.1111111111111111,100000
final,Ivory Coast,Uruguay,9,9e-05,3,6,0.3333333333333333,0.6666666666666666,100000
final,Japan,Uzbekistan,9,9e-05,5,4,0.5555555555555556,0.4444444444444444,100000
final,Norway,Sweden,9,9e-05,8,1,0.8888888888888888,0.1111111111111111,100000
final,Norway,Turkey,9,9e-05,4,5,0.4444444444444444,0.5555555555555556,100000
final,Australia,Austria,8,8e-05,1,7,0.125,0.875,100000
final,Belgium,DR Congo,8,8e-05,5,3,0.625,0.375,100000
final,Belgium,Scotland,8,8e-05,5,3,0.625,0.375,100000
final,Belgium,Senegal,8,8e-05,5,3,0.625,0.375,100000
final,Cape Verde,Spain,8,8e-05,1,7,0.125,0.875,100000
final,Czechia,Netherlands,8,8e-05,3,5,0.375,0.625,100000
final,DR Congo,Ecuador,8,8e-05,0,8,0.0,1.0,100000
final,DR Congo,United States,8,8e-05,2,6,0.25,0.75,100000
final,United States,Uzbekistan,8,8e-05,4,4,0.5,0.5,100000
final,Algeria,Ecuador,7,7e-05,0,7,0.0,1.0,100000
final,Austria,Panama,7,7e-05,5,2,0.7142857142857143,0.2857142857142857,100000
final,Belgium,Ecuador,7,7e-05,6,1,0.8571428571428571,0.14285714285714285,100000
final,Belgium,Panama,7,7e-05,4,3,0.5714285714285714,0.42857142857142855,100000
final,Belgium,Sweden,7,7e-05,3,4,0.42857142857142855,0.5714285714285714,100000
final,Brazil,Cape Verde,7,7e-05,6,1,0.8571428571428571,0.14285714285714285,100000
final,Cape Verde,France,7,7e-05,0,7,0.0,1.0,100000
final,Colombia,Czechia,7,7e-05,6,1,0.8571428571428571,0.14285714285714285,100000
final,Colombia,Ghana,7,7e-05,7,0,1.0,0.0,100000
final,Croatia,Egypt,7,7e-05,5,2,0.7142857142857143,0.2857142857142857,100000
final,DR Congo,England,7,7e-05,2,5,0.2857142857142857,0.7142857142857143,100000
final,Egypt,Senegal,7,7e-05,4,3,0.5714285714285714,0.42857142857142855,100000
final,England,Saudi Arabia,7,7e-05,6,1,0.8571428571428571,0.14285714285714285,100000
final,Germany,Uzbekistan,7,7e-05,5,2,0.7142857142857143,0.2857142857142857,100000
final,Ghana,Japan,7,7e-05,1,6,0.14285714285714285,0.8571428571428571,100000
final,Ghana,United States,7,7e-05,1,6,0.14285714285714285,0.8571428571428571,100000
final,Iran,Paraguay,7,7e-05,3,4,0.42857142857142855,0.5714285714285714,100000
final,Iran,Sweden,7,7e-05,4,3,0.5714285714285714,0.42857142857142855,100000
final,Iran,Switzerland,7,7e-05,3,4,0.42857142857142855,0.5714285714285714,100000
final,Japan,Jordan,7,7e-05,7,0,1.0,0.0,100000
final,Jordan,Morocco,7,7e-05,0,7,0.0,1.0,100000
final,Morocco,Turkey,7,7e-05,5,2,0.7142857142857143,0.2857142857142857,100000
final,Norway,Panama,7,7e-05,4,3,0.5714285714285714,0.42857142857142855,100000
final,Paraguay,South Korea,7,7e-05,2,5,0.2857142857142857,0.7142857142857143,100000
final,Paraguay,United States,7,7e-05,4,3,0.5714285714285714,0.42857142857142855,100000
final,Portugal,Uzbekistan,7,7e-05,4,3,0.5714285714285714,0.42857142857142855,100000
final,South Africa,Spain,7,7e-05,0,7,0.0,1.0,100000
final,Algeria,Australia,6,6e-05,3,3,0.5,0.5,100000
final,Algeria,Iran,6,6e-05,4,2,0.6666666666666666,0.3333333333333333,100000
final,Australia,Uzbekistan,6,6e-05,3,3,0.5,0.5,100000
final,Austria,DR Congo,6,6e-05,3,3,0.5,0.5,100000
final,Austria,Paraguay,6,6e-05,4,2,0.6666666666666666,0.3333333333333333,100000
final,Austria,Uzbekistan,6,6e-05,2,4,0.3333333333333333,0.6666666666666666,100000
final,Belgium,Paraguay,6,6e-05,5,1,0.8333333333333334,0.16666666666666666,100000
final,Bosnia and Herzegovina,Japan,6,6e-05,2,4,0.3333333333333333,0.6666666666666666,100000
final,Brazil,Ghana,6,6e-05,4,2,0.6666666666666666,0.3333333333333333,100000
final,Brazil,Iraq,6,6e-05,6,0,1.0,0.0,100000
final,Cape Verde,England,6,6e-05,0,6,0.0,1.0,100000
final,Czechia,United States,6,6e-05,1,5,0.16666666666666666,0.8333333333333334,100000
final,DR Congo,Germany,6,6e-05,0,6,0.0,1.0,100000
final,DR Congo,Japan,6,6e-05,2,4,0.3333333333333333,0.6666666666666666,100000
final,Ecuador,Mexico,6,6e-05,4,2,0.6666666666666666,0.3333333333333333,100000
final,Egypt,Sweden,6,6e-05,3,3,0.5,0.5,100000
final,Egypt,Switzerland,6,6e-05,2,4,0.3333333333333333,0.6666666666666666,100000
final,Germany,Iraq,6,6e-05,6,0,1.0,0.0,100000
final,Iraq,Japan,6,6e-05,1,5,0.16666666666666666,0.8333333333333334,100000
final,Jordan,Mexico,6,6e-05,2,4,0.3333333333333333,0.6666666666666666,100000
final,Norway,Scotland,6,6e-05,2,4,0.3333333333333333,0.6666666666666666,100000
final,Panama,Senegal,6,6e-05,4,2,0.6666666666666666,0.3333333333333333,100000
final,Saudi Arabia,Spain,6,6e-05,4,2,0.6666666666666666,0.3333333333333333,100000
final,Turkey,Uruguay,6,6e-05,3,3,0.5,0.5,100000
final,Austria,Turkey,5,5e-05,0,5,0.0,1.0,100000
final,Belgium,Czechia,5,5e-05,2,3,0.4,0.6,100000
final,Belgium,Ghana,5,5e-05,4,1,0.8,0.2,100000
final,Bosnia and Herzegovina,France,5,5e-05,0,5,0.0,1.0,100000
final,Brazil,Saudi Arabia,5,5e-05,4,1,0.8,0.2,100000
final,Colombia,Iraq,5,5e-05,1,4,0.2,0.8,100000
final,Colombia,New Zealand,5,5e-05,5,0,1.0,0.0,100000
final,Croatia,Panama,5,5e-05,3,2,0.6,0.4,100000
final,Czechia,Portugal,5,5e-05,1,4,0.2,0.8,100000
final,Egypt,South Korea,5,5e-05,3,2,0.6,0.4,100000
final,France,South Africa,5,5e-05,4,1,0.8,0.2,100000
final,Jordan,Norway,5,5e-05,1,4,0.2,0.8,100000
final,Netherlands,New Zealand,5,5e-05,5,0,1.0,0.0,100000
final,Norway,Uzbekistan,5,5e-05,4,1,0.8,0.2,100000
final,Paraguay,Scotland,5,5e-05,2,3,0.4,0.6,100000
final,Paraguay,Senegal,5,5e-05,3,2,0.6,0.4,100000
final,Paraguay,Uruguay,5,5e-05,2,3,0.4,0.6,100000
final,Algeria,Egypt,4,4e-05,3,1,0.75,0.25,100000
final,Algeria,Paraguay,4,4e-05,3,1,0.75,0.25,100000
final,Algeria,South Korea,4,4e-05,0,4,0.0,1.0,100000
final,Algeria,Uruguay,4,4e-05,0,4,0.0,1.0,100000
final,Australia,DR Congo,4,4e-05,2,2,0.5,0.5,100000
final,Australia,Ecuador,4,4e-05,2,2,0.5,0.5,100000
final,Brazil,New Zealand,4,4e-05,4,0,1.0,0.0,100000
final,Canada,Panama,4,4e-05,3,1,0.75,0.25,100000
final,Canada,Turkey,4,4e-05,0,4,0.0,1.0,100000
final,Cape Verde,Germany,4,4e-05,0,4,0.0,1.0,100000
final,Czechia,Morocco,4,4e-05,1,3,0.25,0.75,100000
final,Ecuador,Panama,4,4e-05,3,1,0.75,0.25,100000
final,Ecuador,Sweden,4,4e-05,2,2,0.5,0.5,100000
final,Egypt,Iran,4,4e-05,2,2,0.5,0.5,100000
final,Egypt,Paraguay,4,4e-05,1,3,0.25,0.75,100000
final,France,Saudi Arabia,4,4e-05,3,1,0.75,0.25,100000
final,Germany,New Zealand,4,4e-05,3,1,0.75,0.25,100000
final,Ghana,Morocco,4,4e-05,1,3,0.25,0.75,100000
final,Iraq,Switzerland,4,4e-05,3,1,0.75,0.25,100000
final,Morocco,Saudi Arabia,4,4e-05,4,0,1.0,0.0,100000
final,Panama,South Korea,4,4e-05,2,2,0.5,0.5,100000
final,Saudi Arabia,Switzerland,4,4e-05,0,4,0.0,1.0,100000
final,Scotland,Sweden,4,4e-05,3,1,0.75,0.25,100000
final,Scotland,Switzerland,4,4e-05,2,2,0.5,0.5,100000
final,South Korea,Switzerland,4,4e-05,1,3,0.25,0.75,100000
final,Switzerland,Turkey,4,4e-05,2,2,0.5,0.5,100000
final,Uruguay,Uzbekistan,4,4e-05,4,0,1.0,0.0,100000
final,Australia,Czechia,3,3e-05,3,0,1.0,0.0,100000
final,Australia,Ivory Coast,3,3e-05,1,2,0.3333333333333333,0.6666666666666666,100000
final,Australia,Sweden,3,3e-05,2,1,0.6666666666666666,0.3333333333333333,100000
final,Austria,Ghana,3,3e-05,3,0,1.0,0.0,100000
final,Belgium,Jordan,3,3e-05,2,1,0.6666666666666666,0.3333333333333333,100000
final,Belgium,Turkey,3,3e-05,1,2,0.3333333333333333,0.6666666666666666,100000
final,Bosnia and Herzegovina,Brazil,3,3e-05,0,3,0.0,1.0,100000
final,Bosnia and Herzegovina,Netherlands,3,3e-05,1,2,0.3333333333333333,0.6666666666666666,100000
final,Brazil,Czechia,3,3e-05,3,0,1.0,0.0,100000
final,Canada,Egypt,3,3e-05,2,1,0.6666666666666666,0.3333333333333333,100000
final,Canada,Iran,3,3e-05,0,3,0.0,1.0,100000
final,Canada,Uzbekistan,3,3e-05,1,2,0.3333333333333333,0.6666666666666666,100000
final,Cape Verde,Croatia,3,3e-05,1,2,0.3333333333333333,0.6666666666666666,100000
final,Colombia,South Africa,3,3e-05,3,0,1.0,0.0,100000
final,Croatia,Jordan,3,3e-05,3,0,1.0,0.0,100000
final,Croatia,Scotland,3,3e-05,2,1,0.6666666666666666,0.3333333333333333,100000
final,Croatia,Uzbekistan,3,3e-05,3,0,1.0,0.0,100000
final,Czechia,Japan,3,3e-05,0,3,0.0,1.0,100000
final,DR Congo,Norway,3,3e-05,0,3,0.0,1.0,100000
final,DR Congo,Uruguay,3,3e-05,0,3,0.0,1.0,100000
final,Ecuador,Scotland,3,3e-05,3,0,1.0,0.0,100000
final,Ghana,Portugal,3,3e-05,0,3,0.0,1.0,100000
final,Ghana,Uruguay,3,3e-05,0,3,0.0,1.0,100000
final,Iran,South Korea,3,3e-05,1,2,0.3333333333333333,0.6666666666666666,100000
final,Iraq,Mexico,3,3e-05,0,3,0.0,1.0,100000
final,Ivory Coast,Mexico,3,3e-05,0,3,0.0,1.0,100000
final,Ivory Coast,Panama,3,3e-05,3,0,1.0,0.0,100000
final,Ivory Coast,Scotland,3,3e-05,0,3,0.0,1.0,100000
final,Japan,Turkey,3,3e-05,1,2,0.3333333333333333,0.6666666666666666,100000
final,Jordan,Portugal,3,3e-05,1,2,0.3333333333333333,0.6666666666666666,100000
final,Mexico,South Africa,3,3e-05,2,1,0.6666666666666666,0.3333333333333333,100000
final,Morocco,South Africa,3,3e-05,2,1,0.6666666666666666,0.3333333333333333,100000
final,Panama,Sweden,3,3e-05,2,1,0.6666666666666666,0.3333333333333333,100000
final,Panama,Switzerland,3,3e-05,2,1,0.6666666666666666,0.3333333333333333,100000
final,Paraguay,Uzbekistan,3,3e-05,3,0,1.0,0.0,100000
final,South Africa,United States,3,3e-05,2,1,0.6666666666666666,0.3333333333333333,100000
final,Sweden,Uzbekistan,3,3e-05,3,0,1.0,0.0,100000
final,Switzerland,Uzbekistan,3,3e-05,2,1,0.6666666666666666,0.3333333333333333,100000
final,Turkey,United States,3,3e-05,1,2,0.3333333333333333,0.6666666666666666,100000
final,Turkey,Uzbekistan,3,3e-05,2,1,0.6666666666666666,0.3333333333333333,100000
final,Algeria,Panama,2,2e-05,1,1,0.5,0.5,100000
final,Algeria,Senegal,2,2e-05,1,1,0.5,0.5,100000
final,Algeria,Sweden,2,2e-05,0,2,0.0,1.0,100000
final,Australia,New Zealand,2,2e-05,1,1,0.5,0.5,100000
final,Australia,Turkey,2,2e-05,2,0,1.0,0.0,100000
final,Austria,Czechia,2,2e-05,1,1,0.5,0.5,100000
final,Austria,Jordan,2,2e-05,2,0,1.0,0.0,100000
final,Belgium,Cape Verde,2,2e-05,2,0,1.0,0.0,100000
final,Belgium,Saudi Arabia,2,2e-05,2,0,1.0,0.0,100000
final,Bosnia and Herzegovina,Canada,2,2e-05,0,2,0.0,1.0,100000
final,Bosnia and Herzegovina,England,2,2e-05,0,2,0.0,1.0,100000
final,Bosnia and Herzegovina,Mexico,2,2e-05,0,2,0.0,1.0,100000
final,Bosnia and Herzegovina,Norway,2,2e-05,1,1,0.5,0.5,100000
final,Bosnia and Herzegovina,Portugal,2,2e-05,1,1,0.5,0.5,100000
final,Canada,Cape Verde,2,2e-05,0,2,0.0,1.0,100000
final,Canada,DR Congo,2,2e-05,2,0,1.0,0.0,100000
final,Canada,Iraq,2,2e-05,2,0,1.0,0.0,100000
final,Canada,South Korea,2,2e-05,2,0,1.0,0.0,100000
final,Cape Verde,Iran,2,2e-05,2,0,1.0,0.0,100000
final,Cape Verde,Mexico,2,2e-05,0,2,0.0,1.0,100000
final,Cape Verde,Netherlands,2,2e-05,0,2,0.0,1.0,100000
final,Cape Verde,Norway,2,2e-05,1,1,0.5,0.5,100000
final,Cape Verde,Portugal,2,2e-05,0,2,0.0,1.0,100000
final,Croatia,DR Congo,2,2e-05,0,2,0.0,1.0,100000
final,Croatia,Ghana,2,2e-05,1,1,0.5,0.5,100000
final,Croatia,Iraq,2,2e-05,1,1,0.5,0.5,100000
final,Croatia,New Zealand,2,2e-05,2,0,1.0,0.0,100000
final,Croatia,Saudi Arabia,2,2e-05,1,1,0.5,0.5,100000
final,Croatia,Turkey,2,2e-05,2,0,1.0,0.0,100000
final,Curaçao,France,2,2e-05,0,2,0.0,1.0,100000
final,Czechia,Iran,2,2e-05,0,2,0.0,1.0,100000
final,Czechia,Norway,2,2e-05,1,1,0.5,0.5,100000
final,Czechia,South Korea,2,2e-05,0,2,0.0,1.0,100000
final,DR Congo,Egypt,2,2e-05,0,2,0.0,1.0,100000
final,DR Congo,Iran,2,2e-05,0,2,0.0,1.0,100000
final,DR Congo,Paraguay,2,2e-05,2,0,1.0,0.0,100000
final,DR Congo,Senegal,2,2e-05,2,0,1.0,0.0,100000
final,DR Congo,South Korea,2,2e-05,1,1,0.5,0.5,100000
final,DR Congo,Sweden,2,2e-05,1,1,0.5,0.5,100000
final,Ecuador,Ghana,2,2e-05,2,0,1.0,0.0,100000
final,Ecuador,Jordan,2,2e-05,2,0,1.0,0.0,100000
final,Ecuador,South Africa,2,2e-05,2,0,1.0,0.0,100000
final,Ecuador,Uzbekistan,2,2e-05,1,1,0.5,0.5,100000
final,Egypt,Panama,2,2e-05,0,2,0.0,1.0,100000
final,Egypt,Scotland,2,2e-05,1,1,0.5,0.5,100000
final,Egypt,Uzbekistan,2,2e-05,1,1,0.5,0.5,100000
final,Germany,Saudi Arabia,2,2e-05,1,1,0.5,0.5,100000
final,Ghana,Ivory Coast,2,2e-05,1,1,0.5,0.5,100000
final,Ghana,Paraguay,2,2e-05,0,2,0.0,1.0,100000
final,Ghana,Senegal,2,2e-05,1,1,0.5,0.5,100000
final,Iran,Turkey,2,2e-05,2,0,1.0,0.0,100000
final,Iran,Uzbekistan,2,2e-05,2,0,1.0,0.0,100000
final,Iraq,Netherlands,2,2e-05,0,2,0.0,1.0,100000
final,Iraq,Portugal,2,2e-05,0,2,0.0,1.0,100000
final,Iraq,Uruguay,2,2e-05,0,2,0.0,1.0,100000
final,Ivory Coast,Paraguay,2,2e-05,2,0,1.0,0.0,100000
final,Ivory Coast,Senegal,2,2e-05,0,2,0.0,1.0,100000
final,Ivory Coast,Turkey,2,2e-05,1,1,0.5,0.5,100000
final,Japan,Saudi Arabia,2,2e-05,1,1,0.5,0.5,100000
final,Jordan,Paraguay,2,2e-05,1,1,0.5,0.5,100000
final,Jordan,Senegal,2,2e-05,1,1,0.5,0.5,100000
final,Jordan,South Korea,2,2e-05,0,2,0.0,1.0,100000
final,Jordan,Uruguay,2,2e-05,0,2,0.0,1.0,100000
final,Mexico,New Zealand,2,2e-05,2,0,1.0,0.0,100000
final,Mexico,Saudi Arabia,2,2e-05,2,0,1.0,0.0,100000
final,New Zealand,Portugal,2,2e-05,1,1,0.5,0.5,100000
final,New Zealand,South Korea,2,2e-05,1,1,0.5,0.5,100000
final,Paraguay,Sweden,2,2e-05,0,2,0.0,1.0,100000
final,Portugal,Saudi Arabia,2,2e-05,1,1,0.5,0.5,100000
final,Qatar,Spain,2,2e-05,1,1,0.5,0.5,100000
final,Saudi Arabia,United States,2,2e-05,0,2,0.0,1.0,100000
final,Scotland,Senegal,2,2e-05,1,1,0.5,0.5,100000
final,South Korea,Uzbekistan,2,2e-05,0,2,0.0,1.0,100000
final,Algeria,Czechia,1,1e-05,1,0,1.0,0.0,100000
final,Algeria,Ivory Coast,1,1e-05,1,0,1.0,0.0,100000
final,Algeria,New Zealand,1,1e-05,1,0,1.0,0.0,100000
final,Algeria,Saudi Arabia,1,1e-05,1,0,1.0,0.0,100000
final,Argentina,Curaçao,1,1e-05,1,0,1.0,0.0,100000
final,Australia,Cape Verde,1,1e-05,0,1,0.0,1.0,100000
final,Australia,Jordan,1,1e-05,1,0,1.0,0.0,100000
final,Australia,Saudi Arabia,1,1e-05,1,0,1.0,0.0,100000
final,Austria,Cape Verde,1,1e-05,1,0,1.0,0.0,100000
final,Austria,Curaçao,1,1e-05,1,0,1.0,0.0,100000
final,Austria,Iraq,1,1e-05,0,1,0.0,1.0,100000
final,Austria,New Zealand,1,1e-05,1,0,1.0,0.0,100000
final,Austria,South Africa,1,1e-05,1,0,1.0,0.0,100000
final,Bosnia and Herzegovina,Colombia,1,1e-05,1,0,1.0,0.0,100000
final,Bosnia and Herzegovina,Germany,1,1e-05,0,1,0.0,1.0,100000
final,Bosnia and Herzegovina,Scotland,1,1e-05,1,0,1.0,0.0,100000
final,Bosnia and Herzegovina,Switzerland,1,1e-05,0,1,0.0,1.0,100000
final,Bosnia and Herzegovina,United States,1,1e-05,0,1,0.0,1.0,100000
final,Brazil,Curaçao,1,1e-05,1,0,1.0,0.0,100000
final,Brazil,Qatar,1,1e-05,0,1,0.0,1.0,100000
final,Brazil,South Africa,1,1e-05,1,0,1.0,0.0,100000
final,Canada,New Zealand,1,1e-05,0,1,0.0,1.0,100000
final,Cape Verde,Colombia,1,1e-05,0,1,0.0,1.0,100000
final,Cape Verde,Morocco,1,1e-05,0,1,0.0,1.0,100000
final,Cape Verde,Panama,1,1e-05,0,1,0.0,1.0,100000
final,Cape Verde,Paraguay,1,1e-05,1,0,1.0,0.0,100000
final,Cape Verde,Sweden,1,1e-05,0,1,0.0,1.0,100000
final,Cape Verde,Switzerland,1,1e-05,0,1,0.0,1.0,100000
final,Cape Verde,Uruguay,1,1e-05,1,0,1.0,0.0,100000
final,Colombia,Haiti,1,1e-05,0,1,0.0,1.0,100000
final,Colombia,Saudi Arabia,1,1e-05,1,0,1.0,0.0,100000
final,Croatia,Qatar,1,1e-05,0,1,0.0,1.0,100000
final,Curaçao,England,1,1e-05,0,1,0.0,1.0,100000
final,Czechia,Ivory Coast,1,1e-05,1,0,1.0,0.0,100000
final,Czechia,Panama,1,1e-05,1,0,1.0,0.0,100000
final,Czechia,Senegal,1,1e-05,1,0,1.0,0.0,100000
final,Czechia,Sweden,1,1e-05,1,0,1.0,0.0,100000
final,Czechia,Uzbekistan,1,1e-05,0,1,0.0,1.0,100000
final,DR Congo,Ivory Coast,1,1e-05,1,0,1.0,0.0,100000
final,DR Congo,Scotland,1,1e-05,1,0,1.0,0.0,100000
final,DR Congo,Switzerland,1,1e-05,0,1,0.0,1.0,100000
final,Ecuador,Paraguay,1,1e-05,0,1,0.0,1.0,100000
final,Ecuador,Turkey,1,1e-05,0,1,0.0,1.0,100000
final,Egypt,Jordan,1,1e-05,0,1,0.0,1.0,100000
final,Egypt,Saudi Arabia,1,1e-05,0,1,0.0,1.0,100000
final,Egypt,Turkey,1,1e-05,1,0,1.0,0.0,100000
final,England,Ghana,1,1e-05,1,0,1.0,0.0,100000
final,France,Qatar,1,1e-05,1,0,1.0,0.0,100000
final,Germany,Ghana,1,1e-05,1,0,1.0,0.0,100000
final,Ghana,South Korea,1,1e-05,1,0,1.0,0.0,100000
final,Ghana,Sweden,1,1e-05,0,1,0.0,1.0,100000
final,Iran,Jordan,1,1e-05,1,0,1.0,0.0,100000
final,Iran,Panama,1,1e-05,1,0,1.0,0.0,100000
final,Iran,Scotland,1,1e-05,1,0,1.0,0.0,100000
final,Iraq,Morocco,1,1e-05,0,1,0.0,1.0,100000
final,Iraq,Panama,1,1e-05,0,1,0.0,1.0,100000
final,Iraq,South Korea,1,1e-05,0,1,0.0,1.0,100000
final,Iraq,Sweden,1,1e-05,1,0,1.0,0.0,100000
final,Iraq,Turkey,1,1e-05,0,1,0.0,1.0,100000
final,Ivory Coast,Jordan,1,1e-05,1,0,1.0,0.0,100000
final,Ivory Coast,New Zealand,1,1e-05,0,1,0.0,1.0,100000
final,Ivory Coast,Sweden,1,1e-05,1,0,1.0,0.0,100000
final,Ivory Coast,Uzbekistan,1,1e-05,0,1,0.0,1.0,100000
final,Japan,New Zealand,1,1e-05,1,0,1.0,0.0,100000
final,Japan,Qatar,1,1e-05,0,1,0.0,1.0,100000
final,Japan,South Africa,1,1e-05,1,0,1.0,0.0,100000
final,Jordan,Panama,1,1e-05,0,1,0.0,1.0,100000
final,Jordan,Scotland,1,1e-05,1,0,1.0,0.0,100000
final,Jordan,Switzerland,1,1e-05,0,1,0.0,1.0,100000
final,Jordan,Uzbekistan,1,1e-05,1,0,1.0,0.0,100000
final,Morocco,New Zealand,1,1e-05,1,0,1.0,0.0,100000
final,Netherlands,Qatar,1,1e-05,1,0,1.0,0.0,100000
final,Netherlands,Saudi Arabia,1,1e-05,0,1,0.0,1.0,100000
final,Netherlands,South Africa,1,1e-05,1,0,1.0,0.0,100000
final,New Zealand,Norway,1,1e-05,0,1,0.0,1.0,100000
final,New Zealand,Senegal,1,1e-05,0,1,0.0,1.0,100000
final,New Zealand,South Africa,1,1e-05,0,1,0.0,1.0,100000
final,New Zealand,Switzerland,1,1e-05,1,0,1.0,0.0,100000
final,Norway,Saudi Arabia,1,1e-05,1,0,1.0,0.0,100000
final,Panama,Paraguay,1,1e-05,1,0,1.0,0.0,100000
final,Panama,Uruguay,1,1e-05,0,1,0.0,1.0,100000
final,Paraguay,South Africa,1,1e-05,1,0,1.0,0.0,100000
final,Portugal,Qatar,1,1e-05,0,1,0.0,1.0,100000
final,Portugal,South Africa,1,1e-05,1,0,1.0,0.0,100000
final,Saudi Arabia,Scotland,1,1e-05,0,1,0.0,1.0,100000
final,Saudi Arabia,South Korea,1,1e-05,0,1,0.0,1.0,100000
final,Saudi Arabia,Uruguay,1,1e-05,0,1,0.0,1.0,100000
final,Saudi Arabia,Uzbekistan,1,1e-05,0,1,0.0,1.0,100000
final,Scotland,South Korea,1,1e-05,0,1,0.0,1.0,100000
final,Senegal,Sweden,1,1e-05,0,1,0.0,1.0,100000
final,Senegal,Turkey,1,1e-05,1,0,1.0,0.0,100000
final,Senegal,Uzbekistan,1,1e-05,0,1,0.0,1.0,100000
